:020000022000DC
:107000000000042035C302005DC302005FC302001C
:1070100061C3020063C3020065C3020000000000F8
:1070200000000000000000000000000067C3020034
:1070300069C3020000000000000000000000000022
:10704000A50905006BC3020039280500910F050052
:107050006BC30200E5050500BD03050001C805007E
:10706000BD0E0500D10E0500E50E05006BC3020044
:107070006BC302006BC302006BC302006BC3020050
:1070800005D5050051D304006BC302006BC3020099
:107090006BC302006BC30200ADF004006BC30200BF
:1070A0006BC302006BC30200F90E05000D0F050053
:1070B0006BC302006BC30200000000000000000070
:1070C0006BC302006BC302006BC302003DCD050021
:1070D000D50B05006BC302006BC3020049250500F8
:1070E000C5E505006BC30200050D060000000000A9
:1070F000000000006BC30200000000000DD105007D
:10710000000000000000000000000000000000007F
:10711000000000000000000000000000000000006F
:10712000000000000000000000000000000000005F
:10713000000000000000000000000000000000004F
:10714000000000000000000000000000000000003F
:10715000000000000000000000000000000000002F
:10716000000000000000000000000000000000001F
:10717000000000000000000000000000000000000F
:1071800000000000000000000000000000000000FF
:1071900000000000000000000000000000000000EF
:1071A00000000000000000000000000000000000DF
:1071B00000000000000000000000000000000000CF
:1071C00000000000000000000000000000000000BF
:1071D00000000000000000000000000000000000AF
:1071E000000000000000000000000000000000009F
:1071F000000000000000000000000000000000008F
:1072000010B5054C237833B9044B13B10448AFF3E0
:1072100000800123237010BDC0D1002000000000B9
:107220007C30070008B5034B1BB103490348AFF39B
:10723000008008BD00000000C4D100207C300700A1
:10724000154B002B08BF134B9D46A3F5803A002138
:107250008B460F461348144A121A02F0D9FE0F4B00
:10726000002B00D098470E4B002B00D098470020F1
:10727000002104000D000D48002802D00C48AFF397
:10728000008002F069FE2000290002F0EDFB02F010
:107290004FFE00BF000008000000042000000000B6
:1072A00000000000C0D1002024D501200000000013
:1072B0000000000008B500F0EDFD10B1014B012207
:1072C0001A7008BDE1D1002008B500F0E3FD10B14F
:1072D000014B01221A7008BDE0D1002030B591B0F9
:1072E00001F07EF8012203464021684601F0ABFA26
:1072F000134C144BE41AE408051E4FEA044406DC60
:10730000114944F0020025F021F911B030BD0023ED
:10731000EAB269460B2000F01BFE30B10B492A4649
:1073200044F0030025F016F9EFE700F0B3FD08493B
:1073300002462B4644F0020025F015F9E5E700BFB0
:10734000A832070030320700206A0600376A0600BC
:10735000516A060030B50C46C1B08D18AC420ED053
:1073600014F8010B01F03EFD0128F7D1684601F049
:10737000D7FD0028F2D1684601F00AFDEEE741B0E2
:1073800030BD00F0D9BD00002DE9F043036891B095
:10739000054601220BB11343184700F081FD00F0B0
:1073A00079FD88B907F0A4FF544B1860544B2B604B
:1073B00007F09EFF514B1B68C01AB0F57A7FECD8DE
:1073C000002011B0BDE8F0834E4B4F4C4F49E41AFA
:1073D000E408240444F00304204625F0B7F84C499F
:1073E000002028F08DF900F0D9FE2046494925F00B
:1073F000ADF8002400F0A6FD002851D000F0A2FD59
:10740000414B454902463F481B1ADB081B0443F029
:10741000030025F09FF8FFF761FF00223F4B2B6030
:10742000002A69D03E4B1A781AB100221A70FFF771
:1074300055FF3C4B1A781AB3DFF808814FF000096A
:1074400083F8009000F0D6FD00F02EFE98F8003092
:10745000C31A0433082B074612D9034601224021E0
:10746000684601F0FEF9284C264BE41AE408061E93
:107470004FEA044426DC2C4944F0020025F066F86B
:1074800007F036FF294B1860294B2B6007F030FFBF
:10749000264B1B68C01A64284FF00002BED88FE745
:1074A00007F026FF234B1860234B2B6007F020FFCB
:1074B000204B1B68C01AB0F57A7F81D90134812C2A
:1074C0009CDC97E74B46F2B26946142000F040FD81
:1074D00048B11A4988F8007033463A4644F0030030
:1074E00025F041F8CCE700F0D5FC1549024644F000
:1074F000020025F02FF8C3E7012062E7E4D1002065
:10750000AC73020030320700A8320700796A060027
:10751000906A0600B26A0600D56A06001C74020072
:10752000E0D10020E1D10020E56A0600ECD1002086
:1075300088740200E8D10020A8740200FF6A0600E7
:107540001D6B060094A1002038B50368084D044661
:1075500023B900F0F3F907F0CBFE2860054B236058
:1075600007F0C6FE2B68C01A0A28F2D8002038BDE2
:10757000F0D100205C7502007FB53C493C4D3D4E8A
:10758000002028F0BDF83C4B3C4901245C60002001
:1075900028F0B6F83A49002028F0B2F800F0DEFBF7
:1075A000384800F071FC3849002028F0A9F8374924
:1075B000002028F0A5F801F003FD00F04FFA00F0DC
:1075C00003F93349002028F09BF800F0C3FE31494D
:1075D000002028F095F800F049FD2F49002028F000
:1075E0008FF801F005F82D49002028F089F800F007
:1075F0001FFF00F001FF039000F0F2FE029000F088
:1076000001FFDDE9023200902549002028F078F8DA
:107610002449002028F074F800F0C0FD2249002021
:1076200028F06EF82346214A0021284607F00BFD7A
:10763000002332461946284607F00FFD234621460F
:107640001B4A284607F0FFFC214600233246284605
:1076500007F003FD174B184900201860174B1860FE
:1076600004B0BDE8704028F04BB800BF416B060085
:10767000F9EC0020E093040000500040576B060036
:107680007E6B060055730200A96B0600CA6B0600EC
:10769000F56B0600186C0600386C0600586C060086
:1076A000796C06009B6C0600BE6C0600C972020075
:1076B000B5720200FCD10020D66C0600F8D1002083
:1076C0001FB51548FFF760FE1448FFF73DFF07F0B0
:1076D0000FFE134A136847F22F51C31A8B4288BF1B
:1076E0001060104A136842F21071C31A8B420FD90E
:1076F000106000F0CFFB039000F0CEFA029000F093
:10770000D3FCDDE9023200900749002027F0F8FFA2
:1077100005B05DF804FB00BFFCD10020F8D10020CB
:10772000DCD10020F4D10020F06C0600082882B0E3
:1077300023D8144B03EBC00133F830308A78ADF80E
:1077400004308DF80620CB888A88C978042914D89B
:10775000DFE801F003060D13100002B000F0AEBF29
:10776000002301991A46012002B000F0B7BF019929
:107770000220F9E701990420F6E76FF0150002B046
:10778000704700BF02D20020082817D80D4A0623F0
:1077900003FB002292F8480092F84910012804D017
:1077A000022806D050B900F0BDBE00231A4600F0F2
:1077B0007BBEB2F84C30B2F84A20F8E76FF0150003
:1077C000704700BF02D2002008B57E220749084852
:1077D00002F0F6FB074B08480849C01AC00800042D
:1077E00040F0030024F0B2FE002008BD046E060045
:1077F00002D2002030320700A83207005A6D06007E
:10780000194B1B782DE9F3414BBB00F045FA174F9C
:10781000DFF86880044600F04BFA3B789C4206464D
:1078200003D198F80020824215D01148114D124919
:1078300000932D1AED082D043346224645F003002F
:1078400024F09BFE20463C7088F80060FFF76EFF36
:107850002046FFF799FF00F071FF00F073FE002053
:1078600002B0BDE8F08100BF00D20020BCA1002022
:1078700030320700A83207008D6D060001D20020CB
:10788000F3B40546184604281446BDF81C30BDF86C
:1078900018200DD88DF804508DF805108DF806408D
:1078A000064E01990127377002B0F0BC00F016BFF8
:1078B0006FF0150002B0F0BC704700BF00D200208E
:1078C000022830B405D8054C0125257030BC00F0E5
:1078D000EBBD6FF0150030BC704700BF00D2002038
:1078E00010B40F4B1B78082B17D10E4B1B78A3B984
:1078F000042898BF0C4B0D4C98BF53F820200C4B1C
:1079000088BF0C4A0C49E41AE4082404034644F0F6
:1079100003005DF8044B24F026BE5DF8044B70476D
:10792000BCA1002000D20020846E0600A83207000F
:1079300030320700BA6D0600C26D060010B5FFF7C1
:1079400020FD124B1A688242044612D0186010487B
:10795000104B11491B1ADB081B0443F0030022469D
:1079600024F0F8FD0D4B1B78082B02D12046FFF7C1
:10797000B7FF0B4B1B781BB9BDE81040FFF740BFAA
:1079800000F0DCFEBDE8104000F0DCBDB8A1002036
:1079900030320700A8320700D76D0600BCA10020D6
:1079A00000D200200048704702D2002008B50146EE
:1079B0007E22024802F004FB002008BD02D2002013
:1079C0002DE9F047164BDFF85CE000249EF80070CC
:1079D0007A1EA24222DD01341A462646B74201DC55
:1079E0000833F3E793F801C0517A8C4502F108059A
:1079F00011D995E8030093F800A093F80290D3F80A
:107A0000048083E8030082F808A082F809C082F8A5
:107A10000A90C2F80C8001362A46DFE7BDE8F087FD
:107A200094D2002080D20020002838B510DB094D08
:107A30002C7884420CDDC300221A074803F10801A8
:107A4000013A0144D2001844013C02F0C7FA2C70FC
:107A500038BD00BF80D2002094D20020124B1348C2
:107A6000052210B59A700622DA7007221A710422D4
:107A70005A7103229A7102220024DA7101221A72C9
:107A8000214640225C7002F0C3FA094B09481C7081
:107A9000094B0A49C01AC008000440F0030024F052
:107AA00055FD204610BD00BF81D2002094D2002099
:107AB00080D20020A832070030320700986E0600FE
:107AC0002DE9FF47431E072B054688460FD9454B36
:107AD00045484649C01AC008000440F002002A4642
:107AE00024F038FD6FF0150004B0BDE8F087404B7E
:107AF000404F13F800903B7804280FD103B33E4B5E
:107B00005C78ECB93848374B3C49C01AC0080004CF
:107B100040F0030024F01AFD0020E5E783B1364B66
:107B20005B786BB9B9F1000F0AD02F482D4B34495F
:107B3000C01AC00800042A4640F0030024F00AFDE1
:107B40003A782D4C00239A423BDD14F83310A942B9
:107B500028D00133F7E7DFF8A0A001230AEBC20623
:107B600003FA08F3B37086F801900AF8325007F070
:107B7000BFFB70603E780136F6B23E70FFF720FF23
:107B800044F003005EB19AF801301E49CDF8008040
:107B9000CDE901632A464B4624F009FDBCE74FF0CE
:107BA000FF33F2E704EBC304012101FA08F194F872
:107BB000028048EA010884F8028007F099FB6060BF
:107BC000AAE7094C0748241AE408072A4FEA0444A4
:107BD000C1D944F001000C49082224F0BBFC6FF02D
:107BE0000B0081E730320700A8320700B86E0600AC
:107BF00081D2002080D2002094D20020D36E0600D3
:107C0000016F06005C6F06003C6F060010B50D4B5F
:107C10001B789BB10C4B5C7884B90C4B0C480D491C
:107C2000C01AC008000440F0030024F08FFC204676
:107C3000FFF7FAFEFFF7C4FE204610BD6FF001000B
:107C4000FBE700BF80D2002094D200203032070032
:107C5000A8320700926F060010B5402200210948A3
:107C600002F0D6F9084B0948094900241C70094B59
:107C7000C01AC008000440F0030024F067FC20464E
:107C800010BD00BF94D2002080D20020A83207008F
:107C9000AF6F060030320700034B1B7813B1034B64
:107CA000587870470820704780D2002094D2002076
:107CB000024B187808B1024B1878704780D2002028
:107CC00094D200200F289ABF014B185C08207047FF
:107CD00081D20020027A2AB1034B1B6813B141689C
:107CE00000781847704700BFE0D2002058B9144B05
:107CF0001448154903221A60144BC01AD0400004DE
:107D0000104324F023BC0E280BD1114B0D48114910
:107D100001221A700D4BC01AC008000440F0030085
:107D2000EFE70F280BD10A4B06480B4900221A70C7
:107D3000064BC01AC008000440F00200E1E770479B
:107D4000E4D20020A8320700CD6F060030320700D1
:107D5000DCD20020E96F0600FF6F0600F0B5344862
:107D6000344C89B007F0B6F8334BE41AE408240425
:107D7000012844F003040ED02D4807F0AFF82F4936
:107D80002F4A002808BF0A4620462E4924F0E2FB6D
:107D90002D4807F039F92D4A106851682C4A6B4676
:107DA00003C31068516803C32A4B04AA03F11007E8
:107DB000164618685968154603C50833BB422A465B
:107DC000F7D169460822244807F01BF808220DEB7A
:107DD0000201224806F0F1FF10223146204806F049
:107DE000FEFF05211F4807F061F801211E4807F03A
:107DF0004BF801211D4807F025F801211C4807F028
:107E000033F801211B4806F0B9FF00211A4807F09A
:107E10000AF81A49174806F0C0FF1949154806F034
:107E2000C4FF18490522204624F094FB09B0F0BD98
:107E300055ED0020A8320700303207001B70060005
:107E4000137006002070060090EC0020E070060021
:107E50006A7006007370060036ED002032ED0020D7
:107E600033ED002052ED00203EED00203BED0020E0
:107E70003DED002031ED002039ED0020D57C0200E1
:107E8000ED7C02003F700600014B1860704700BF98
:107E9000E0D20020014806F0E5BF00BF3CED002025
:107EA0002DE9F0411E481F4D06F0DCFF044648B1A5
:107EB0002B68032B04D003232B601B4B00221A706A
:107EC000BDE8F08107F014FA2B68184F013B012B35
:107ED000064620D9144B38601C70134C144894F893
:107EE00000800123B8F1050F28BF4FF005082B6073
:107EF00006F00DFF2378052B9CBF013323700D4B3B
:107F000053F828002378052B064488BF04233E60DD
:107F100088BF2B60D4E73B688342D1D8DDE700BF40
:107F20003CED0020E4D20020D4D20020D8D20020A2
:107F300031ED0020E8700600014B1868704700BF63
:107F4000E4D20020014B1878704700BFDCD200203B
:107F50002DE9F04F85B006461E4803931E4C0F4690
:107F6000904606F07FFF1D4BE41AE408240444F019
:107F70000204824638B91A49204624F0E7FA5046EE
:107F800005B0BDE8F08F174B93F800A0BAF1000FD1
:107F900001D11549F0E7DFF854B0DFF8549000251F
:107FA00003230193039B00933A46334641465846C8
:107FB00006F0BEFE82460028E1D101352A46494638
:107FC000204624F0C7FA4FF4FA600DF00FFA032DA3
:107FD000E6D1D4E73CED0020A8320700303207009C
:107FE00084700600DCD200209B70060031ED00207A
:107FF000B970060008B5184807F008F8DFED177AE1
:10800000174A184920EE270ABCEEC00A10EE103AB3
:108010009BB2B3F5616F138005D364230B7000230B
:10802000114A137008BD40F6B832934203D80023BA
:108030000B700123F4E76422A3F6B83353434FF4E3
:108040001672B3FBF2F20A7044F24F6293428CBF95
:1080500000230123E4E700BFF5EC002000007A4490
:10806000E8D20020BDA10020EAD2002008B5FFF729
:10807000C1FF084B0848094A09491288C01AC008BC
:10808000084B00041B7840F0030024F06CFA002039
:1080900008BD00BF30320700A8320700E8D2002038
:1080A00000710600BDA10020014B1878704700BF89
:1080B000BDA100202DE9F043314C3248022323704A
:1080C000012363700623A3700A23E370092323713D
:1080D0002D4B1A68C4F805205A681B7A63730B236A
:1080E000A373FF23E373AC23237485B00423C4F884
:1080F0000920637406F002FE0646E8B102F0D4FCE3
:108100000B2802461BD82149002027F0F9FA00234A
:108110000293ADF80C301E4BBDF80C200298C4F849
:1081200012009A80012323760C236376194B1A22BE
:108130001A7005B0BDE8F0834FF0FF32E3E716494F
:108140003246002027F0DCFA002502AFA846A946F7
:10815000ADF804908DF8068016F815308DF80430CF
:10816000731C102213F815308DF80530002101A87A
:1081700002F020FD0135062D07F8010BE8D1CAE712
:10818000EBD2002019ED00202771060031710600A6
:10819000FDD200200AD300204F71060010B5194906
:1081A000194C002027F0ACFA0121184806F09BFD7D
:1081B0004FF4FA700DF01AF9FFF77CFF227814499A
:1081C000002027F09DFA22781249134806F07FFD1F
:1081D00028B9124927F094FA6FF0040010BD104935
:1081E000002027F08DFA0F48002106F07FFD08B926
:1081F0000D49EFE723780D4A0D49002027F080FA5A
:108200000020EBE75E7106000AD3002008ED002095
:1082100080710600EBD2002029ED00209F7106003E
:10822000C771060018ED0020E371060027710600F3
:10823000087206007FB508300FC80DF1180C0CE964
:108240000F000B4A012308216846CDE9002300F006
:10825000E5FE182302906A460021064806F0E9FE72
:1082600000280CBF6FF00400002007B05DF804FB8D
:1082700041524F4CF7EC002070B590B001464023BE
:1082800010486A4606F0CBFEB8B16C460FCC0E4ED5
:1082900035460FC594E8030032680C4B9A4285E8D6
:1082A000030006D10821304600F0B8FEB3688342CF
:1082B00006D06FF0490010B070BD6FF00400FAE70F
:1082C0000020F8E7F7EC00200CD3002041524F4C7F
:1082D00010B5194C194A012308212046C4E900238E
:1082E00000F09CFE1823A06022461548002106F0ED
:1082F000A0FEE8B1134A1248136813F0010F03F10E
:108300000103136014BF4FF480514FF40051182340
:10831000224606F08EFE0C4B0C48227B0C49C01AFC
:10832000C008000440F0030024F014F9002010BD40
:108330006FF00400FBE700BF0CD3002041524F4C0C
:10834000F7EC002024D3002030320700A8320700C9
:1083500036720600F8B50020FFF78EFF1A4F18B9E5
:1083600001233B700020F8BD4FF48050FFF784FFDD
:1083700028B9012315483B70FFF75CFFF2E74FF483
:108380000050FFF779FF0028F3D0114D0F4E0FCDAD
:1083900034460FC495E8030084E803000821304602
:1083A00000F03CFE01233B70B060FFF791FF094BEA
:1083B0000948327B0949C01AC0080004F37B40F029
:1083C000030024F0D0F8CDE70BD300200CD300201D
:1083D0009472060030320700A8320700527206007D
:1083E000014B187B704700BF0CD30020014B187362
:1083F000FFF76EBF0CD30020014B987B704700BF86
:108400000CD30020014BD87B704700BF0CD3002059
:10841000064B1B7833B10022002340F6B831092007
:1084200006F018BF092006F0FBBE00BFC2A1002065
:1084300013B50121092006F0D6FE092006F0F0FE52
:10844000154B16481649C01AC008000440F0030036
:1084500040F6B8330922019024F085F811490198BB
:1084600024F074F800240022002340F6B8310920DB
:1084700006F0F0FE64200CF0B9FF092006F0D0FEF3
:10848000022C02D0C8200CF0B1FF0134032CEAD139
:10849000002002B010BD00BF30320700A832070034
:1084A000AC720600DB72060038B50A29154D164C71
:1084B00028BF0A212970154920700A80144A012812
:1084C0001380144B0CBF3C221E221A6006F010FFD2
:1084D000114B24781860114B18602CB1013C012C11
:1084E00009D96FF0150005E00D4B09201C7006F04E
:1084F00097FE002038BD0A4B01221A70FFF788FF53
:10850000F7E700BFC2A1002030D30020BEA10020A9
:10851000C0A1002028D3002034D300202CD3002079
:1085200031D3002010B5054B00241C70044B0920EA
:108530001C7006F075FE204610BD00BF30D3002031
:1085400031D3002010B5204C2378002B3AD006F010
:10855000CFFE1E4B1A681E4B1B684FF47A71C31A6C
:10856000B3FBF1F39A420DD81A4B1B481B49C01AB2
:10857000C008000440F0030023F0ECFFBDE8104009
:10858000FFF7D0BF2378022B1CD1154A1549136879
:108590000C78C31A5CB1144C24889C4212D8002376
:1085A0001060BDE8104009200B7006F039BE0F4C7A
:1085B00024889C4206D80123BDE810400B7010604F
:1085C000FFF726BF10BD00BF30D3002028D3002006
:1085D00034D3002030320700A8320700F5720600BD
:1085E0002CD3002031D30020BEA10020C0A1002048
:1085F00010B501210F2006F0F6FD00210F2006F036
:1086000009FE01200CF0F2FE114C0121182006F0A9
:10861000EAFD0121182006F0FDFD204600F012FDC4
:10862000204600F01AFF204600F066FD2046FF219C
:1086300000F0EDFE074B08480849C01AC0080F2398
:1086400000041A4640F0030023F08DFF002010BD07
:1086500040D3002030320700A83207001073060014
:108660007FB5144E03900024642530789DF80E10D9
:108670009DF80C309DF80D2011FB00F1B1FBF5F1D8
:10868000C9B213FB00F312FB00F200910A48B3FBDE
:10869000F5F3A1B2DBB20134B2FBF5F2D2B200F0D5
:1086A00091FE0F2CE1D1044800F026FD002004B01B
:1086B00070BD00BFC3A1002040D3002010B5054B02
:1086C000054800241C7000F0C8FE034800F014FDAB
:1086D000204610BD38D3002040D3002037B501918B
:1086E0001049BDF8045008700F4904469DF8060073
:1086F0000D8088700D490A800D4A13800D4B0122B0
:108700001A7006F0F5FD0C4B186024B903B0BDE8F3
:108710003040FFF7D3BF019803B0BDE83040FFF70A
:108720009FBF00BF38D3002039D30020C4A1002050
:10873000C6A1002058D300203CD30020174B1B7843
:10874000012B10B529D906F0D3FD154A1549136838
:108750000C78C31A74B1144C24889C421DD8002391
:10876000106012480B7000F078FEBDE810400F4812
:1087700000F0C2BC0E4C24889C420ED810600D4AFA
:10878000012350780B70137843EA00239078BDE8FA
:10879000104043EA0040FFF763BF10BD38D300200C
:1087A0003CD3002058D30020C4A1002040D3002097
:1087B000C6A1002039D3002010B5074C0F22114666
:1087C0002046522300F0E8FD2046044A0449BDE853
:1087D000104001F099BB00BF40D3002090A10020C1
:1087E00027900200F8B59DF818C00CF109058D42DC
:1087F0000446674624D8AA21017055214170012101
:10880000817004F1090600201946E0702271607140
:108810006246E0712072A571304601F0D1FB00F094
:108820002FF80721204600F031F83946304600F095
:108830002DF800F04DF8030A2072E3712846F8BDC8
:108840006FF01B00FBE71FB58DF80D3002238DF88C
:108850000C200093002203ABFFF7C4FF05B05DF8C6
:1088600004FB1FB58DF80D3002238DF80C2000930A
:10887000012203ABFFF7B6FF05B05DF804FB000073
:10888000014B00221A8070475AD3002070B50F4C5C
:1088900023880144002541F22106814212D010F8BC
:1088A000012B012583EA0223082213F4004F02F171
:1088B000FF324FEA430318BF734012F0FF029BB22E
:1088C000F3D1EAE705B1238070BD00BF5AD3002081
:1088D000014B1888704700BF5AD30020006800BAC7
:1088E000704710B54C1EE4B2FD2C01D8994207D157
:1088F000802807D018B1104214BF0120002010BDFD
:108900000020FCE70120FAE700207047012910B59C
:1089100003460CD81D481E4B1E49C01AC00800044F
:1089200040F0020023F012FE6FF015001BE01A4A1F
:108930005C7800781278022914BF997800210C2302
:10894000FFF7CFFFF8B17CB9114B10481349C01A9B
:10895000C008000440F0030023F0F8FDFFF77CF9A5
:10896000FEF74EFF002010BD012CDDD1084B07485B
:108970000B49C01AC008000440F0030023F0E6FDD4
:10898000FFF744F9ECE76FF00C00ECE7A8320700C2
:10899000303207003B7306005CD3002052730600A0
:1089A000667306000B292DE9F04705460DD81F4BCD
:1089B0001F482049C01AC008000440F0020023F0FC
:1089C000C5FD6FF01500BDE8F087447890F802907F
:1089D0000330FFF783FF0646E81DFFF77FFF164AC7
:1089E000EF7A127880460C2328780021FFF779FF70
:1089F000C8B114F0010310D04FF6FF739E4228BF98
:108A00001E46984528BF9846B2B21FFA88F3022046
:108A10003946BDE8F047FEF753BFB9F1000018BF73
:108A200001201A46F4E76FF00C00CCE73032070063
:108A3000A83207008A7306005CD300200E292DE9B6
:108A4000F74F04460ED8244B24482549C01AC008C5
:108A5000000440F0020023F079FD6FF0150003B030
:108A6000BDE8F08F867890F803B00430FFF736FF4A
:108A7000054604F10800FFF731FF1A4A94F80C800C
:108A8000127894F80D9094F80EA007460C232078E5
:108A90000021FFF726FFD8B116F0010212D04FF6E1
:108AA000FF72954228BF1546974228BF1746ADB2C0
:108AB000BAB20223CDE90052494652464046FEF77B
:108AC000DFFECCE7BBF1000318BF01231546F1E739
:108AD0006FF00C00C3E700BF30320700A832070078
:108AE000A27306005CD300202DE9F04F1729A7B030
:108AF00004460ED84748484B4849C01AC0080004ED
:108B000040F0020023F022FD6FF0150027B0BDE811
:108B1000F08F434A90F80180127800780C230021EE
:108B2000FFF7DFFE002871D0B8F1070FECD83D4BFE
:108B300013F80830FF2BE7D0601DFFF7CFFE074684
:108B400004F10900FFF7CAFE627DE57894F804B0ED
:108B500094F816A0059206461846E47DFFF7B2F891
:108B600008288146D0D8FEF71DFF7E22014606A8C0
:108B700001F026FA26AB03EBC90205F00105691CDA
:108B8000059B02F87D1C002102F8803C42F87C1C09
:108B900002F87FAC594602F87E4C26AB062202FB57
:108BA00009320A2928BF0A2102F8371C35B34FF6CB
:108BB000FF70874228BF074686424FF0020128BF58
:108BC000064602F8381C22F8367C22F8346C06A8D7
:108BD000FEF7ECFE104A0F48059B0093801AC00870
:108BE000000440F00300CDE9024B0F49CDF804A08A
:108BF0004B46424623F0EBFC002087E7012102F8B8
:108C0000381C22F8345C22F8365CE0E76FF00C0088
:108C10007CE700BFA832070030320700BA730600B5
:108C20005CD30020C1740600D2730600012973B51D
:108C30000ED82248224B2349C01AC008000440F035
:108C4000020023F083FC6FF01504204602B070BDD3
:108C500005781D4A44781278022914BF81780021D2
:108C60000C232846FFF73DFE20B31448144BC01ACE
:108C7000C008072C4FEA004003D8144B1E5DFF2E9E
:108C800006D11349224640F0020023F063FCDAE7E4
:108C90002346104900962A4640F0030023F06DFC5D
:108CA00000213046FEF70CFF04460028CDD1FEF728
:108CB000A7FDCAE76FF00C04C7E700BFA8320700A2
:108CC00030320700127406005CD30020C174060025
:108CD0002B7406004C74060070B50E4B0E4CE41A53
:108CE000E408240439B944F002000C4923F02EFCB6
:108CF0006FF0150070BD0578094E0A4932782B4691
:108D000044F0030023F02FFC28463570FFF76EFB7C
:108D10000020EFE730320700A83207008074060019
:108D20005CD3002098740600002070470020704734
:108D300008B50D4B4FF480620021184601F068F928
:108D40000A4AC2600A4A02610A4A42610A4A8261C8
:108D50000A4AC2610A4A02620A4A42620A4A8262B4
:108D60000A4AC0F8402108BD60D300202D8C0200C3
:108D7000E98A02003D8A0200A589020009890200F1
:108D8000298D02002D8D02000D890200D98C020070
:108D90008278054B53F822301BB190F8FE10083052
:108DA00018476FF05E00704760D3002010B5084B85
:108DB000084800244FF4807221461C7001F028F905
:108DC000054B1C70054B1C70054B1C6010BD00BF93
:108DD00064D700206ED700206CD700206DD700200C
:108DE00060D7002070B5444C23780546DBB1434E74
:108DF00006F07EFA3268801A41F2883290420BD92E
:108E00003F4B40484049C01AC008000440F00200EF
:108E100023F09CFBFFF7CAFF2378032B1AD8DFE867
:108E200003F00212225CAA2D14D14FF4807237484D
:108E3000002101F0EDF8364A00231370354A137013
:108E40000123237006E0552D09D10223237006F07B
:108E50004FFA30602078031F5842584170BDAA2D48
:108E6000F8D00023EDE72B4E2B4B31784A1CD2B2C1
:108E7000062A5D543270EDD924481A7802705A7867
:108E800042709A78D9785D7982701A799B7942EA32
:108E9000012243EA0523C380A2F10903F62B11B294
:108EA00082800BD9164B17481C49C01AC008000411
:108EB00040F0020023F04EFB0523C2E7A1F10903B5
:108EC000DBB2002B80F8FE30114A0CBF04230323D1
:108ED0002370002313703370BCE70D490A78531CCC
:108EE000DBB20B7009490A44157291F8FE209A42D0
:108EF000B0D80423A5E700BF64D7002060D70020C6
:108F000030320700A8320700C97406006ED700206F
:108F10006DD700206CD7002065D70020E3740600D1
:108F200073B5224D2B78042B06463BD1204C45F2DD
:108F3000AA53ADF80030A3788DF80430A3882288B6
:108F4000ADF802201A0A8DF805208DF80630FFF7DB
:108F500097FC07216846FFF799FC94F8FE1004F18E
:108F60000800FFF793FCFFF7B3FCE3888342024657
:108F70000FD01048104C1149241AE408240444F07E
:108F8000020023F0F0FA00232B706FF0490002B0CA
:108F900070BD4FF480722146304601F011F8002078
:108FA0002870F4E76FF00A00F1E700BF64D70020F3
:108FB0006ED7002030320700A8320700FC7406008C
:108FC00008B5FFF7F3FEFFF75BFCFFF7B1FE064BBA
:108FD00006480749C01AC008000440F0030023F007
:108FE000B5FA002008BD00BF30320700A8320700E4
:108FF0002275060010B5084CC0430A44914208D0BF
:1090000011F8013B4340DBB254F8233083EA1020CF
:10901000F4E7C04310BD00BF407506000A46014694
:109020000020FFF7E7BF10B50446C06800F0C0FF9E
:10903000B4F90600002803DB0021C0B206F0D3F823
:10904000204610BD10B50446B0F9060000280BDB21
:109050000121C0B206F0C7F8A079002106F0DAF8C5
:1090600001236370184610BD0023FAE737B50446A4
:10907000C0680D4600F09CFFE27C237C9A420CBF46
:109080000322042212FB05F292B2A2801046019242
:1090900000F086FFE06030B1019A002100F0B8FFD7
:1090A000658003B030BDA0806080FAE7F0B4FF298E
:1090B000C1F38107C1F38112C1F30115477401F0B7
:1090C00003078CBF002101210170C168C47C067CAC
:1090D000C2740574877461B1A41B6142A2EB0505DB
:1090E00061416A426A41914203D0F0BC4188FFF776
:1090F000BDBFF0BC704700002DE9F04FC36889B0D8
:109100000546002B7ED006F0F8F86B69984201D234
:109110006861F8E7C01AB0F5967FF4D38A4BAF8840
:109120000FCB04AC84E80F002346002253F8044B15
:10913000D4F80085B8F1000F10D1D4F860150029DB
:109140000CDAD4F86415002908DAD4F86815002977
:1091500004DAD4F86C150029C0F2C4800132042A64
:10916000E4D1B5F90620794B53F822301F2B4FF08C
:10917000010665D9203B764F9E4064E048F20D0918
:1091800048F2060ACFE04FF4004220F813200133E2
:109190009BB220F813200023C4F80435C4F80C3522
:1091A000BEF1000F31D12822C4F80825B5F9061008
:1091B000664AC4F814357608C4F81035C4F820059A
:1091C000C4F82465C4F82835C4F82C3552F8212099
:1091D000C4F860250122C4F80025C4F81031A2604B
:1091E000D4F81031002BFBD00023C4F81031C4F8A0
:1091F00000354FF0FF33C4F8603500F0D9FE06F0BB
:109200007CF8686109B0BDE8F08F1422CCE7D4F88F
:1092100004E00398AEEB030E8645F8D355E0616891
:10922000C91A4145FBD36368A3EB0909019B5A4363
:10923000B9EBC20FE3D34FF496700CF0ECF81EE0DC
:109240009E404FF0A0472B78424A434C002B14BF5E
:1092500012231A23039314BF292346230293D368AE
:1092600043F08073D360236843F00103236015BF8C
:109270005823C3234FF047084FF09C080193E96837
:10928000AA88D4F8049001EB020A00238A45C6D0CC
:10929000082011F801BB00904FF0800CD4F804E0D6
:1092A000AEEB030EC645F9D36368D7F808E51BEAB1
:1092B0000C0F4EEA060EC7F808E5A8D0D4F804E073
:1092C0000298AEEB030E8645F8D3D7F80CE500986C
:1092D0004EEA060E0138C7F80CE54FEA5C0C009028
:1092E000DCD1D3E73E010436304600F059FE0028B9
:1092F0003FF437AF95F800E008211FFA88F2D30059
:1093000097429BB27FF63FAFEA6812F808B04FF081
:10931000800C0BEA0C02BEF1000F7FF42FAF48F275
:10932000130948F2080A002A08BFD14620F8139012
:1093300001339BB299424FEA5C0CEAD1083108F143
:10934000010889B2D9E700BF40790600EC7A06002F
:1093500000030050F0ED00E0001000E0437837B566
:1093600005460C463BB1B0F90600002803DB00219E
:10937000C0B205F038FF6B78EC805BB1E0B2012140
:10938000019005F030FF0198002103B0BDE83040A6
:1093900005F040BF03B030BDF8B5002504460F46C8
:1093A000457019460572C56045611646FFF77EFE99
:1093B00039462046FFF75AFE20463146FFF7CEFFDA
:1093C0002046F8BDF0B544889DF814708C421DD934
:1093D000047A44B112FB04F214FB03F314FB07F408
:1093E000120A1B0A270AC57C067CC468AE421DBF50
:1093F00004EB810100264E5501EB4101057C08BFBD
:1094000009194A55427C8B54837CCF54F0BD037AB2
:109410004A1CD2B2934270B51ED0013B13F0FF0339
:10942000C4680CD0FF291FBF110201F1FF31B1FB4D
:10943000F3F39BB204BF4FF6FF71B1FBF3F3254684
:109440008688291B89B28E4205D929785943091289
:1094500005F8011BF4E7027270BD8288C068002124
:1094600000F0D6BD05F0B4B805F0B4B813B50B4C98
:1094700023780BB900F090F82B232A22CDE9003293
:1094800007482D232C22002100F036FB00F07EFB44
:1094900023780BB90123237002B010BD6ED80020D1
:1094A00058CB0120BFF34F8F0549064BCA6802F421
:1094B000E0621343CB60BFF34F8F00BFFDE700BFF7
:1094C00000ED00E00400FA05292070470BF0C7BF4B
:1094D000F8B50C462F2C9DF81850079F06461146EC
:1094E00005DC631C047002D012B1012A12D0F8BD51
:1094F000012D0DD0022D01D025B9022120460CF0FE
:1095000003F9B57220460021BDE8F8400CF0FAB826
:109510002946F3E720460CF0F5F8391E204618BF1F
:109520000121BDE8F8400CF0F1B838B5044690F9D7
:1095300000002F281D4615DCA3B1022923610DD0A0
:1095400003290DD001290DD103210CF0E3F894F982
:1095500000002946BDE838400CF0DEB80521F4E7EC
:109560000621F2E738BD90F900002F2806DC431CE5
:1095700004D0003918BF01210CF0C8B8704708B5F5
:1095800090F900002F2804DC431C02D00CF0C0F836
:1095900008BD0020FCE7000010B5054C23782BB96E
:1095A000044902200CF0B5F90123237010BD00BF5F
:1095B0006FD80020993E040010B502200CF0B1F9DC
:1095C000064B1A681860044600219442596002D282
:1095D00004F014FF0444204610BD00BF70D80020E2
:1095E000014B1868704700BF70D800200A207047F0
:1095F0000CF08DB90CF089B902200CF090B9000084
:1096000007B50190022004F083FE044A019902206C
:1096100003B05DF804EB0CF080B900BF70D80020F7
:10962000FFF7EEBF022004F08FBE000008B5034B29
:1096300002201A6800230CF07AF908BD70D80020C7
:1096400070B5064602200CF06EF94FF47A720023D2
:1096500005460C463DF05CF80023328028464FF466
:109660007A7221463DF054F870BD10B50C460AF0F0
:109670008DFC2046BDE810400AF09ABC38B50C4677
:1096800005460AF07DFC28600AF08CFC206038BD9D
:10969000704708B523F026F822F014FE0028FBD10D
:1096A00064200BF0DCFEBDE8084002F058BE08B5AF
:1096B00002200CF036F908BD08B507480B460749EB
:1096C000401AC0080004064940F0010022F04BFF98
:1096D000BDE80840FFF7DDBFA832070030320700C1
:1096E0005079060013B50B46084C09490092641ADC
:1096F000E40824040246074944F0010022F03DFF3B
:1097000002B0BDE81040FFF7C4BF00BFA832070099
:10971000303207005679060008B507484FF400417B
:1097200022F050FD18B1054A7121FFF7C5FFBDE8D1
:10973000084022F087BC00BFAF960200887906007F
:1097400013B503780B2B12D8DFE803F0135C82A863
:10975000B111B9B9BD06D9DD047920460AF04EFB36
:1097600020460AF0F3FA002120460AF04FFB02B02F
:1097700010BD01200AF042FB01282ED100200AF082
:109780003DFB0128F3D000200CF0D8FA0028EEDDD4
:10979000012201A900200CF0D3F900200AF02EFBD1
:1097A00004460028EFD10CF0C3FA18BB9DF8041052
:1097B0000AF038FAE7E7012201A910460CF0C0F9D7
:1097C00001200AF01BFB40B901200CF0B1FA50B99E
:1097D0009DF8041001200AF025FA01200CF0AEFAE1
:1097E0000028E8DCCAE70128F7D19DF804100CF046
:1097F000F5F9F2E70128C6D19DF8041020460CF0D7
:10980000EDF9C0E703200AF0F9FA0128AFD00320F0
:109810000CF094FA0028AADD012201A903200CF023
:109820008FF903200AF0EAFA0028F0D103200CF0A7
:109830007FFA28B99DF8041003200AF0F3F9E6E74F
:109840000128E4D19DF8041003200CF0C7F9DEE7ED
:1098500004200AF0D3FA012889D004200CF06EFA13
:10986000002884DD012201A904200CF069F90420FC
:109870000AF0C4FA0028F0D104200CF059FA28B9F3
:109880009DF8041004200AF0CDF9E6E70128E4D1A0
:109890009DF8041004200CF0A1F9DEE71C4B1B6EB0
:1098A00003B198470FF06CF805F0D6FD5FE7194B50
:1098B0001B68002B3FF45BAF4068984757E7406850
:1098C0000CF010FB53E705200AF098FA01283FF44A
:1098D0004EAF05200CF032FA00287FF748AF012286
:1098E00001A905200CF02CF905200AF087FA0028C0
:1098F000EFD19DF8041005200AF094F9E9E7002063
:109900000CF01FF833E740680BF00CFF2FE700BFA7
:1099100068A6060094BB012070B54FF0804390B05C
:1099200000240126CDE90444CDE9024406948DF8D3
:109930001C40C3F8786526F0D1FAFFF7EDFE3B4BEB
:109940003B483C49C01AC0083B4B00041A6840F031
:10995000030022F0FFFD0CF0ADFA0BF083FD0BF0DD
:1099600073FC0BF095FF0322104623462146CDE9F8
:1099700000440BF0E9FF0BF0BFFC0BF0F9FC0320F7
:1099800005F042F90AF034FB23460546014603225E
:109990002046CDE900440BF0D7FF23460322294699
:1099A0003046CDE900440BF0CFFF08210DEB01005C
:1099B00005F07AFF9DF80F309DF80D201F490093A8
:1099C00008A89DF80E3001F04FF808A801F06CF8D7
:1099D000C1B208A80BF09EFC0C2104A80AF0E0FB21
:1099E00004A80BF09BFC2346032229460520CDE961
:1099F00000440BF0A9FF0AF0CDF90AF0E1FB07F0F3
:109A0000FFFCE5B228460AF0F9F910B928460AF039
:109A10009DF90134062CF4D10CF030FA0BF0D0F89B
:109A2000012801D108F060F810B070BD3032070095
:109A3000A8320700067A0600B4A10020167A0600B4
:109A400008B5084B1B6E03B198471EF08FFB04F05E
:109A50006BF8012801D11BF021FABDE808400CF099
:109A60001BBA00BF68A6060007B5FFF755FF194BE4
:109A700019481A49C01AC008000440F003000190B8
:109A800022F064FD02F052FC1549019822F05EFDBF
:109A900014480CF019F805F0EDFF01280DD002284C
:109AA0000DD010B910480CF00FF8104CFFF7C8FF9C
:109AB000237833B902F03CFCF8E70D48F3E70D4892
:109AC000F1E70AF0DFF90028F0D000200BF0B2FE39
:109AD000ECE700BF30320700A8320700277A060003
:109AE000317A0600407A0600547A060078D80020C1
:109AF000607A06006B7A06002DE9F3410C460025DA
:109B0000064600F8044B02249DF9208011461F46AA
:109B100022462B46CDE9004519F0BEFF2B462246D2
:109B2000394606F11800CDE9004519F0B5FF06F1F8
:109B30002C00CDE900452B462246414619F0ACFFEA
:109B4000204602B0BDE8F0410CF068B97FB50023B3
:109B5000ADF80E108DF8173020B90A4A0A48542182
:109B6000FFF7AAFD01220023CDE900230DF10E012C
:109B70000DF1170302200CF069F99DF8170007B0EA
:109B80005DF804FB727A06005EA55EA573B5174DFD
:109B900001240023CDE90034224628462A2119F069
:109BA0007BFF002300932246A5F1A4000194262107
:109BB00019F072FF02260023CDE900631A46A5F1D1
:109BC00090002E2119F068FF0023CDE900631A46AA
:109BD000A5F17C002F2119F05FFF23463246214674
:109BE000252002B0BDE870400BF08ABD98CB012063
:109BF000034603220148012119F056BF1CCB012066
:109C00004FF42071012019F071BD0A207047012026
:109C100019F060BD014B1878704700BF79D800205B
:109C2000014B1870704700BF79D8002010B50A4C5E
:109C30000A2019F02FFF0021204619F037FF1420C9
:109C400019F028FF2046012119F030FFBDE810402F
:109C50000A2019F01FBF00BFF4CA012010B5034C41
:109C6000204619F025FF0128FAD010BD08CB0120AD
:109C700038B50C4C00212046A4F1400519F016FF20
:109C8000C0212846FFF762FF00212846FFF75EFF4C
:109C90000121204619F00AFFFFF7E0FF024B0122E5
:109CA0001A7038BD98CB012079D80020F8B5154638
:109CB00006460C4619F002FB0E480F4F002119F022
:109CC000F5FE0D483146FFF741FF2544AC4209D16E
:109CD0000848012119F0EAFE842E09D0BDE8F840B9
:109CE000FFF7BCBF14F8011B3846FFF72FFFEDE765
:109CF000F8BD00BF98CB012058CB0120F8B5154620
:109D000006460C4619F0DAFA0F48104F002119F0F8
:109D1000CDFE31460D48FFF719FF0C480021FFF733
:109D200015FF2544C6B2AC4207D10748012119F0FE
:109D3000BDFEFFF793FF3046F8BD00213846FFF720
:109D400005FF04F8010BEEE798CB012058CB01206A
:109D500070B5154606460C4619F0B0FA10480021B9
:109D600019F0A4FE0D210F48FFF7F0FE310A0D484F
:109D7000FFF7ECFEF1B20B480A4EFFF7E7FE254471
:109D8000AC4207D10648012119F090FEBDE87040B1
:109D9000FFF764BF14F8011B3046FFF7D7FEEFE76B
:109DA00098CB012058CB012007B501228DF8071070
:109DB0000DF10701FFF7CCFF03B05DF804FB0000D5
:109DC00070B5154606460C4619F078FA134800217E
:109DD00019F06CFE1D211248FFF7B8FE310A104839
:109DE000FFF7B4FEF1B20E480D4EFFF7AFFE0C4880
:109DF0000021FFF7ABFE2544AC4207D10748012103
:109E000019F054FEBDE87040FFF728BF002130462E
:109E1000FFF79CFE04F8010BEEE700BF98CB012092
:109E200058CB012007B501220DF10701FFF7C8FF4C
:109E30009DF8070003B05DF804FB0000F8B5144678
:109E400005460E4619F03AFA0F48104F002119F056
:109E50002DFE0E210D48FFF779FE29460B48FFF72E
:109E600075FE0025A4B2ABB29C4207D8064801217A
:109E700019F01CFEBDE8F840FFF7F0BE715D3846F2
:109E8000FFF764FE0135EEE798CB012058CB0120A7
:109E9000F8B5144605460E4619F010FA1248134F4D
:109EA000002119F003FE1E211048FFF74FFE29463E
:109EB0000E48FFF74BFE0D480021FFF747FE002537
:109EC000A4B2ABB29C4207D80748012119F0EEFDBD
:109ED000BDE8F840FFF7C2BE00213846FFF736FE66
:109EE00070550135EDE700BF98CB012058CB01201C
:109EF000022119F049BC704770477047014819F0BA
:109F0000D7BD00BF1CCB01200B460146184600F010
:109F100001B8000010B5054C13462CB10A460146A5
:109F20000220AFF3008010BD2046FCE700000000D7
:109F300008B5074B044613B10021AFF30080054B71
:109F40001868836A03B19847204602F0EDF900BF14
:109F500000000000AC7B060070B50D4D0D4C641B7D
:109F6000A4100026A64209D10B4D0C4C3CF04CFD30
:109F7000641BA4100026A64205D170BD55F8043B11
:109F800098470136EEE755F8043B98470136F2E76B
:109F900078D1002078D1002078D1002084D1002011
:109FA000024B0146186800F08BB800BF10A30020D8
:109FB000024B0146186800F033B800BF10A3002020
:109FC0000A44914200F1FF3300D1704710B511F8F7
:109FD000014B03F8014F9142F9D110BD884210B5F1
:109FE00001EB020402D98442234607D8431EA14252
:109FF00008D011F8012B03F8012FF8E702440146BD
:10A000008A4200D110BD13F8014D02F8014DF7E767
:10A0100002440346934200D1704703F8011BF9E75D
:10A0200037B5002948D051F8043C0190002BA1F12C
:10A030000404B8BFE41801F08BFC204A01981368AF
:10A04000154633B96360146003B0BDE8304001F0D9
:10A0500085BCA3420BD921686218934204BF1A68D9
:10A060005B68636004BF521822602C60ECE71A46FC
:10A070005B680BB1A342FAD911685518A5420BD100
:10A08000246821445418A3421160DDD11C685B6828
:10A09000536021441160D7E702D90C230360D3E752
:10A0A000256861198B4204BF19685B68636004BF4F
:10A0B000491921605460C7E703B030BD7CD8002047
:10A0C000F8B5CD1C25F0030508350C2D38BF0C253F
:10A0D000002D064601DBA94203D90C233360002082
:10A0E000F8BD01F035FC21490A6814469CB9204F9F
:10A0F0003B6823B92146304600F0A6FC386029466B
:10A10000304600F0A1FC431C23D10C2333603046C1
:10A1100001F024FCE3E723685B1B17D40B2B03D966
:10A1200023601C44256004E06368A2420CBF0B60FE
:10A130005360304601F012FC04F10B00231D20F0A7
:10A140000700C21ACCD01B1AA350C9E72246646884
:10A15000CCE7C41C24F00304A042E3D0211A30460B
:10A1600000F072FC0130DDD1CFE700BF7CD80020C9
:10A1700080D800202DE9FF4755EC104B002D0E46EE
:10A1800019462B46BBBF05F100431D4600232D2376
:10A190000B700D9BDDF830A0914623F02008BCBF6A
:10A1A00022461446B8F1460F05D0B8F1450F00D14C
:10A1B0000136022100E0032103AB019302AB0093BF
:10A1C00045EC104B5346324600F08AFDB8F1470F7C
:10A1D000074602D119F0010F22D0B8F1460F07EB64
:10A1E000060910D13B78302B0AD1002200232046EB
:10A1F00029463CF0FDF918B9C6F10106CAF800601D
:10A20000DAF80030994400220023204629463CF029
:10A21000EFF908B1CDF80C903022039B4B4507D3E2
:10A22000039B0E9ADB1B3846136004B0BDE8F08731
:10A23000591C03911A70F0E7F7B503460029B8BF1F
:10A24000494203F8022BB4BF2D222B220929427068
:10A250002ADD0DF10704A4460A27A6460A4691FB0B
:10A26000F7F607FB16153035632A04F1FF340EF8B4
:10A27000015C3146F1DC3031AEF1020504F8011C1D
:10A28000441C294661450AD30DF10902A2EB0E02D6
:10A29000654588BF00221344181A03B0F0BD11F8B9
:10A2A000012B04F8012FEDE7302330318370C170AA
:10A2B000031DF1E72DE9F04F2DED028B8DB00C461B
:10A2C000DDF8608016461F46054601F0E7FAD0F833
:10A2D00000A0504600F0E8FB00230A932368059392
:10A2E000D8F8003094F818B0073323F0070303F1CF
:10A2F0000802C8F80020D3E90023C4E91223D4E9F6
:10A30000128929F000430793CDF8188008EE100A4F
:10A310009F4BDDE906014FF0FF323CF09BF988BB13
:10A32000DDE906019A4B4FF0FF323CF075F948BB6E
:10A3300000220023404649463CF064F910B12D2329
:10A3400084F84330934B9448BBF1470F94BF984631
:10A35000804603232361059B23F0040222604FF013
:10A360000009009733460BAA2146284600F0D8F989
:10A37000013040F090804FF0FF300DB0BDEC028B0B
:10A38000BDE8F08F42464B46404649463CF062F9F4
:10A3900040B14B46002BBCBF2D2384F843307F488F
:10A3A0007F4BD1E763680BF0DF0206925A1C3FD166
:10A3B00006236360059B616843F480620023039376
:10A3C0000AABCDE901B309AB49EC108B00932260D5
:10A3D0000DF123032846FFF7CDFE069B0999472B75
:10A3E000804608D1C81C02DB6368994241DDABF1AD
:10A3F000020B5FFA8BFBBBF1650F20D801395A467F
:10A4000004F150000991FFF717FF0A9A1318012A67
:10A410008146236102DC2268D20701D50133236122
:10A420009DF82330002B9CD02D2384F8433098E7EF
:10A43000069A472ABED1002BBCD10123B9E7BBF154
:10A44000660F18D1002963680BDD216113B92268FA
:10A45000D00702D501330B442361A1654FF00009F9
:10A46000DEE713B92268D20701D50233F4E70123EE
:10A47000F2E74FF0670B0A9B994205DB23682161E5
:10A48000D807EAD54B1CE7E70029D4BFC1F1020287
:10A4900001221344E0E723685A0507D423694246A2
:10A4A00031462846B84701302CD164E7BBF1650F2F
:10A4B00040F2E080D4E91201002200233CF098F839
:10A4C000002834D0374A012331462846B8470130A6
:10A4D0003FF451AFDDE909239A4202DB2368D80734
:10A4E00010D518EE103A524631462846B84701308A
:10A4F0003FF441AF4FF0000804F11A090A9B013BF9
:10A50000434509DC23689B0700F10581E0680B9B4C
:10A510009842B8BF184630E701234A4631462846DC
:10A52000B84701303FF427AF08F10108E6E7099B7F
:10A53000002B39DC1B4A012331462846B84701303D
:10A540003FF419AFDDE90923134302D12368D9078A
:10A55000D8D518EE103A524631462846B847013051
:10A560003FF409AF4FF0000904F11A0A099B5B425E
:10A570004B4501DC0A9B92E70123524631462846AF
:10A58000B84701303FF4F7AE09F10109EEE700BF2B
:10A59000FFFFEF7FB07B0600B47B0600BC7B0600AC
:10A5A000B87B0600526D06000A9AA36D9A42A8BFB6
:10A5B0001A46002A914637DC4FF0000B29EAE97968
:10A5C00004F11A02A36D0593A3EB09035B4533DC89
:10A5D000DDE909239A423BDB2368DA0738D40A9A7B
:10A5E000059B0999D31AA2EB01099945A8BF994681
:10A5F000B9F1000F35DC4FF0000829EAE97904F1E0
:10A600001A0ADDE909239B1AA3EB090343457FF7E7
:10A6100079AF0123524631462846B84701303FF40E
:10A62000AAAE08F10108ECE7134631464246284637
:10A63000B8470130C0D19EE6012331462846059235
:10A64000B84701303FF497AE059A0BF1010BB9E71B
:10A6500018EE103A524631462846B8470130BED16E
:10A6600089E6059A4B46424431462846B8470130B0
:10A67000C1D180E60A9A012A01DCDB0738D5012323
:10A68000424631462846B84701303FF474AE18EED2
:10A69000103A524631462846B84701303FF46BAE77
:10A6A000D4E91201002200233BF0A2FFD8B90A9B93
:10A6B00008F10102013B31462846B84701300ED16E
:10A6C00059E60123524631462846B84701303FF447
:10A6D00052AE08F101080A9B013B4345F1DC4B46B1
:10A6E00004F15002DCE64FF0000804F11A0AF2E728
:10A6F00001234246DFE701234A4631462846B84750
:10A7000001303FF438AE08F10108E3680B995B1A99
:10A710004345F0DCFAE64FF0000804F11909F4E7CC
:10A720002DE9F047164699468A680B69DDF82080C6
:10A730009342B8BF1346336091F8432007460C4656
:10A740000AB1013333602368990642BF336802338C
:10A750003360256815F0060506D104F1190AE3688F
:10A7600032689B1AAB4226DC94F84320131E226801
:10A7700018BF012392062BD404F143024946384600
:10A78000C04701301ED02368E568326803F0060335
:10A79000042B08BFAD1AA36822690CBF25EAE57532
:10A7A00000259342C4BF9B1AED1800261A34B54207
:10A7B0001AD1002008E00123524649463846C047D6
:10A7C000013003D14FF0FF30BDE8F0870135C6E717
:10A7D000E1185A1C302081F84300224494F84510B7
:10A7E00082F843100233C7E7012322464946384620
:10A7F000C0470130E6D00136D9E700002DE9FF4718
:10A800000C469146277E0C99782F80469A4604F193
:10A81000430207D8622F0AD8002F00F0D880582FA3
:10A8200000F0A38004F1420684F842703AE0A7F1F8
:10A830006303152BF6D801A050F823F095A8020069
:10A84000A9A8020025A8020025A8020025A8020048
:10A8500025A80200A9A8020025A8020025A8020038
:10A8600025A8020025A80200B5A90200D9A8020067
:10A8700097A9020025A8020025A80200D7A9020076
:10A8800025A80200D9A8020025A8020025A80200D8
:10A890009FA902000B681A1D1B680A6004F142069A
:10A8A00084F842300123A3E0256808682E0600F1F1
:10A8B00004030AD505680B60002D03DA2D236D42D1
:10A8C00084F843305E480A2319E015F0400F05680C
:10A8D0000B6018BF2DB2EFE70B682568181D0860E4
:10A8E000280601D51D6802E06906FBD51D8854487D
:10A8F0006F2F0CBF08230A23002184F843106668D9
:10A90000A660002EA2BF216821F0040121600DB9CC
:10A91000002E4DD01646B5FBF3F103FB1157C75D72
:10A9200006F8017D2F46BB420D46F4D9082B0BD10A
:10A930002368DF0708D5236961689942DEBF3023A9
:10A9400006F8013C06F1FF36921B2261CDF800A00B
:10A950004B4603AA21464046FFF7E2FE01304CD1A8
:10A960004FF0FF3004B0BDE8F087354884F84570FB
:10A9700023680E681F0656F8045B0E6014D5D907CD
:10A9800044BF43F0200323601DB9236823F0200354
:10A9900023601023B0E7236843F02003236078236B
:10A9A000284884F84530E3E75E0648BFADB2E6E7E5
:10A9B0001646BBE70B68266860691D1D0D603506ED
:10A9C0001B6801D5186002E07106FBD518800023D2
:10A9D00023611646BAE70B681A1D0A601E68626892
:10A9E0000021304600F064FF08B1801B606063689E
:10A9F0002361002384F84330A8E72369324649469F
:10AA00004046D0470130ABD023689B0713D4E068A1
:10AA1000039B9842B8BF1846A4E701233246494633
:10AA20004046D04701309BD00135E36803995B1A5B
:10AA3000AB42F2DCEBE7002504F11906F5E700BFB5
:10AA4000C07B0600D17B060038B5064D00230446C6
:10AA500008462B6001F05AFC431C02D12B6803B15D
:10AA6000236038BD8CB601200EB400B59CB01DAB80
:10AA7000029006906FF0004109480791049109493E
:10AA800053F8042B05910068019302A901F0E4FA40
:10AA9000029B00221A701CB05DF804EB03B07047F3
:10AAA00010A300200802FFFF034613F8012B002A21
:10AAB000FBD1181A013870472DE9F0433B4E86460A
:10AAC0008C4660461CF8014BA55D15F00805F8D1D1
:10AAD0002D2C34D19CF800404FF0010800F1020CFD
:10AAE000002B5ED0102B0CD1302C0AD19CF800002A
:10AAF00000F0DF0058284FD19CF8014010230CF1E2
:10AB0000020C4FF0FF370025B7FBF3F703FB07F903
:10AB10006FEA09092846A4F13006092E18D83446F0
:10AB2000A34224DD002D1FDB87421DD301D1A145A7
:10AB30001ADB00FB034001251CF8014BEBE72B2C33
:10AB400008BF9CF80040A84608BF00F1020CC7E708
:10AB5000A4F14106192E01D8373CE1E7A4F16106C2
:10AB6000192E04D8573CDBE74FF0FF35E4E7002D02
:10AB700007DA2223CEF800304FF0FF3042B9BDE8AB
:10AB8000F083B8F1000F00D04042002AF7D00DB199
:10AB90000CF1FF311160F2E73024002BB1D1082312
:10ABA000AFE7302CA2D00A23ABE700BFE37B06005F
:10ABB000FFF782BF13460A46014602480068FFF7C6
:10ABC0007BBF00BF10A300202DE9F74F03690C697C
:10ABD000A3420746C0F28180013C01F1140800F154
:10ABE000140505EB8403019358F8243055F824200C
:10ABF00001339A424FEA840B08EB8409B2FBF3F667
:10AC000031D34FF0000E4046AC46F24650F8042BCC
:10AC100093B206FB03E34FEA134E9BB2AAEB030386
:10AC2000120CDCF800A006FB02E213FA8AF34FEAEA
:10AC3000124E1FFA82FADCF80020CAEB124202EB35
:10AC400023429BB243EA024381454CF8043B4FEA5E
:10AC5000224ADBD255F80B302BB9019B043B9D42B5
:10AC60001A462ED33C61384601F0A9F8002824DBAF
:10AC7000013628464FF0000C58F8042BD0F800E0BD
:10AC800093B2ACEB0303120C13FA8EF3C2EB1E4229
:10AC900002EB23429BB243EA0243C14540F8043B26
:10ACA0004FEA224CE8D255F8242005EB840322B960
:10ACB000043B9D421A460AD33C61304603B0BDE8CE
:10ACC000F08F1268043B002ACCD1013CC7E7126820
:10ACD000043B002AF0D1013CEBE70020EEE7000046
:10ACE0002DE9F04F2DED028B57EC106B95B0456AB6
:10ACF000DDF880800591CDE90267044609920F9343
:10AD00003DB91020FFF74CF9C0E9015560620560BC
:10AD1000C560636A196851B15A684A60012393405B
:10AD20008B60204600F054FE636A00221A603B1ECE
:10AD3000B9BF23F0004303930023C8F80030DDF8C7
:10AD40000C90B74BBCBF0122C8F8002033EA0903BE
:10AD50001BD10F9A42F20F731360C9F313033343ED
:10AD600000F07585219B63B9AE4B25E0AE4B009397
:10AD70000833219A1360009815B0BDEC028BBDE832
:10AD8000F08FA84B00930333F3E79DED027B002285
:10AD900051EC170B00238DED0A7B3BF029FC80461C
:10ADA00060B10F9A01231360219B002B00F04C85AA
:10ADB0009E4B219A1360013B0093DCE79DED0A0B4B
:10ADC00012AA13A9204601F08CF8C9F30A5582464D
:10ADD000002D7ED00B9BCDF84080C3F31303DDE93B
:10ADE0000A6743F07F5747F44017A5F2FF35904BB1
:10ADF0000022304639463AF0DBFF83A3D3E9002333
:10AE00003BF08EF982A3D3E900233AF0D3FF064644
:10AE100028460F463BF01AF97FA3D3E900233BF005
:10AE20007FF902460B46304639463AF0C3FF0646E4
:10AE30000F463BF025FC0022814600233046394670
:10AE40003BF0E0FB48B148463BF000F932463B4658
:10AE50003BF0CEFB08B909F1FF39B9F1160F56D80E
:10AE6000744B03EBC903D3E90023DDE90A013BF08E
:10AE7000C9FB00284DD009F1FF3900230E93129B26
:10AE80005D1B6B1E049343BF0023C5F101080493AF
:10AE90004FF00008B9F1000F3DDB049BCDF8349072
:10AEA0004B44049300230693059B092B00F29A80E0
:10AEB000052BC4BF043B0593059BA3F10203CCBF44
:10AEC00000250125032B00F29980DFE803F02C7D9B
:10AED0007B89DDE912531D4405F23243202BC1BFAB
:10AEE000C3F1400305F2124009FA03F326FA00F019
:10AEF000DABFC3F1200306FA03F018433BF096F8DB
:10AF000001230646A1F1F877013D10936FE7012375
:10AF1000B4E70E90B3E7C9F1000306930023A8EB52
:10AF200009080D93C0E700230893099B002B00F349
:10AF300085804FF0010BCDF804B05B46CDF824B00E
:10AF4000666A00227260042202F11400984271685D
:10AF50007AD9204600F008FD636A30601B680093D0
:10AF6000019B0E2B00F2F580002D00F0F280B9F16C
:10AF7000000F7DDD2F4A09F00F0302EBC30393EDB1
:10AF8000007B19F4807F4FEA2917B0EE478AF0EE74
:10AF9000678A5DD0284BDDE90A01D3E908233BF03D
:10AFA000E9F9CDE9020107F00F070325224E002F32
:10AFB00050D1DDE9020153EC182B3BF0DBF9CDE970
:10AFC00002016FE00123AFE700230893099B09EB1F
:10AFD000030B0BF10103012B0193B8BF0123AFE772
:10AFE0000123F2E701250023059308954FF0FF3B6D
:10AFF0000022CDF804B012230992A1E7012308939F
:10B00000F4E700BFAFF3008061436F63A787D23FCF
:10B01000B3C8608B288AC63FFB799F501344D33F47
:10B020000000F07FEC7C0600E37C0600536D060018
:10B030000000F83F187D0600F07C0600DDF824B023
:10B04000CDF804B05B467BE70131716052007BE7CD
:10B050000225ABE7F90708D551EC180BD6E9002318
:10B060003BF05EF841EC180B01357F1008369EE787
:10B0700000F0AB80C9F10006AA4BAB4F06F00F02FF
:10B0800003EBC203D3E90023DDE90A013BF048F8F2
:10B09000CDE90201361100230225002E40F08A80FE
:10B0A000002B8CD10E9B002B00F09180DDE9026714
:10B0B0009E4B0022304639463BF0A4FA002800F0AF
:10B0C0008680019B002B00F08280BBF1000F3CDDED
:10B0D00009F1FF3307930022954B304639463BF088
:10B0E0001FF8CDE902010135CDF830B0DDE9026786
:10B0F00028463AF0ABFF32463B463BF011F88D4B09
:10B1000000223AF057FEA1F15073CDE902010393FA
:10B110000C9B002B60D1884B0022304639463AF018
:10B1200047FEDDE9022306460F463BF089FA002878
:10B1300040F09982DDE90221304601F100433946B1
:10B140003BF060FA002840F08B82DDE90A23CDE96C
:10B150000223139B002BC0F25B81B9F10E0F00F3A9
:10B160005781704B03EBC90393ED007B099BB0EE55
:10B17000478AF0EE678A002B80F2E280019B002B69
:10B1800000F3DE8040F06C826B4B51EC170B002219
:10B190003AF0C6FFDDE902233BF048FA019E37464C
:10B1A000002840F04282009D312305F8013B09F15F
:10B1B00001093EE2F20705D5D7E900233AF0B0FFD6
:10B1C000013501237610083767E702256AE7019BFE
:10B1D000CDF81C900C9389E700990C980C9A514B70
:10B1E0009DED027B014402910899B0EE478AF0EE92
:10B1F000678A03EBC20353E90223002945D04F4974
:10B2000000203BF0B7F853EC182B3AF0D1FD009D2D
:10B2100041EC180B394630463BF032FA0C903AF0CC
:10B2200015FF02460B46304639463AF0C1FD0C9BED
:10B23000303305F8013B53EC182B06460F463BF024
:10B24000E1F9002865D132463B46384900203AF002
:10B25000AFFD53EC182B3BF0D5F9002840F0B88037
:10B26000029B9D423FF471AF314B51EC180B002211
:10B270003AF056FF2E4B41EC180B0022304639466F
:10B280003AF04EFF06460F46C4E751EC170B3AF072
:10B2900047FF029B009D0C9341EC180B394630464A
:10B2A0003BF0EEF911903AF0D1FE02460B463046E3
:10B2B00039463AF07DFD119B303305F8013B029B86
:10B2C0009D4206460F464FF0000225D11B4B51EC24
:10B2D000180B3AF06FFD02460B46304639463BF0FC
:10B2E000AFF9002874D153EC182B144900203AF020
:10B2F0005FFD02460B46304639463BF083F9002895
:10B300003FF423AF0C9D6B1E0C9315F8013C302BC2
:10B31000F8D0DDF81C9049E0054B3AF001FF0646F5
:10B320000F46BBE7187D0600F07C06000000F03FEA
:10B330000000244000001C40000014400000E03FDA
:10B34000DDE90267009D53EC182B304639463BF08F
:10B3500011F83BF095F980463AF078FE53EC182B43
:10B360003AF0DEFE02460B463046394608F130061A
:10B370003AF01EFD05F8016B009E019FAE1BB7421F
:10B3800002460B4637D13AF015FD53EC182B064612
:10B390000F463BF055F9C8B953EC182B30463946E7
:10B3A0003BF026F910B118F0010F0FD1204651469D
:10B3B00000F00EFB00232B700F9B09F101001860B9
:10B3C000219B002B3FF4D7AC1D60D4E4CDF81C903A
:10B3D0002B461D4613F8012D392A08D1009A9A42AE
:10B3E000F7D1079A00990132079230220A701A7831
:10B3F00001321A708DE79E4B00223AF091FE002236
:10B40000002306460F463BF0F3F800289BD0CDE71B
:10B41000089A002A00F0C680059A012A00F3AA8043
:10B42000109A002A00F0A28003F23343069E45469C
:10B43000049A01211A4420469844049200F06DFBBE
:10B440000746002D0BDD049B002B08DDAB42049A60
:10B45000A8BF2B46A8EB0308ED1AD31A0493069B4A
:10B46000FBB1089B002B00F0A180002E11DD3946B6
:10B470003246204600F0F6FB52460146074620467B
:10B4800000F054FB51460790204600F0A1FA079BBC
:10B490009A46069B9A1B04D05146204600F0E2FBD8
:10B4A00082460121204600F038FB0D9B002B06460A
:10B4B0007EDD1A460146204600F0D4FB059B012B99
:10B4C000064678DD00230693336906EB830318698B
:10B4D00000F0D3FAC0F12000049B184410F01F00C4
:10B4E00000F08880C0F12003042B40F38180C0F17C
:10B4F0001C00049B0344804405440493B8F1000FEE
:10B5000005DD51464246204600F0FAFB8246049B88
:10B51000002B05DD31461A46204600F0F1FB0646B9
:10B520000E9B002B68D03146504600F048FC0028A6
:10B5300062DA002351460A22204600F060FA089B96
:10B5400009F1FF398246002B00F08881394600233B
:10B550000A22204600F053FABBF1000F074600F321
:10B560008F80059B022B40F38B804DE0129BC3F133
:10B5700036035BE7019B5E1E069BB342BFBF069B83
:10B580000696F21A0D9BB6BF9B189E1B0D93019B4E
:10B59000B8BF0026002BB5BFA8EB0305019B002315
:10B5A000454645E7069E089F45464AE7069A73E7E3
:10B5B000059B012B18DC029BB3B9039BC3F3130358
:10B5C000A3B9039B23F000431B0D1B052BB1049B68
:10B5D0000133049308F10108012306930D9B002B0E
:10B5E0007FF472AF012077E70023F6E7029BF4E7D0
:10B5F00084D018461C307CE7019B002B3ADC059B6D
:10B60000022B37DDDDF804B0BBF1000F0DD1314660
:10B610005B460522204600F0F2F9014606465046F8
:10B6200000F0CDFB00283FF7BEAD099B009D6FEAFF
:10B6300003094FF000083146204600F0C9F9002FF9
:10B640003FF4B4AEB8F1000F05D0B84503D0414681
:10B65000204600F0BDF93946204600F0B9F9A5E6CC
:10B6600000263746E1E70C9EDDF81C9037469AE548
:10B6700000002440089BDDF804B0002B00F0F580AA
:10B68000002D05DD39462A46204600F039FB0746E5
:10B69000069B002B55D07968204600F065F93A6981
:10B6A00002320546920007F10C010C30FEF788FCCF
:10B6B00001222946204600F023FB009B0133019321
:10B6C000009B5B440793029B03F00103B84606937B
:10B6D0000746019B3146504603F1FF3BFFF774FAE2
:10B6E00003463033029041465046089300F067FB12
:10B6F0003A4604903146204600F07DFBC268089B24
:10B70000054602BB0146504600F059FB089B024625
:10B7100029462046CDE9083200F05AF9059B099ADE
:10B72000019D43EA0201069B0B43089B0DD1392B77
:10B7300027D0049A002A01DD029B31338BF80030B8
:10B7400079E73846B9E70122E2E70499002904DBEA
:10B75000059801430698014320D1002AEEDD5146A9
:10B7600001222046019300F0CBFA3146824600F0D8
:10B7700026FB0028019B02DCE0D1DA07DED5392B5D
:10B78000DAD139238BF800302B461D46013B15F8E2
:10B79000012C392A50D001321A704CE7002A03DDFF
:10B7A000392BEED00133C9E7019A079902F8013C21
:10B7B0008A422AD0514600230A22204600F01FF96F
:10B7C000B84582464FF000034FF00A02414620463A
:10B7D00007D100F014F980460746019B013301931D
:10B7E00077E700F00CF93946804600230A2220460C
:10B7F00000F005F90746F0E7BBF1000F009ACCBF57
:10B800005D46012515444FF00008514601222046AF
:10B81000019300F075FA3146824600F0D0FA002814
:10B82000B2DC02D1019BDB07AED42B461D4613F8D8
:10B83000012D302AFAD0FEE6009A9A42A5D1312392
:10B8400009F101091370F6E6124BFFF7B5BA219B17
:10B85000002B7FF48BAA104BFFF7AEBABBF1000FA1
:10B8600003DC059B022B3FF7CFAE009D31465046CF
:10B87000FFF7AAF900F1300305F8013B009AAA1A74
:10B880009345B9DD514600230A22204600F0B7F85F
:10B890008246EBE7526D0600E37C060000487047E5
:10B8A00064A4002000000000000000000000000070
:10B8B00001F0FF01102A2BDB10F0070F08D010F861
:10B8C000013B013A8B422DD010F0070F42B3F6D165
:10B8D000F0B441EA012141EA014122F007047FF07E
:10B8E00000070023F0E80256083C85EA010586EAD5
:10B8F000010685FA47F5A3FA87F586FA47F6A5FA11
:10B9000087F68EB9EED1F0BC01F0FF0102F007021C
:10B9100032B110F8013B013A83EA010313B1F8D1C7
:10B920000020704701387047002D06BF35460338A8
:10B93000073815F0010F07D1013015F4807F02BFE1
:10B94000013015F4C03F0130F0BC0138704700BF32
:10B95000014800F081BC00BF90B60120014800F012
:10B960007CBC00BF90B6012070B5466A04460D4607
:10B970003EB91020FEF714FBC0E901666062066064
:10B98000C660666AF36883B1636ADB6853F82500B2
:10B99000B8B9012101FA05F6721D9200204600F0A7
:10B9A000F0FA60B1C0E901560EE0212204212046E0
:10B9B00000F0E7FA636AF060DB68002BE4D1002056
:10B9C00070BD026843F825200023C0E90333F7E780
:10B9D00070B5466A05460C463EB91020FEF7E0FAFF
:10B9E000C0E9016668620660C6603CB16B6A626865
:10B9F000DB6853F82210216043F8224070BD2DE926
:10BA0000F0410E69074698460C4601F114000023E8
:10BA10000568A9B202FB01814FEA114C2D0C02FB13
:10BA200005C589B2013301EB05419E4240F8041B74
:10BA30004FEA1548ECDCB8F1000F1BD0A368B34205
:10BA400012DC616838460131FFF78EFF226902324D
:10BA500004F10C01054692000C30FEF7B1FA2146C4
:10BA60003846FFF7B5FF2C4604EB86030136C3F8D2
:10BA7000148026612046BDE8F081030C1B04D3B975
:10BA80000004102310F07F4F04BF0002083310F0B1
:10BA9000704F04BF0001043310F0404F04BF80001A
:10BAA0000233002805DB10F0804F03F1010308BFCB
:10BAB0002023184670470023E4E7036813F00702C9
:10BAC00001460BD0DA0724D4980749BF5B089B08CE
:10BAD00001200B605CBF0B600220704798B2B0B9C8
:10BAE0001B0C102013F0FF0F04BF1B0A08301A07AD
:10BAF00004BF1B0904309A0704BF9B080230DA0711
:10BB000003D45B0800F1010005D00B6070471046BC
:10BB1000E8E7002070472020704710B50C4601214F
:10BB2000FFF722FF01224461026110BD2DE9F04FB1
:10BB300015460A692B699A42B8BF0B460C46BCBF32
:10BB40002C461D462769D5F81090A368616807EB5D
:10BB50000906B342B8BF013185B0FFF705FF00F118
:10BB6000140101EB86080B46002243451DD304F166
:10BB7000140305F1140203EB870702EB8903029318
:10BB80003B1B153B23F00303043304F11505AF42BF
:10BB900038BF04230193029B0392934208D8002EDE
:10BBA0005ADC066105B0BDE8F08F43F8042BDCE7F2
:10BBB000B2F800A0BAF1000F24D004F1140E8946A7
:10BBC0004FF0000C5EF8045BD9F800B0ABB21FFA7E
:10BBD0008BFB0AFB03B34FEA154BD9F800506344C3
:10BBE0004FEA154C0AFB0BC505EB13459BB243EA24
:10BBF0000543774549F8043B4FEA154CE2D8019BD1
:10BC000041F803C0039BB3F802900432B9F1000F6E
:10BC100020D00B6804F1140C8E464FF0000ABCF8DB
:10BC20000050BEF802B009FB05B5AA449BB243EA36
:10BC30000A434EF8043B5CF8043BBEF800501B0C72
:10BC400009FB035303EB1A4367454FEA134AE6D84F
:10BC5000019D4B5104319EE758F8043D002BA0D1C3
:10BC6000013E9CE72DE9F843154612F00302064613
:10BC70000F4607D0214C013A002354F82220FFF749
:10BC8000BEFE0746AD1035D0746A3CB91020FEF7F1
:10BC900087F9C0E9014470620460C460D6F824806A
:10BCA000D8F808404CB940F271213046FFF735FF13
:10BCB0000023C8F80800044603604FF00009EB07B2
:10BCC0000AD5394622463046FFF730FF39468046CE
:10BCD0003046FFF77DFE47466D100BD0206838B91F
:10BCE000224621463046FFF721FF2060C0F8009031
:10BCF0000446E4E73846BDE8F88300BFE07D06006F
:10BD00002DE9F0470C464968236903EB6218A368E4
:10BD1000074691464FEA621A08F10106B3423FDB3B
:10BD20003846FFF721FE0023054600F1140100F11B
:10BD300010021846534536DB20692AEAEA7A04F1F4
:10BD4000140319F01F0901EB8A0103EB800C2ED0BC
:10BD5000C9F1200E8A460022186800FA09F0024351
:10BD60004AF8042B53F8042B9C4522FA0EF2F3D820
:10BD7000ACEB0403153B23F00303043304F115007B
:10BD8000604588BF0423CA500AB108F10206013E8B
:10BD900038462E612146FFF71BFE2846BDE8F08796
:10BDA00001315B00BAE742F8040F0133C2E70439FE
:10BDB00053F8042B41F8042F9C45F9D8E7E730B538
:10BDC00002690C69121B0ED100F11403143103EB4C
:10BDD000840001EB840150F8045D51F8044DA54244
:10BDE00003D005D30122104630BD8342F3D3FAE7D6
:10BDF0004FF0FF32F7E72DE9F84F0C4606461146A3
:10BE000020461746FFF7DBFF051E08D129463046BE
:10BE1000FFF7AAFD0123C0E90435BDE8F88FA4BFF0
:10BE20003B46274630467968A6BF1C4600250125BB
:10BE3000FFF79AFD3E69C560256907F1140104F119
:10BE4000140900F1140E07F1100201EB860C09EB46
:10BE50008505F246002759F8043B52F804BF1FFA43
:10BE600083F817FA8BF71B0CA7EB0808C3EB1B43EF
:10BE700003EB28431FFA88F81F144D4548EA034393
:10BE80004AF8043BE7D82B1B153B23F0030304338C
:10BE90001534A54238BF0423194473449E460D4609
:10BEA00065450ED30CF10302521A22F00302033946
:10BEB0008C4538BF00221A4452F8043D7BB106611C
:10BEC000ABE755F8048B17FA88F4221402EB1842FA
:10BED000A4B244EA02444EF8044B1714E0E7013ED2
:10BEE000EAE72DE9F7438946012157EC106B9046AC
:10BEF000FFF73AFDC7F30A550446C7F3130335BBF2
:10BF0000002E019328D068460096FFF7D6FD0099D1
:10BF100000B3019AC0F1200302FA03F30B43C240BD
:10BF200063610192019BA361002B14BF02220122D5
:10BF30002261D5B1A5F233450544C9F80050C0F1DE
:10BF40003500C8F80000204603B0BDE8F08343F494
:10BF50008013D5E76161E5E701A8FFF7AEFD019B1E
:10BF60006361012222612030E3E704EB8203A0F247
:10BF70003240C9F800001869FFF77FFDC0EB42109E
:10BF8000DFE713B54A4311460192FEF799F80446DC
:10BF900018B1019A0021FEF73BF8204602B010BD0F
:10BFA0002DE9F0478E689E4282460C4690461F4619
:10BFB00038D88A8912F4906F32D025680969A5EBC8
:10BFC0000109656905EB450505EBD57501334B4462
:10BFD0006D109D4238BF1D46530531D52946FEF7E9
:10BFE0006FF8064650B90C23CAF80030A38943F015
:10BFF0004003A3814FF0FF30BDE8F08721694A4636
:10C00000FDF7DEFFA38923F4906343F08003A3814F
:10C01000266165614E44A5EB09052660A5603E4694
:10C02000BE4200D93E46324620684146FDF7D6FF63
:10C03000A36822689B1B3244A36022600020DBE7D8
:10C040002A4600F01DF906460028E1D12169504634
:10C05000FDF7E6FFC7E700002DE9F04F98468B8912
:10C060001B069DB007460D4614460ED50B6963B9F5
:10C070004021FEF725F82860286120B90C233B6099
:10C080004FF0FF30D1E040236B6100230993202360
:10C090008DF82930CDF80C803023DFF8A8818DF899
:10C0A0002A304FF0010923469A4613F8012B0AB1B2
:10C0B000252AF9D1BAEB040B0BD05B462246294660
:10C0C0003846FFF76DFF013000F0AA80099A5A4404
:10C0D00009929AF80030002B00F0A28000234FF064
:10C0E000FF32CDE905230AF1010A049307938DF885
:10C0F00053301A935446052214F8011B5148FFF798
:10C10000D7FB049AD8B9D00644BF20238DF853300A
:10C11000110744BF2B238DF853309AF800302A2B97
:10C1200015D0079A544600204FF00A0C214611F80A
:10C13000013B303B092B4ED9B0B1079214E0A0EB84
:10C14000080309FA03F313430493A246D2E7039BBF
:10C15000191D1B680391002BBBBF5B4242F002021A
:10C1600007930793B8BF049223782E2B0CD16378E2
:10C170002A2B35D1039B1A1D1B680392002BB8BFD5
:10C180004FF0FF3302340593DFF8C8A02178032273
:10C190005046FFF78DFB40B14023A0EB0A0003FAA5
:10C1A00000F0049B03430134049314F8011B264858
:10C1B0008DF828100622FFF77BFB002838D0234B90
:10C1C0001BBB039B073323F0070308330393099B2F
:10C1D0003344099367E70CFB02320C460120A5E7C4
:10C1E00000230134059319464FF00A0C204610F83D
:10C1F000012B303A092A03D9002BC5D00591C3E79A
:10C200000CFB012104460123F0E703AB00932A460F
:10C210000F4B04A93846FEF74DF8421C0646D6D10E
:10C22000AB895B063FF52CAF09981DB0BDE8F08FD8
:10C2300003AB00932A46064B04A93846FEF7DEFA04
:10C24000EBE700BFEC7D0600F67D0600B5A202001C
:10C25000A1BF0200F27D06007047704782B001B9AD
:10C2600001A942B14BB113780B601278101E18BFB0
:10C27000012002B070471046FBE76FF00100F8E7BD
:10C28000F8B5074614460E4621B9BDE8F8401146F8
:10C29000FDF716BF22B9FDF7C3FE25462846F8BDB7
:10C2A00000F02BF8A0420FD221463846FDF708FFD8
:10C2B00005460028F2D031462246FDF781FE314680
:10C2C0003846FDF7ADFEE9E73546E7E710F8012B04
:10C2D00011F8013B012A28BF9A42F7D0D01A7047C3
:10C2E00049B1FF2A85BF8A2303600A704FF0FF30EF
:10C2F00098BF012070470846704751F8043C181F4A
:10C30000002BBCBF0B58C01870470000044A0549F9
:10C310001368002B08BF0B4618441060184670477E
:10C3200084D8002028D50120FEE700BFFBF724B900
:10C33000FBF7C6B90649074A074B9B1A03DD043BC6
:10C34000C858D050FBDC00F041F8FAF779FF000044
:10C35000B833070090A10020C0D10020FEE7FEE71F
:10C36000FEE7FEE7FEE7FEE7FEE7FEE7BFF34F8FDF
:10C370000549064BCA6802F4E0621343CB60BFF381
:10C380004F8F00BFFDE700BF00ED00E00400FA059D
:10C39000034B1868A0F1080358425841704700BF8A
:10C3A00030010010064B1B68082B06D1054B1B689B
:10C3B000032B02D8044AD05C70470020704700BFAE
:10C3C0003001001034010010037E060008B5FFF7AD
:10C3D000DFFF40B14FF080430022C3F80C21C3F8C7
:10C3E0001021C3F83825FFF7D3FF002846D04FF0BF
:10C3F0008052694BD2F80414C3F82015D2F80814FF
:10C40000C3F82415D2F80C14C3F82815D2F8101468
:10C41000C3F82C15D2F81414C3F83015D2F8181438
:10C42000C3F83415D2F81C14C3F84015D2F8201400
:10C43000C3F84415D2F82414C3F84815D2F82814C8
:10C44000C3F84C15D2F82C14C3F85015D2F8301498
:10C45000C3F85415D2F83414C3F86015D2F8381460
:10C46000C3F86415D2F83C14C3F86815D2F8401428
:10C47000C3F86C15D2F84424C3F87025FFF792FF77
:10C4800010B1464B464A1A60FFF78CFF18B1454B76
:10C49000FB22C3F81825FFF785FF48B14249434BFB
:10C4A0000A681B6822F00F0203F00F0313430B60AE
:10C4B000FFF778FF18B13E4B4FF400721A60FFF798
:10C4C00067FF48B14FF08043D3F80024D10744BF41
:10C4D0006FF00102C3F80024364AD2F8883043F4E2
:10C4E0007003C2F88830BFF34F8FBFF36F8F4FF0E8
:10C4F0001023D3F80C22D2071ED52F4B0122C3F8EC
:10C500000425D3F80024002AFBD04FF01022D2F8E3
:10C510000C3223F00103C2F80C32274B1A46D3F831
:10C5200000140029FBD00021C3F80415D2F8003410
:10C53000002BFBD0FFF71AFFD3F80022002A03DB01
:10C54000D3F80432002B23DA1B4B0122C3F8042555
:10C55000D3F80024002AFBD04FF010221221C2F899
:10C560000012D3F80024002AFBD04FF0102312222F
:10C57000C3F80422104B1A46D3F800140029FBD04C
:10C580000021C3F80415D2F80034002BFBD0D1E70A
:10C590000A4B0B4A1A6008BD00C000408C56004090
:10C5A0004881030000F00040E40E004058020010F3
:10C5B0004096024000ED00E000E00140E0A40020D1
:10C5C0000090D0036CDF70476DDF704772DF7047FB
:10C5D00073DF704774DF704776DF704777DF70472F
:10C5E0007ADF70477CDF70478FDF704790DF7047DE
:10C5F000B0DF7047B1DF704766DF704767DF7047B5
:10C6000010B50A4B0A4904460A481B1ADB081B04EA
:10C61000224643F003001FF09DFF2046064ABDE876
:10C62000104040F20B31FDF747B800BFA8320700B9
:10C63000077E0600303207001C7E060070B5114BE5
:10C64000114C4A88E41A114B1B88E4089A420546AB
:10C650004FEA04440DD10A8840F677239A4208D164
:10C660008B880B49033B9BB21A4644F003001FF032
:10C670007AFF2B886A88074944F00400BDE87040BF
:10C680001FF071BF30320700A832070062A50020FA
:10C69000A17E0600BD7E060013B5094B094C019032
:10C6A000E41AE408084B00932404084A08494FF4AC
:10C6B000087344F001001FF06CFF02B010BD00BF12
:10C6C00030320700A8320700268506001C7E0600CF
:10C6D000F67E06000146014819F006BE84E30020FC
:10C6E00030B5224B224C2349E41AE40824040546C1
:10C6F0008DB044F004001FF029FF032D33D8DFE88C
:10C7000005F002262C3044F003041B4920461FF09C
:10C710001DFF2C22002101A8FDF77AFC1E224FF4F8
:10C72000F071CDE90512012314488DF8083001A9F4
:10C730008DF8043017F018FE002111481AF02AFC79
:10C740001049024620461FF005FF0DB030BD0E49CE
:10C7500044F003001FF0FAFEF7E70C4944F0010033
:10C76000F8E70B49FAE70B49F8E700BF303207005A
:10C77000A8320700117F06002B7F06000CDB00208B
:10C78000C5C70200597F0600707F0600957F06002E
:10C79000CE7F0600FB7F060008B5037863B9074B20
:10C7A0003B211888FFF718FF30B1BDE80840044A64
:10C7B00040F21A21FCF780BF08BD00BF62A500202F
:10C7C0001C7E060013B513210D4C0190FFF704FFEA
:10C7D0000C4B019AE41AE4082404034638B10A49D0
:10C7E00044F0020002B0BDE810401FF0BCBE074993
:10C7F00044F0040002B0BDE810401FF0ABBE00BF23
:10C80000A83207003032070022800600638006004D
:10C8100038B50B7805460C4613B1022B19D038BD3C
:10C820001248134B13491B1ADB081B0443F0030087
:10C830001FF08CFE618804F10E02284619F012FEEA
:10C840000028ECD0BDE838400B4A40F2F921FCF753
:10C8500033BF064B06480949C01AC0080004BDE8AA
:10C86000384040F003001FF071BE00BF30320700B7
:10C87000A8320700858006001C7E06009F80060007
:10C88000F8B5047806467CBB184820F07CF9184BB4
:10C890001C70B38A9842074614D21648164D1749A1
:10C8A0002D1AED082D043A4645F001001FF05BFEFD
:10C8B000A742316912D13A4608E0095D042009F027
:10C8C00051FA0134B28A31699442F6DB074820F00C
:10C8D000AAF9BDE8F8400A4809F0D8BA095D042071
:10C8E00009F040FA0134E3E7F8BD00BFB0310700BA
:10C8F00040CA012030320700A8320700B38006008A
:10C90000B4C20020024A136801331360704700BFAD
:10C910009CE50020024A13680BB1013B136070478D
:10C920009CE5002010B560B9064B93F8244044B94B
:10C93000054820F0B5F8054B1C60BDE81040FFF736
:10C94000E9BF10BDE4A40020B03107009CB601206F
:10C9500008B50378042B0AD0052B19D14068B8B16B
:10C96000BDE808400B4A4FF44A71FCF7A5BE0A4BDC
:10C970000A480B49C01AC008000440F003001FF029
:10C98000E5FD084B00221A60BDE80840FFF7C2BF72
:10C9900008BD00BF1C7E060030320700A832070029
:10C9A000DA800600B0E50020044B1A68002112B9B5
:10C9B00001B11A607047013A0121F8E79CE50020B7
:10C9C000014820F080B800BFB03107000A46014698
:10C9D000014820F046B800BFB03107002DE9F3410F
:10C9E000254E32884FF6FF739A42054623D0F42332
:10C9F000224CADF80630224B224FDFF88C80ADF888
:10CA00000410E41AE408240444F00104BDF80430DE
:10CA1000F42B17D81B4FDFF87080338801AA294602
:10CA2000384619F02DFC0246E8B902B0BDE8F081A5
:10CA3000D31F012B02D86FF00600F6E741462046CF
:10CA40001FF088FD0DF1060233882946384619F09B
:10CA500017FC02460028EBD1BDF80430F43BF43556
:10CA6000ADF80430D2E7D31F012BE4D9414620466C
:10CA70001FF070FDD1E700BF62A50020A8320700BB
:10CA80003032070074C20020F580060013B5224C36
:10CA900094F82420012A3CD0142001F0F9FA1BF06C
:10CAA0008FFC20B11D4A4FF4A071FCF705FE002356
:10CAB00000938DF8043094F82D30022B4FF00103D1
:10CAC0000CBF43F0300343F006038DF80030009AAA
:10CAD000134B134043F0447343F4E06300939DF819
:10CAE000043023F0030343F0030368468DF8043059
:10CAF0001BF000FD20B1094A40F25D11FCF7DCFD9E
:10CB000008481BF0DFFC20B1044A4FF4B071FCF779
:10CB1000D3FD02B010BD00BFE4A400201C7E0600BF
:10CB2000770000FC0DD7020010B5384C94F8243083
:10CB3000012B94B056D0112304A88DF80C30FFF7C8
:10CB400043FD20B1324A40F27111FCF7B5FD0023DC
:10CB5000082108A8CDE9083302F0A6FE6378002B6F
:10CB600042D19DF8273001939DF826300093294A41
:10CB70009DF8253028490CA8FDF776FF0CA8FDF795
:10CB800093FF0CA982B203A8FFF72CFD20B1204A25
:10CB90004FF4C471FCF790FD1E2220480CA938F018
:10CBA00017FC1F4A4FF0C87306A8CDE90623FFF70C
:10CBB00017FD20B1164A4FF4CA71FCF77DFD94F8B9
:10CBC000262094F82D30A2B1032B12D1154B0A93D5
:10CBD0000AA92220FFF712FD20B10D4A4FF4CE71B1
:10CBE000FCF76AFD14B010BD0C490CA838F0B4FB7A
:10CBF000C4E7022BF6D10C4B0C480D49C01AC008F3
:10CC0000000440F004001FF0A1FCEBE7E4A40020C6
:10CC10001C7E06000A8106000E810600E5A40020A5
:10CC200010003C000AA5002030320700A83207009F
:10CC30001E81060008B50E4B93F82430012B15D049
:10CC40000C490D481AF0DEFA20B10C4A4FF4DC71A1
:10CC5000FCF732FD0848F7211AF0EEFA30B1BDE8D2
:10CC60000840064A40F2BB11FCF726BD08BD00BFD4
:10CC7000E4A400203DC60200DCE300201C7E060088
:10CC8000F8B5344B93F8241049BB334BAC2218460B
:10CC9000FDF7BEF9022202704FF4C0622F494280B4
:10CCA0000122A0F84C20016580F87C204FF4F0713F
:10CCB00040F6B832C0E92212294AC0F8A420014641
:10CCC000284817F097F920B1274A40F2D311FCF712
:10CCD000F3FCBDE8F8402348012117F088B9012989
:10CCE00036D1224E224CFF233380224BB3603C22AC
:10CCF000172300212046B380FDF78AF91E4B666298
:10CD0000002504271822294618462570E770FDF7EC
:10CD10007FF94FF4F0728260184A077005758581BB
:10CD200052F8041B204619F025FC20B10E4A40F2AF
:10CD30000621FCF7C1FC104A10491148FFF746FCD8
:10CD400030B1BDE8F840084A4FF40471FCF7B4BCB8
:10CD5000F8BD00BFE4A4002044DA002026A500208E
:10CD600025C902000CDB00201C7E06008CE500209B
:10CD700098D800202AA50020F4DA002014A500206D
:10CD800024A5002010B5214B93F82430012B8AB044
:10CD900039D00023CDE906334FF4702203934FF4CA
:10CDA0002031ADF81A308DF81C30194B0893CDE9BD
:10CDB0000412184B0993032203A88DF8182019F0C8
:10CDC00049FF20B1144A40F23721FCF775FC134BA0
:10CDD000134C00936846019417F0D8FC20B10E4A1A
:10CDE00040F2ED21FCF768FC0E4B00930E4B0F4810
:10CDF0006946CDE9013419F0BFFA20B1064A4FF473
:10CE00004671FCF759FC0AB010BD00BFE4A4002035
:10CE100099C7020099C602001C7E0600D5C6020012
:10CE200044A5002011C8020001C6020084E30020CE
:10CE300070B5C0B14AB116880024B44203D30519B5
:10CE40006D789D4208D0A14201D800200BE0055D1D
:10CE500001352C44A4B2F0E7A142F6D9A31C1380FB
:10CE6000005D013880B270BD13B513460022ADF8E5
:10CE700006200DF106020446FFF7DAFF10B1BDF8F7
:10CE80000630E01802B010BD2DE9F0410E46144600
:10CE90000546FF22214630461F46FFF7E5FF104BAF
:10CEA0001B78012B19D10F4B93F90020AA4214D003
:10CEB0000922214630461D7019F04BFD0A4BD3F86C
:10CEC00000E0BEF1000F08D03CB12346324639469F
:10CED0002846F446BDE8F0416047BDE8F08100BF58
:10CEE000A0E5002098E5002090D80020F0B5A44DE2
:10CEF000A44E95F8247004468088308089B04FB9DC
:10CF000019F0A8FF20461CF0D7F82388152B0FD066
:10CF1000192B2DD095F82430012B07D82388262BE8
:10CF20007AD80F2B43D8012B00F00A8209B0F0BD4C
:10CF300023468DF8167053F8080F04909B88ADF8BF
:10CF4000143004A81FF084F98F4FA37B8F49024649
:10CF50008F483F1AFF083F0447F0030003F0010326
:10CF60001FF001FB8B4904AA032008F077FDD1E7ED
:10CF7000874A8548637A8849801A627B0292227BBD
:10CF80000192A27AC008C2F3C00200920004C3F367
:10CF90008003227A40F003001FF009FB237A23B9B3
:10CFA0007E49032008F05AFDB4E77D49F9E7103BBC
:10CFB000162BBBD801A252F823F000BFDBD0020031
:10CFC000E5D102002DCF02006BD202002DCF02006E
:10CFD0002DCF02002DCF02002DCF02002DCF020059
:10CFE0002DCF02002DCF0200B1D202002DCF0200C2
:10CFF000C9D002002DCF02002DCF02002DCF02009C
:10D0000035D202002DCF020081D202002DCF0200C6
:10D010002DCF020017D30200522B00F050813BD8D5
:10D020003B2B00F06381512B80D1594B564D5D490C
:10D03000ED1AED082D0445F0030528461FF086FA89
:10D04000102200210DEB0200FCF7E2FFA379002B78
:10D050003FF46CAFA27B111F02293FF667AF022B92
:10D0600018BF01238DF81030052A4FF4C173ADF8B5
:10D07000143006D14C4928461FF068FA0023ADF859
:10D080001430A08804A9FFF7B3FA00283FF44EAF8C
:10D09000464A40F20151E5E0562B7FF447AF3C4B46
:10D0A00039484349C01AC008000440F003001FF08B
:10D0B0004DFAA0881321FFF78FFA00283FF436AF0E
:10D0C0003A4A40F2CE41CDE0A28C216A94F91B008D
:10D0D00004F10B03FFF7D8FE28E72D4B2A4D354905
:10D0E000ED1AED082D0445F0030528461FF02EFA31
:10D0F00031481FF0D5FC314B3149002703201F6018
:10D1000008F0ACFC2F4B1B78012B2FD1A2882E49A5
:10D11000328028461FF01EFA637A0393A37A0293A3
:10D12000E37A0193237B0093A27B2849637B284603
:10D130001FF04DFAA18826483A4619F093F920B11C
:10D140001A4A40F25F41FCF7B7FAA188214817F06C
:10D150005BFB20B1154A40F26341FCF7ADFA1E4B70
:10D160001B68002B3FF4E2AE9847DFE61B4B1B78B1
:10D17000013B012BF3D81A481FF0DDFEEFE700BF9B
:10D18000E4A4002062A50020A8320700398106002F
:10D19000303207006E810600A4810600FA81060085
:10D1A00026820600E38306000C8406001C7E06002F
:10D1B0009B83060040820600B03107009CB6012028
:10D1C0005182060040DA00205E820600928206004C
:10D1D00084E3002064A5002088D80020A0E500207A
:10D1E00010D90020624B63486349C01AC00800048C
:10D1F00040F003001FF0AAF960481FF051FC4FF601
:10D20000FF735F493380032008F028FC5D4B1A78D8
:10D210004AB95D4B1B78013B012B04D85B484FF4A6
:10D2200020311FF070FE5A4B1B6803B19847FFF77F
:10D2300071FB7BE64E4B4F485649C01AC0080004AC
:10D2400040F003001FF082F940F20223A088ADF8FD
:10D25000103004A9FFF7C8F900283FF467AE4E4A22
:10D2600040F29C41FCF728FA60E64248404B4B49AB
:10D27000C01AC008000440F003001FF067F955E62B
:10D280003B4B3C484649C01AC008000440F003002C
:10D290001FF05CF90022A08804A9CDE90422FFF761
:10D2A000A5F900283FF442AE3B4A4FF49661D9E716
:10D2B00030482F4B3B49C01AC0080004DBE72C4B19
:10D2C0002C483949C01AC008000440F003001FF080
:10D2D0003DF9002330881A461946FFF78BF90028DC
:10D2E0003FF424AE2C4A40F2BE41BBE7204B21481C
:10D2F0002E49C01AC008000440F003001FF026F9B0
:10D30000A0881321FFF768F900283FF40FAE224AE6
:10D3100040F2C641A6E719481FF0C2FB244B002289
:10D320001A60244B1B78012B7FF400AE95F8243053
:10D33000002B7FF4FBADE97F1F4816F0D0FEF5E52A
:10D34000A0880021FFF758F90A4B1C4904460848F9
:10D350001B1ADB081B04224643F003001FF0FAF8F7
:10D36000002C3FF4E3AD0C4A40F2DE41204679E761
:10D3700030320700A8320700B7820600B03107003C
:10D38000CB82060040DA0020A0E5002010D9002062
:10D390008CD80020DB8206001C7E0600F48206008A
:10D3A00019830600468306005A8306007F83060021
:10D3B0009CB6012094D800200CDB0020B783060027
:10D3C0001FB50446102200216846FCF721FE012308
:10D3D0008DF80C30104B8DF804405B78012B18D180
:10D3E0000E4B0F480F49C01AC008000440F004005B
:10D3F0001FF0ACF80C4B0D4A0D48009369461AF02B
:10D4000074FC20B10B4A40F25931FCF755F904B0D5
:10D4100010BD094BEFE700BFA0E500203032070048
:10D42000A832070035840600A6C2002051C90200B8
:10D4300030E400201C7E060098C2002007B51B4B7C
:10D4400093F82430012B2DD019481FF029FB194BDC
:10D4500019480093694618F099FE20B1174A40F226
:10D46000FD31FCF729F90023019318F033FA20B1BC
:10D47000124A40F20541FCF71FF9114B11481249BD
:10D48000C01AC008000440F003001FF05FF80F4B03
:10D49000019301A818F0A2F920B1084A40F20A410C
:10D4A000FCF70AF903B05DF804FB00BFE4A4002018
:10D4B000B031070081C8020074C200201C7E060043
:10D4C00030320700A832070053840600E1C602008C
:10D4D00013B521F0D1FD1B4C1B4BE41AE4082404C6
:10D4E00044F0030458B1194920461FF02FF821F0E9
:10D4F00083FD20B1164A4FF4A661FCF7DDF815490B
:10D5000020461FF023F821F039FD20B1104A40F2E7
:10D510003451FCF7D1F8002301A90120019321F037
:10D5200001FE20B10A4A40F23A51FCF7C5F801A8C1
:10D5300021F0C2FE20B1064A40F23E51FCF7BCF891
:10D5400002B010BDA8320700303207006884060020
:10D550001C7E06007B840600B4282DE9F0410446B9
:10D5600003D96FF00600BDE8F081DFF89C8198F8E0
:10D5700024704646002F5FD1544D95F85400FFF7B4
:10D5800029F8FFF7C7F995F8541098F90020012001
:10D59000FFF724F805460CB901271E244C4B1F70D9
:10D5A000F37F032B2ED14B4B0122A3F87C20326A50
:10D5B000C3F88820642214FB02F2C3F88C20464989
:10D5C000424886F8254016F0CFFE444B1A884FF6A5
:10D5D000FF739A422BD1424B42484349C01AC008BC
:10D5E000000440F004001EF0B1FFF17F374816F050
:10D5F00076FD0546B0B9FFF785F93C4B01221A606C
:10D600000020B0E7042BDAD1324B4FF48072A3F83C
:10D610007C20326AC3F89020642214FB02F2C3F823
:10D620009420CCE7324A40F28251FCF745F8FFF7EC
:10D6300069F9002DE1D094E7012F3FD1284B294E05
:10D640002C4D2D49F61AF608360446F004001EF05B
:10D650007DFF2878FEF7BEFFFFF75CF9274A2849CF
:10D6600004231370002353601375D8F8203004EBA3
:10D670008404642B04EB840438BF64232846A4008C
:10D6800093609481FEF7A2FF104B98F9002093F865
:10D6900054103846FEF7A2FF28783946FEF798FF67
:10D6A00018490546024646F003001EF053FF002DC0
:10D6B000BDD00F4A40F29B512846B6E7022FB8D1A1
:10D6C00088F8250000F026FC0546B2E70CDB0020B8
:10D6D00094D8002044DA0020BCDA002062A50020A3
:10D6E00030320700A8320700868406009CB601206D
:10D6F0001C7E060024A500209C840600F4DA00208D
:10D7000014A50020AC840600E4A4002013B5044650
:10D710001BF07CFC20461BF0A3FC20461BF03EFACD
:10D720002378042B08D00C2B04D1074B93F8250049
:10D73000FFF712FF02B010BD012360888DF804309E
:10D7400001A91AF0EFFEF5E7E4A400200238012851
:10D7500008B516D80B4B1B689BB10B4B1B7883B9D4
:10D760000A4B93F82500FFF7F7FE094B09480A49D1
:10D77000C01AC0080004BDE8084040F004001EF0D4
:10D78000E5BE08BD9CB6012040DA0020E4A40020DC
:10D7900030320700A8320700C4840600022838B5DA
:10D7A00005460CD11E4B1B68D3B11E4B1B78BBB971
:10D7B0001D4B93F82500BDE83840FFF7CDBE1A4B4E
:10D7C00093F8243073B9194B93F85400FEF702FF15
:10D7D000044604BB16481FF063F9FDB9104B1D60E9
:10D7E000002038BD012B02D1124B1878EEE7022B36
:10D7F000EFD1114B93F85400FEF7ECFE0F4B10499C
:10D80000044610481B1ADB081B04224643F00400A0
:10D810001EF0A0FEDDE76FF00600E2E72046E0E73D
:10D820009CB6012040DA0020E4A400200CDB00209C
:10D83000B031070024A5002050B70120A83207000E
:10D84000F48406003032070038B50020FFF7A6FF49
:10D850000A4B0B4C18881321FEF7BEFE09481FF037
:10D860001FF9094B00251D60236813B11AF03BFA1C
:10D870002560BDE83840FFF797B800BF62A50020DB
:10D88000B0E50020B03107009CB60120F0B58BB0A8
:10D89000112305460E46014602A88DF8043037F0E4
:10D8A0005BFD02A8FDF700F90AAB1844002700F859
:10D8B0001F7C324602A901A8FEF794FE284B9D4228
:10D8C000044608D01E2239461846FCF7A1FB324612
:10D8D0002946FCF775FB234B93F8243083B9224A81
:10D8E0002248A2F13C0116F04BFD0446002C34D135
:10D8F0001B483246294637F06BFD20460BB0F0BD81
:10D90000022B03D11A491B480022ECE7012BEDD171
:10D91000194B1B68002BE9D0184C2078FEF75AFEF3
:10D92000174B1848996803F10C0218F023FE20B138
:10D93000154A4FF4C161FBF7BFFE144A10490F4866
:10D94000FEF744FE20B1104A40F20B61FBF7B4FE33
:10D9500020780121FEF73CFEC7E76FF00600CDE717
:10D96000E5A40020E4A4002080DA00200CDB0020E5
:10D97000A0B6012050B701209CB6012024A50020AC
:10D9800014A50020D4D800201C7E0600F4DA002064
:10D9900030B587B0054604A8FEF716FE9DF8113095
:10D9A00003939DF8123002939DF8133001939DF874
:10D9B0001430009304469DF815309DF81620054953
:10D9C0002846FDF751F8002C14BF6FF00600002028
:10D9D00007B030BD0D8506002DE9F74306466846C1
:10D9E000FEF7F2FD20B16FF0060003B0BDE8F08352
:10D9F0001C4D2B680BB1FFF7D1FE0DF106074FF060
:10DA0000000906F1010816F81900A0F13004092CEC
:10DA100003D937F087FDA0F1370418F81900A0F1F9
:10DA20003003092B4FEA041417D81C4409F10109EB
:10DA3000B9F1060F07F80149E5D16846FEF7C2FDC6
:10DA400004460028CFD128680028CED0064B93F892
:10DA50002500FFF781FD2046C7E737F063FD373823
:10DA60000444E3E79CB60120E4A40020024B83F8C1
:10DA70002400024B18707047E4A400207D000120B0
:10DA8000F8B5144B93F82430012B06460C461ED1F2
:10DA90001F291CD8104F114D3878FEF79BFD1F220F
:10DAA00000212868FCF7B4FA224631462868FCF7C2
:10DAB00087FA0B4A29463846FEF788FD30B1094AF5
:10DAC0004FF4ED61FBF7F8FD6FF00600F8BD07209D
:10DAD000FCE700BFE4A4002024A5002014A500203A
:10DAE000F4DA00201C7E060070477047084691B2A9
:10DAF000FEF774BF08461146FEF768BF07B5074832
:10DB000001220DF107011EF0F9FF20B99DF8070071
:10DB100003B05DF804FB6FF00600F9E7B0310700D1
:10DB20007047FEF74DBF0000014B1878704700BFEB
:10DB3000F0DA002073B50E4600240546ADF8044027
:10DB4000FFF782FE21F058FA042E1CD1013D0C266D
:10DB500015F8013F8DF804301022002101A837F09C
:10DB6000D7FCB040043E0444331DA4B2F0D1074BAF
:10DB70001A781AB901221A7017F026F9204617F000
:10DB8000D9FA02B070BD0720FBE700BFF0DA002031
:10DB900037B5044601A80D4617F08EFA40B10223AE
:10DBA0002B60019B63701A0A2270002003B030BD05
:10DBB0006FF00600FAE717F08DBA74DF704776DF72
:10DBC000704777DF70478FDF704700002DE9F04323
:10DBD000074685B0884616461C464FF000090DF1F1
:10DBE0000A03321B08EB04011819CDE90299FCF76E
:10DBF000E7F90120A5B21CF08FFB28B19DF8083091
:10DC000043F002038DF808300E4A0F4B11781B8841
:10DC100089B90093082202AB384618F074F928B984
:10DC20000134A3B201359E42ADB2D8D20C9B1D8007
:10DC300005B0BDE8F08302AA0821384618F0C4F9FF
:10DC4000EDE700BF18E70020BCC20020F0B51B4C78
:10DC500094F83E3085B026466BB3B8B194F83C30AA
:10DC60000C255D4367190DF10E030093D7E90110F0
:10DC7000635D7A78FFF7AAFF132807D1BDF80E304D
:10DC80007A789A4202D3635505B0F0BD96F83C30DD
:10DC90000C2202FB036200215160013396F83E2002
:10DCA000DBB2013A052B86F83C3086F83E20EBD1FA
:10DCB00086F83C10E8E70520E6E700BFB4E5002061
:10DCC00037B55A4B1B78022B05460AD10488262CFF
:10DCD00000F09E8007D8112C43D0212C5ED0102C50
:10DCE0001BD003B030BD562C7DD0572C6DD03B2CB3
:10DCF000F7D14F4B4F485049C01AC008000440F0BC
:10DD000004001EF023FCA8881321FFF758FF002809
:10DD1000E7D04A4A40F2B25120E0454B45484849D5
:10DD2000C01AC008000440F003001EF00FFC0720DA
:10DD30001CF0F8FA20B1414A40F28751FBF7BCFCD5
:10DD4000404BA9884048198019F028FF3F4B00221A
:10DD50001A600028C5D0394A40F28B51FBF7ACFC61
:10DD6000BFE7334B33483A49C01AC008000440F0BB
:10DD700003001EF0EBFB0020FFF768FF314B4FF66E
:10DD8000FF721A80334B002220461A701CF0CAFA28
:10DD90000028A6D0294A4FF4B361DFE7244B254879
:10DDA0002D49C01AC008000440F004001EF0CEFB4C
:10DDB0000023A888ADF8043001A9FFF704FF00286C
:10DDC0008FD01E4A40F2A451C8E7194B1948234985
:10DDD000C01AC008000440F004001EF0B7FB012088
:10DDE000FFF734FF7DE7124B12481D49C01AC008E7
:10DDF000000440F004001EF0A9FBA8881321FFF7DF
:10DE0000DEFE00283FF46DAF0C4A40F2BA51A5E7A0
:10DE10000E4B0848134900221A60054BC01AC0086F
:10DE2000000440F003001EF091FB5AE77D00012042
:10DE300030320700A83207008B860600A485060052
:10DE40002D860600BCC200204CE600209CB60120B6
:10DE50003C8606000CE600204E860600678606001B
:10DE6000A5860600BF86060008B50A480A4B0B497E
:10DE7000C01AC008000440F003001EF067FB1AF04F
:10DE80001DFC30B1BDE80840054A40F26D11FBF7BA
:10DE900013BC08BDA832070030320700E386060035
:10DEA000A485060030B587B0082301934FF6FF72B2
:10DEB000012301A902A81AF061FB20B1104A40F227
:10DEC0004511FBF7F9FB0F4B0F4C019A0F49E41A70
:10DED000E40824040132082344F003001EF043FB4D
:10DEE000019902A81AF022FB09490546024644F0AE
:10DEF00004001EF02FFB0DB1FFF7B6FF07B030BDD9
:10DF0000A485060030320700A8320700F08606001C
:10DF10001D87060070B5494B494C4A4DE41AE40888
:10DF20002B78240444F0030043B1474901221EF03A
:10DF300011FB00232B70FFF797FF70BD434B444943
:10DF40001A78444D1EF006FB434B1B6844F0040452
:10DF500043B195F85400FFF730FE40490246204691
:10DF60001EF0F8FA3E4E95F8541096F90020012064
:10DF7000FFF727FE3B490246054620461EF0EAFA17
:10DF8000F37F032B44D1384920461EF0DFFA374B8C
:10DF90000122A3F87C20326AC3F8882096F8252055
:10DFA000642112FB01F2C3F88C20306A38F03EF88D
:10DFB0002F4B002238F0B4F838F08AFB2D49024686
:10DFC00020461EF0C7FA96F825202B4920461EF061
:10DFD000C1FA2A4B1A884FF6FF739A4216D1284984
:10DFE0001C4816F0C1F9FFF75DFFF17F194816F0E4
:10DFF00076F824490546024620461EF0ABFA2DB1BC
:10E00000214A40F2A7112846FBF756FB284694E721
:10E01000042BCAD11D4920461EF098FA134B4FF429
:10E020008072A3F87C20326AC3F8902096F82520ED
:10E03000642112FB01F2C3F89420B6E730320700E6
:10E04000A8320700F4E50020358706007D00012096
:10E050004C87060050B701209CB601207C87060043
:10E06000E4A4002099870600B1870600A0B601202D
:10E070000000E43FE98706000E880600BCC20020CD
:10E0800018B7012033880600A4850600CD87060056
:10E0900038B5044638B1044D45F001054FF47A40D7
:10E0A000A847013CFAD138BD6088060020B1034B77
:10E0B000800143F001031847704700BF60880600E5
:10E0C0000228F8B50F462FD1194C1A484FF40043D7
:10E0D000B3FBF2F2013A22802146174A22F072FC89
:10E0E000054618B1154AA121FBF7E6FA114E0021A9
:10E0F000304622F041FD0121304622F04DFD3046F0
:10E1000022F05AFD0E4B326818600E4B1F602388B8
:10E11000D2F808158B4204D1064822F0B9FC2846F3
:10E12000F8BDC2F80835F3E700231B80FFDE00BF0F
:10E1300060C4002058C4002075E102006688060013
:10E1400030E7002024E7002007EE900A9FED077AD1
:10E15000F8EE677A67EE877A9FED057A67EE877A41
:10E16000FCEEE77A17EE900A704700BF00007A4491
:10E1700000000038052870B53CD1254B254E1B7892
:10E18000254C264D53B301F067FD012812D13068AC
:10E19000FFF7DAFFD4E90023121843F10003C4E9C2
:10E1A00000233168D5E90023521843F10003C5E983
:10E1B000002370BDD6ED007A9FED197AF8EE677AEC
:10E1C000F2EE046A67EE877AD4E9002387EEA67A36
:10E1D000BCEEC77A17EE101A5218DEE7316808460F
:10E1E000FFF7B2FFD4E90023121843F10003C4E99A
:10E1F0000023D7E70028DCD10A4B1B6823B1044B6E
:10E200001870094807F042FE084B00221A60D0E758
:10E2100040CA012030E7002050E7002028E7002016
:10E2200000007A4424E7002050C400201CE70020AE
:10E2300007EE900A9FED077AF8EE677A67EE877A25
:10E240009FED057A67EE877AFCEEE77A17EE900A83
:10E25000704700BF002474490000003807EE900AA0
:10E260009FED077ADFED076AF8EE677A67EE877A47
:10E2700087EEA67AFCEEC77A17EE900A704700BFC9
:10E280000000004700007A4407B500238DF80730EE
:10E29000044B1B6813B10DF10700984703B05DF8FC
:10E2A00004FB00BF24E7002038B504461546FFF7FD
:10E2B00007FF044B012203F8342003EBC4035D6025
:10E2C00038BD00BF34E7002010B50D4C136824683A
:10E2D0005A1802280B4818BF002094429CBF091B03
:10E2E000CA180123002122F005FC18B1064AD021EA
:10E2F000FBF7E2F9054B01221A60002010BD00BFB8
:10E3000030E7002058C40020668806001CE7002083
:10E3100002284FF00001034B0348196018BF08465C
:10E3200022F0CEBB1CE7002058C4002002284FF08A
:10E33000000104D1034B1B68D3F8040570470B6838
:10E34000FFDE00BF58C40020022807D1054B1B6820
:10E35000D3F80405044B1B681844704700231B685E
:10E36000FFDE00BF58C4002028E70020022808B5BF
:10E3700002D000231B68FFDE074B1B68D3F804059F
:10E38000FFF7E2FE054BD3E90023121843F1000327
:10E390001046194608BD00BF58C4002050E70020B1
:10E3A000022808B502D000231B68FFDE074B1B685C
:10E3B000D3F80405FFF73CFF054BD3E900231218FF
:10E3C00043F100031046194608BD00BF58C40020A1
:10E3D00050E7002002280AD1064B1B68D3F8040539
:10E3E000814282BF044B1B68C018401A704700234B
:10E3F0001B68FFDE58C4002030E70020014B18687E
:10E40000704700BF30E700202DE9F84301F024FCFD
:10E41000012846D0244E254F254D002416F83430CF
:10E42000002B3BD0022C07D0002022F03DFB35E032
:10E43000996024E0002330E03B68002BFAD1DFF83C
:10E440007C80404622F030FBD8F80030D3F8040539
:10E45000FFF77AFE174AD3F804C5D2E9008918EB12
:10E46000000849F10009C2E90089134AD2E9000114
:10E4700010EB0C0041F10001C2E900010121D3F8C9
:10E480000425002AD4D10D4822F0DAFA0C4B0A22D6
:10E4900019680220FFF714FE01232B700134032CAE
:10E4A000BCD1BDE8F88300BF34E700201CE70020A2
:10E4B00020E7002050E7002028E7002058C4002073
:10E4C00024E70020F8B501F0C7FB01285CD02F4EEF
:10E4D0002F4F304D002416F83430002B51D0022C31
:10E4E00005D0002022F0D4FA4BE08A603BE03B7874
:10E4F000002B46D0274822F0D7FA29689FED267ACC
:10E50000264801F20453D3ED007AF8EE677AF2EE72
:10E51000046A67EE877AD0E9002387EEA67ABCEE1C
:10E52000C77A17EE10CA12EB0C0243F10003C0E9E0
:10E53000002301F20453D3ED007A9FED197A1948B4
:10E54000F8EE677AD0E9002367EE877A87EEA67A3D
:10E55000BCEEC77A17EE10CA12EB0C0243F10003AF
:10E56000C0E900230122D1F80435002BBDD1284693
:10E5700022F066FA0C4B4FF4004219680220FFF7B4
:10E580009FFD0134032CA6D1F8BD00BF34E7002065
:10E5900020E7002058C4002000007A4450E7002003
:10E5A0000000004728E7002024E70020BFF34F8F3A
:10E5B0000549064BCA6802F4E0621343CB60BFF31F
:10E5C0004F8F00BFFDE700BF00ED00E00400FA053B
:10E5D00007F06EBC07F06DBC73B5174E05461CF016
:10E5E0003DF9002108461CF07DF9327822B113492B
:10E5F000042200201CF0DEF904210DEB01001CF0C8
:10E600004DFA9DF805309DF8044004EB03249DF875
:10E61000063004EB03449DF8073004EB03641CF060
:10E62000ADF91CF037F9B4FBF5F0002305FB104001
:10E63000337002B070BD00BF58E7002059E70020DA
:10E6400008B504481EF077FC002814BF6FF00600E0
:10E65000002008BD60E70020084B00221A70084A1D
:10E66000062302F83030074B02EBC0020C2101FBFD
:10E6700000335360104607F009BC00BF40CA0120B8
:10E68000A8E7002050E90020084B00221A70084A31
:10E69000072302F83030074B02EBC0020C2101FBCC
:10E6A00000335360104607F0F1BB00BF40CA0120A1
:10E6B00080E7002070E8002083680BB140681847AD
:10E6C0007047003818BF01207047000008B51EF0E1
:10E6D000DBFB28B1BDE80840024A5821FAF7ECBF3D
:10E6E00008BD00BFEB88060037B50346042B104673
:10E6F00096BF0C4A002252F8232001920C240A4AA9
:10E700005C4315191355A960FFF7DBFF074A014663
:10E7100001A81EF0EDFB002814BF6FF006000020DA
:10E7200003B030BD7489060050E9002059E60200AC
:10E730000428F8B598BF154B044698BF53F82050ED
:10E7400013484FF00C0303FB04F300EB0306C4541F
:10E7500072604FF400404FF4FA764FF00007E0FB90
:10E7600001674FF000034FF47A723046394688BF94
:10E77000002537F0CDFF2246014628461EF0C3FB98
:10E78000002814BF6FF006000020F8BD7489060051
:10E7900050E90020042808B59CBF0A4B53F82020FC
:10E7A000094B4FF00C0101FB003388BF0022002110
:10E7B000596010461EF0BFFB002814BF6FF0060022
:10E7C000002008BD7489060050E9002037B50428F0
:10E7D00096BF0C4B002353F8203001930C460C23BA
:10E7E0001146094A4343D518D054AC60074A01A8E2
:10E7F0001EF07EFB002814BF6FF00600002003B05F
:10E8000030BD00BF8889060070E8002089E602005C
:10E810000428F8B598BF154B044698BF53F820500C
:10E8200013484FF00C0303FB04F300EB0306C4543E
:10E8300072604FF400404FF4FA764FF00007E0FBAF
:10E8400001674FF000034FF47A723046394688BFB3
:10E85000002537F05DFF2246014628461EF053FB97
:10E86000002814BF6FF006000020F8BD888906005C
:10E8700070E80020042808B59CBF0A4B53F82020FC
:10E88000094B4FF00C0101FB003388BF002200212F
:10E89000596010461EF04FFB002814BF6FF00600B1
:10E8A000002008BD8889060070E800202DE9F743A4
:10E8B0000646032922D8DFE801F0262402143B4B48
:10E8C0003B483C49C01AC008000440F003001DF05A
:10E8D0003DFE39493948012220F056FA384B0122D1
:10E8E0000BE0324B32483749C01AC008000440F0F0
:10E8F00003001DF02BFE324B00221A7003B0BDE85E
:10E90000F083314BEBE7314B294DDFF8C8802A4FBC
:10E91000DFF8C89000241C70244BED1AED0820F09D
:10E9200030FA2D0445F003050246294928461DF01A
:10E9300011FE28481EF027F978BB1F4FDFF8A08092
:10E94000DFF878905CBB304620F017FA3B780093F4
:10E950000246414628461DF010FE1749012248464E
:10E9600020F012FA0446EDE7304620F006FA3B7834
:10E970000246494628461DF0F6FD3978032007F087
:10E98000F1F90D49012240461EF04DF90A490B48A4
:10E99000012220F0F9F90446CBE7002CE4D00E4820
:10E9A00003B0BDE8F04307F071BA00BF3032070092
:10E9B000A83207009C89060020EA0020FC8A060095
:10E9C00080EA0020C089060070C4002040CA0120EF
:10E9D000E5890600D831070068C40020F7890600E1
:10E9E000108A0600083808B5062845D8DFE800F088
:10E9F0000820364444440400BDE808401EF072BEBE
:10EA00001E4B1F481F49C01AC008000440F00300F5
:10EA10001DF09CFD002020F065FF20F0BFFF0028C6
:10EA2000FBD023F097FA38BBBDE808401EF058BE73
:10EA3000124B13481449C01AC008000440F00300E8
:10EA40001DF084FD1EF060FE10481EF029F820F035
:10EA5000A5FF88B1BDE8084020F07EBF074B0848FD
:10EA60000B49C01AC008000440F003001DF06EFD01
:10EA7000BDE808401EF038BE08BD00BF30320700B8
:10EA8000A83207002F8A0600428A0600D831070004
:10EA9000548A060040292DE9F74F06460D467BD9DA
:10EAA000DFF81891DFF810818C090027402200213F
:10EAB0004846FBF7ADFA06EB8713DFF800C103F118
:10EAC000400E18685968624603C20833734594467D
:10EAD000F7D198F80020DFF8E8A0002A51D00022F2
:10EAE0008AF80020324A42F0010B3248402249465F
:10EAF00020F022F9112846D030B99AF800201AB92E
:10EB00002D4B1A78002AF8D10137BC42CEDC002CFC
:10EB100018BF2746C4EB84244FEA841404F1400450
:10EB2000A5F1400108BF0024214408BF01278DB290
:10EB300025B3402200212148214CFBF769FA2A46DF
:10EB40001E4806EB8711FBF73BFA1B4B1A789846D9
:10EB500022B30023164EDFF86490237046F00106BE
:10EB600014482A46494620F0E7F8112818D028B959
:10EB700023781BB998F80030002BF9D103B0BDE819
:10EB8000F08F0122ACE7052201924FF47A40D8477A
:10EB9000019A013AF8D1A8E70027C9E70123D9E78C
:10EBA00005274FF47A40B047013FFAD1D8E700BFBC
:10EBB000F08A0600FC8A060080EA002040EA002075
:10EBC00070C4002008B50C481DF06AFF1FF06AFBF6
:10EBD0000A481EF0BDFC18B1094AFB21FAF76CFD8A
:10EBE00008481EF0BDFD28B1BDE80840044AFE21DA
:10EBF000FAF762BD08BD00BFD8310700208B0600C0
:10EC00005E8A0600FC8A060008B51EF04BFD20B1A6
:10EC1000084A40F20711FAF74FFD4FF08043D3F84E
:10EC20003834DB0704D5BDE8084003481EF05ABC61
:10EC300008BD00BF5E8A0600F68A060008B520F00F
:10EC400067FF20F07FFF1EF05FFD1EF04BFD1EF002
:10EC5000F1FC30B1BDE80840024A40F22911FAF750
:10EC60002BBD08BD5E8A060008B5084691B2FFF7C5
:10EC700011FF002008BD000001481DF0F2BE00BFDA
:10EC8000D831070007B5074801220DF107011DF033
:10EC900035FF20B99DF8070003B05DF804FB6FF065
:10ECA0000600F9E7D83107007047000001481DF061
:10ECB0000ABF00BFD8310700014B1878704700BF6A
:10ECC00080EA00201EF02ABD1EF032BD704708B554
:10ECD0000846114606F088FBB0FA80F0400908BDEE
:10ECE0000022C2607047084606F070BB08B50846AF
:10ECF00006F00EFBB0FA80F0400908BD10B50446DE
:10ED000006F00AFB00236373204610BD704708B568
:10ED100000F0B0FE012809D14FF0FF331A46194622
:10ED200001F04AFEB0FA80F0400908BD0020FCE77F
:10ED300030B587B0144603911D4600F09BFE0128B4
:10ED40001AD19DF82C308DF812309DF828308DF8AE
:10ED500011008DF813008DF8143000908DF81050CC
:10ED600006AB13E90C000399204601F033F8B0FA22
:10ED700080F0400907B030BD0020FBE710B50C461D
:10ED800000F078FE012806D1204600F092FDB0FA8E
:10ED900080F0400910BD0020FCE708B5084601F0EE
:10EDA000B3FCB0FA80F0400908BD08B5084601F090
:10EDB000B1FCB0FA80F0400908BD13B50C460192D1
:10EDC00000F058FE0128019907D1204601F00CFD02
:10EDD000B0FA80F0400902B010BD0020FBE713B587
:10EDE0000C46019200F046FE0128019907D1204609
:10EDF00001F01BFDB0FA80F0400902B010BD002008
:10EE0000FBE713B50C46019200F034FE012801998E
:10EE100007D1204601F077FDB0FA80F0400902B03A
:10EE200010BD0020FBE710B50C4600F023FE0128C2
:10EE300006D1204600F046FDB0FA80F0400910BD32
:10EE40000020FCE710B50C4600F014FE0128014636
:10EE500006D1204601F060FFB0FA80F0400910BDF5
:10EE60000020FCE700F017BE10B50C4600F002FED3
:10EE70000128014606D1204601F0DBFEB0FA80F001
:10EE8000400910BD0020FCE710B50C4600F0F2FD73
:10EE90000128014608D1022C06D8204601F0F0FED8
:10EEA000B0FA80F0400910BD0020FCE710B50C4618
:10EEB00000F0E0FD012809D10C2C07D8044B185DA7
:10EEC00002F0C0FCB0FA80F0400910BD0020FCE761
:10EED0002C8B060008B500F0CDFD08BD08B500F08C
:10EEE000C9FD012805D0012000F0C9FDB0FA80F06D
:10EEF000400908BD10B509498AB0044600F04CF934
:10EF0000202101A804F0E4FF002301A920468DF888
:10EF1000243000F054F920460AB010BD3F95060099
:10EF200010B509498AB0044600F036F9202101A83D
:10EF300004F0F2FF002301A920468DF8243000F0F0
:10EF40003EF920460AB010BD3F95060010B50549B0
:10EF5000044600F021F9044B2046196800F02FF90F
:10EF6000204610BD3F95060098A1002010B5094924
:10EF70008AB0044600F010F9202101A804F0BAFF7D
:10EF8000002301A920468DF8243000F018F920460E
:10EF90000AB010BD3F95060010B50549044600F0C3
:10EFA000FBF8044B2046196800F009F9204610BD13
:10EFB0003F950600A4A1002010B5044600F011F909
:10EFC000E01C00F00FF9201DFFF794FF04F1100082
:10EFD000FFF790FF04F11C00FFF7A2FF04F12800E7
:10EFE000FFF79EFF04F13400FFF7B0FF04F140008B
:10EFF000FFF7BCFF04F14C00FFF7B8FF04F1580025
:10F00000FFF7CAFF204610BD06F048BF07B501A8AC
:10F0100000F078F99DED010A03B05DF804FB08B536
:10F02000084611461A4604F09AFFB0FA80F04009EB
:10F0300008BD08B5084611461A4604F07FFFB0FA2D
:10F0400080F0400908BD08B5084611461A4606F08A
:10F0500037FFB0FA80F0400908BD08B508461146F0
:10F060001A4606F033FFB0FA80F0400908BD10B52B
:10F070000446583000F04AF804F14C0000F046F81D
:10F0800004F1400000F042F804F1340000F03EF8D2
:10F0900004F1280000F03AF804F11C0000F036F802
:10F0A00004F1100000F032F8201D00F02FF8204687
:10F0B00010BD10B50446FFF77FFF04F16C0025F08A
:10F0C000D5FB04F1A00025F0E8FB04F1A100FFF757
:10F0D0001DFE04F1C60025F0DFFB04F1DD0025F084
:10F0E000DDFB204610BD000010B5054C2046FFF7A3
:10F0F000E0FF2046034A0449BDE81040FAF704BF88
:10F1000090EC002090A100206FF0020010B50446A2
:10F11000006808B1FAF74CFF204610BD10B5044650
:10F12000006808B1FAF744FF0023C4E90133236003
:10F1300010BD38B504460D460068013136F086F83A
:10F1400010B1C4E90005012038BD036810B50446BC
:10F1500023B143688B4201D3012010BD2046FFF745
:10F16000E8FF0028F9D0A368002BF5D122681370BE
:10F17000F2E770B50E46114604461546FFF7E5FF67
:10F1800020B92046FFF7CAFF204670BD2068A56061
:10F19000314636F0E1F8F7E7002313B5C0E9003354
:10F1A0000446836041B108460191FBF77DFC01995B
:10F1B00002462046FFF7DDFF204602B010BD13B522
:10F1C000044659B108460191FBF76EFC01990246CD
:10F1D0002046FFF7CEFF204602B010BDFFF79EFF8E
:10F1E000F9E77047704710B5044639B906F08AFA56
:10F1F00002212046BDE8104006F086BA022904D15B
:10F20000002106F07FFA0121F3E7BDE8104001215B
:10F2100006F078BA09B906F079BA0121FBE70000D7
:10F22000F7B500240A4D064627466B78B34207D14E
:10F23000E0B2019006F05AFB019806F03BFB6F70BC
:10F240000134032C05F10105EFD103B0F0BD00BF7F
:10F2500070ED00202DE9F8431F4605468946164605
:10F2600006F051FB0138C0B2022898BF1E4B1F4C5C
:10F2700098BF33F81080637888BF4FF480789D4240
:10F2800009D04BB1A3789D422CD05BB3E378AB425D
:10F2900022D1022300E00023237023445D702078F4
:10F2A00006F024FB207806F005FB49462B46207823
:10F2B000012206F0FDFA56EA070318BF314620780E
:10F2C00008BF4FF0FF3106F0F9FA20784FEA5801F5
:10F2D000BDE8F84306F0F0BA002BDAD000236570E1
:10F2E0002370DCE70123D7E73A8B060070ED00209E
:10F2F00008B5022006F017FB08BD08B5022006F08D
:10F3000014FB08BD70B52DED028B82B0044605F0EC
:10F31000E9FF042894BF214B9FED218A214E9CBF19
:10F3200003EB800090ED008A05F0DEFF431EDBB2A8
:10F33000042B96BF1C48DFED1D8A00EB83030DF103
:10F3400006014FF0050098BFD3ED008A05F0CEFF0F
:10F350000025FAF7B9F8A842BDF8063006D956F8E4
:10F36000082B226056F8042C934215D207EE903AEF
:10F37000B8EE677AF0EE086AC7EE087AB1EE047A62
:10F3800067EEA87A67EE877A87EEA67A84ED007A30
:10F3900002B0BDEC028B70BD0135DAE7408B060090
:10F3A00000008044C8A10020548B060066666640B9
:10F3B00010B52DED028B82B0044605F093FF0428B2
:10F3C00097BF154B9FED158A03EB800090ED008AE7
:10F3D00005F08AFF431EDBB2042B96BF1048DFED19
:10F3E000118A00EB83030DF106014FF0FF0098BF77
:10F3F000D3ED008A05F07AFFBDF8063007EE903AAB
:10F40000F8EE677A67EEA87A87EE887A84ED007A5C
:10F4100002B0BDEC028B10BD408B060000008044A2
:10F42000548B0600666666407FB5092301A88DF8F7
:10F43000043009F09BF9003818BF0120404207B0A2
:10F440005DF804FB034B53F82030986800B1004787
:10F45000704700BF84BB012038B50C4D002455F81F
:10F46000043BE4B25BB11B694BB12046FFF7EAFFF6
:10F4700028B100F00DF855F8043C1B699847013499
:10F48000E3B2042B64B2EAD138BD00BF84BB0120D3
:10F4900070B5324D8AB0342368468DF8003008F0DC
:10F4A00075FB2B881BB9002420460AB070BD019E55
:10F4B00008F0EEFA02460028F5D12C8814F0010479
:10F4C00004D03821304600F04BF804462B889A07C8
:10F4D00006D538222021B01800F042F8204484B22A
:10F4E0002B885B0707D558224FF4C271B01800F083
:10F4F00037F8204484B22B88180708D54FF4EE72F1
:10F500004FF4D071B01800F02BF8204484B22B884F
:10F51000D90607D54FF45F721421B01800F020F817
:10F52000204484B22B889A0608D54FF464724FF4B5
:10F530006171B01800F014F8204484B22B885B0687
:10F5400007D540F214721821B01800F009F82044D1
:10F5500084B200232B8008F091FAA5E774ED002017
:10F56000134610B5024603F551200C4606F02EF85E
:10F5700000280CBF2046002010BD000008B503483D
:10F5800006F084FC024B00221A7008BD84C40020DF
:10F5900040CA012030B58BB00446342368468DF84C
:10F5A000003008F0F3FA2CB3019D04F061FF08BBB2
:10F5B00008F06EFAF0B9E30702D5284605F0F4F832
:10F5C000A00703D505F1380005F00AF9610703D556
:10F5D00005F1580005F022F9220703D505F5EE7074
:10F5E00005F034F9A30603D505F5647005F046F976
:10F5F00008F044FA0BB030BD10B508F049FA012804
:10F60000044604D030B906F06BFC204610BD6FF004
:10F610000500FBE76FF00600F8E770B50C460646FC
:10F6200006F0CAFC0025043CA9B2A14205F101057F
:10F6300003D3BDE8704006F0DDBC0122314406F082
:10F64000BFFCF1E738B50B78013B04461546184876
:10F65000082B28D8DFE803F0052727271B232727B7
:10F660001F0006F031FA134806F02EFA124806F091
:10F670002BFA124B124853F8241006F025FA0B2CE3
:10F6800015D129460F48BDE8384006F01DBA06F0EE
:10F690001BFA0D48E8E706F017FA0C48E4E706F015
:10F6A00013FA0B48E0E706F00FFA0A48DCE738BD2A
:10F6B000688B06009E8B0600D38B060048930600DD
:10F6C000DC8C0600EE8C0600088C06003D8C0600E3
:10F6D000728C0600A78C060038B50B78012B044607
:10F6E000154607D0032B1CD003BB134806F0ECF9DA
:10F6F000124803E0104806F0E7F9114806F0E4F973
:10F70000104806F0E1F9104B104853F8241006F0A9
:10F71000DBF90B2C0FD129460D48BDE8384006F027
:10F72000D3B9054806F0D0F90A48E7E7024806F0E1
:10F73000CBF90948E2E738BD068D0600718D060059
:10F740003C8D0600D38B060048930600DC8C060037
:10F75000EE8C0600A68D0600DB8D060070B5474EC8
:10F760008AB00446042556F8043B1BB11B6A0BB152
:10F7700020469847013D15F0FF05F4D123780A2B68
:10F780000FD00E2B0BD13E4806F09EF93D4B8DF865
:10F79000005068461D708DF8045008F043FB0AB015
:10F7A00070BD63780D2B63D1374806F08DF9354B6A
:10F7B0001A78042A1BD0022628461E7006F090FBF9
:10F7C00032492A46284606F087FBB8B935F00AFDCB
:10F7D000434203F01F0300F01F004FF47A7158BF3B
:10F7E000584200FB01113246284606F077FBA37D04
:10F7F000032B1FD8DFE803F00B24272A40F209313E
:10F80000234806F061F9284606F06AFBEFE7214A33
:10F8100000231380237E617E1B0243EA0143E17DC6
:10F820000B435360E37E217F1B0243EA0143A17E29
:10F830000B439360D4E90101174B83E80300AEE763
:10F84000144A0123E5E7134A0223E2E7237E617E9F
:10F85000104A1B0243EA0143E17D0B43D360E37E80
:10F86000217F1B0243EA0143A17E0B431361E1E7C1
:10F870000E2BDFD1094806F027F9DBE784BB012016
:10F88000108E0600D4EE00201B8E0600010103003E
:10F89000288E0600B8EE0020CCEE0020388E060040
:10F8A00004F0BCBC04F0DCBC04F052BD704704F0B2
:10F8B000ABBD072801D804F0ADBD6FF00200704762
:10F8C00004F0B4BD04F0B8BD014B1878704700BF18
:10F8D000DBEF002004F074BC7FB5054604F070FC3B
:10F8E000431EDBB2012B044603D900F0FD03082BB5
:10F8F0001DD101A804F076FC002201A913460120C5
:10F9000011F8016B1EB100FA02F633439BB20132CB
:10F910000C2AF5D104F0FD02082A01D0012C02D1F5
:10F9200023F480739BB22B80002004B070BD6FF075
:10F930000200FAE72DE9F0418EB080460F4604F050
:10F940003FFC4B4B0093431EDBB2002401AE012B66
:10F95000C6E901440546019404D900F0FD03082BD3
:10F9600040F08380FFF748FE0446002872D1B8F8C3
:10F9700000302BB9012D51D140F2FF13A8F800300F
:10F9800000230193C6E90133B8F8000040FA03F1FF
:10F99000C907DAB210D50DF1380C02F0FE0102F001
:10F9A000010261440CEB420231F834CC32F8382CBD
:10F9B00042EA0C0221F8342C01330C2BE6D105F07D
:10F9C000FD03082B01D0012D0FD1BDF80C30002212
:10F9D00003F47F43ADF80C3011464FF0010CD5B263
:10F9E000072D27D909B1ADF80C30232304A88DF8D1
:10F9F0001030059608F016FA054660B9242304A8CD
:10FA00008DF81030059608F00DFA04F067FFE0B9A4
:10FA100008F034F810B36FF006041BE005F0FD03A6
:10FA2000082B04BFFF23A8F80030022DA8D140F610
:10FA3000FF73A3E740FA02F5ED0741BF0CFA02F1AC
:10FA40000B439BB201210132C9E7284604F04CFF69
:10FA50000028DDD020460EB0BDE8F081002FF9D09F
:10FA6000304604F0CBFB0446F4E76FF00204F1E704
:10FA7000FF0000FF08B504F0EBFCC0B208BD02288F
:10FA800008B503D804F0EAFC002008BD6FF00600BA
:10FA9000FBE704F0EDBC00B58BB0012368468DF8A0
:10FAA000003008F073F838B99DF80400003818BF2A
:10FAB00001200BB05DF804FB0020FAE730B58BB0F5
:10FAC00005460C4604F0D4FC28B92146284604F02B
:10FAD000F3FB0BB030BD0F2C02D86FF00600F8E737
:10FAE000FFF7D9FF30B9014610222846FAF790FAFD
:10FAF0000020EEE70F2368468DF8003008F046F846
:10FB00000028EAD1019B03F1100253F8041B45F8C9
:10FB1000041B9342F9D1EBE730B58BB004460D4698
:10FB200004F0A6FC28B92946204604F0F1FB0BB0EE
:10FB300030BD032D02D86FF00600F8E7FFF7ABFFEA
:10FB400008B92060F3E7072368468DF8003008F015
:10FB50001DF80028EFD1019B1BBA2360E7E730B501
:10FB60008BB004460D4604F083FC28B92946204694
:10FB700004F010FC0BB030BD032D02D86FF006006E
:10FB8000F8E7FFF788FF08B92060F3E70623684627
:10FB90008DF8003007F0FAFF0028EFD1019B2360B9
:10FBA000E8E730B58BB005460C4604F061FC28B997
:10FBB0002146284604F0FCFB0BB030BD0F2C02D8C8
:10FBC0006FF00600F8E7FFF766FF30B90146102234
:10FBD0002846FAF71DFA0020EEE70E2368468DF856
:10FBE000003007F0D3FF0028EAD1019B03F1100297
:10FBF00053F8041B45F8041B9342F9D1EBE704F0DA
:10FC000049BC00B58BB0002368468DF8003007F082
:10FC1000BDFF38B99DF80400032828BFF9200BB0B8
:10FC20005DF804FBF920FAE710B5FFF7EAFF08F0EA
:10FC30003FFC0128044606D040B9064B1870FFF778
:10FC4000E0FF204610BD6FF00500FBE76FF00600F7
:10FC5000F8E700BFD4EE002004F02EBC08B504F095
:10FC60004FFF003818BF012008BD38B50C460546C7
:10FC700009F0FCFC24B12846BDE8384004F034BF4C
:10FC8000204638BD00B58BB02D2368468DF8003076
:10FC900007F07CFF9DF804000BB05DF804FB04F056
:10FCA00041BC04F051BC04F073BC00B58BB004F04F
:10FCB000DFFB01280DD1FFF7EEFE50B12723684688
:10FCC0008DF8003007F062FF00B901980BB05DF8C5
:10FCD00004FB04F06FFCF9E704F07EBC04F08EBC7A
:10FCE00004F0B0BC04F0B4BC1FB52E238DF808306E
:10FCF00004F066FA02A90BF098FF05B05DF804FB6A
:10FD00001FB530238DF8083004F05AFA02A90BF021
:10FD10008CFF05B05DF804FB014B1868704700BF0D
:10FD2000CCEE0020014BB3F900007047FCF000203E
:10FD3000014B93F90000704710F1002010B590B00E
:10FD4000044605A813F03CFF059807A9123813F0E4
:10FD5000ABFF0C9B094903F26C7303930A9B02935C
:10FD60000B9B01330193079B00932046DDE908328A
:10FD7000FAF77AFE002010B010BD00BF458E0600D5
:10FD800000B58BB01F2368468DF8003007F0FEFEEB
:10FD900018B901980BB05DF804FB6FF00600F9E7A5
:10FDA00000B58BB01F2368468DF8003007F0EEFEDB
:10FDB00020B99DF808000BB05DF804FBF920FAE7C4
:10FDC00004F02EBC022801D804F030BC6FF0020011
:10FDD000704700002DE9F04F9FB00C4606A981E85E
:10FDE0000C009DF8193003939DF81B3005939DF886
:10FDF0001C3004939DF818B09DF81AA0064604F034
:10FE00006DFB8046FFF747FE0746002800F044815F
:10FE100007F07EF8054610B16FF00500DCE0A34B5B
:10FE20001A789946002A40F0B38004F045FB022876
:10FE300040F0B98000238DF8540014A88DF850309C
:10FE400007F0F0FF8DF8368004F0EAFB60B104F0B3
:10FE5000E7FB012802D10020FFF7B4FF052314A817
:10FE60008DF8503008F082FC914B1B78012B05D1A6
:10FE7000092314A88DF8503008F078FC09A9E0B2E5
:10FE800007F024FE804624F00CFD60B19DF824307C
:10FE90009DF825208749884851F82810D21A0092E9
:10FEA000224605F011FEB8F1000F00F0A5800023F6
:10FEB0008DF828300C93ADF8343099F8003073B9D0
:10FEC0007E4B059A1E607E4B1C607E4BDA70039A57
:10FED0005A70049A83F800B01A7183F802A00AA835
:10FEE00009F0EEFA784B0E9A1A60044624F0D9FC19
:10FEF000002842D0342314A88DF8503007F046FE75
:10FF000014A807F043FE002837D1704F159B3A78AC
:10FF100093F858606E484FF00C0808FB0232D2F894
:10FF2000901305F0D1FD012E159B3A4602D0082E04
:10FF300040F082801278D3F8C430664902F007029C
:10FF400001FB0231644805F0BFFD159B6348D3F8FF
:10FF5000C41005F0B9FD159B614893F9491005F0EF
:10FF6000B3FD159B5F4893F9481005F0ADFD159B57
:10FF70005D48D968013905F0A7FD002C7FD1002D1F
:10FF800000F08D80594B1B78002B6CD1002023E0B2
:10FF900004F04CFA01283FF43FAF4A4BDB78002BCA
:10FFA0003FF443AF38E704F087FA01287FF44AAF03
:10FFB0004F4B1B78012B0BD0022B10D0002B7FF462
:10FFC00041AF09238DF83C300FA808F0CFFB39E78B
:10FFD000FFF72AFE0028F4D01FB0BDE8F08F002004
:10FFE00005F07EFF0C238DF83C3004F02BFB00F075
:10FFF00007008DF84000E7E7039B3C4D8DF82CB0DF
:020000023000CC
:10000000ADF834400C966BB185F800A0059B6BB140
:10001000049B7BB900238DF82830364B00221A70E0
:100020003D464AE704F0F0F92870EFE704F0FEF9E6
:100030000028EFD00123EEE7022E397809D13020D5
:10004000B1FBF0F200FB1211CAB2D3F8C4302A4956
:1000500076E708FB0133D3F8941300297FF472AFDD
:10006000D3F890136EE704F0E1F9012803D0154BA3
:10007000DB78002B8AD0012389F8003086E7A4F1D1
:100080000E03DBB2012B7FF6C7AE0B2C0AD10E9903
:100090001A4805F019FDBFE66FF00B009CE76FF002
:1000A000020099E76FF0060096E700BF77ED0020A9
:1000B00011F1002048930600678E060078ED0020BD
:1000C00084ED00207CED00207CEE002098BB012018
:1000D000BC8E0600C0270900B98E0600CB8E060034
:1000E000DD8E0600F38E0600088F060076ED0020F8
:1000F000D4EE0020DBEF0020400D0300148F06003B
:100100001FB50021054B0293009104AB13E90C00CD
:100110000348FFF75FFE05B05DF804FB0101030033
:100120003F9506002DE9F04F43788DB00446002B33
:1001300040F0B680B0F90E007B4F7C4E237C3880B7
:1001400040B2337001F060FC237B002B42D0607C16
:100150007749B7F9002051F8201096F9003075481A
:10016000DFF83892DFF838A205F0AEFCA378012B57
:100170000CBF7148714805F0A7FCE178704805F0A4
:10018000A3FC4FF000085FFA88FB584603F036FEE8
:1001900080B9054606E0A2684946D25C584605F09B
:1001A0005DFC0135227BEBB29A42F4D851465846A9
:1001B00005F054FC08F10108B8F1060FE3D1227BE9
:1001C000A1686048F9F7FCFE5F4B227B1A705F4B19
:1001D000E2781A706379012B00F093802378012B69
:1001E00002D10120FFF78CFF594B1A782AB3DFF8B0
:1001F000B49100221A7099F80030F3B996F90030E2
:10020000544DDFF8A48100932A78B7F9003098F8AC
:100210000010514805F058FC504B1B686BB150481A
:1002200099F80020027098F8002042702A788270B5
:100230003A888280327882719847E278E02A11D039
:10024000484B1B6873B14848027022794270A2681B
:100250004260227B0272E2894281227C02736269DF
:1002600002619847414E042556F8043B1BB19B6937
:100270000BB120469847013D15F0FF05F4D13C48ED
:1002800090F8023163B180F802518DF80B508DF86F
:1002900009500095DDE90223B0F80011FFF79AFD3F
:1002A00024F0FFFA50B3342302A88DF8083007F089
:1002B0006DFC02A807F06AFC002830D1637C33BBD8
:1002C0002C4805F001FCA1692B4805F0FDFBE17805
:1002D0002A4805F0F9FBB4F90E10294805F0F4FBA3
:1002E00094F91010274805F0EFFB2179264805F016
:1002F000EBFB039B2548996905F0E6FB0DB0BDE8D3
:10030000F08F04F0D9F800287FF468AF69E7012B7B
:1003100001D11F48D5E7022BD5D11E48D1E71E4891
:1003200005F0D2FBEAE700BFFCF0002010F100204E
:10033000C89306002C8F06003D8F0600488F0600EC
:10034000A4940600DCEF0020DCF00020DDF00020AB
:10035000E6F00020B0EE0020518F060000F10020F2
:10036000DEF0002004F10020E8F0002084BB012032
:10037000D6EE0020708F0600CD8F0600DF8F0600BE
:10038000E98F0600F38F0600FC8F06000C90060034
:100390008D8F0600AA8F06001A90060064030700DE
:1003A0003D950600E7F000207AEE0020F7B5417891
:1003B000044621BB0379294A294D13702378012B68
:1003C00041D12779EFB1274805F07EFB264B1B680A
:1003D0000BB16078984700232B70002001F0A8FC37
:1003E000224E042556F8043B1BB15B690BB1204635
:1003F0009847013D15F0FF05F4D103B0F0BD00238F
:10040000D9E71B4805F060FB1A4B1B7893B12E7897
:10041000B3420FD3184B194919482F7000971A6827
:1004200009681B790068FFF7D5FC0028D3D1013695
:100430002E70D2E700232B700B4B1B68002BCCD007
:1004400060789847C9E700232B70074B1B680BB1F6
:10045000084698470B4805F037FBBEE7DBEF002066
:1004600077ED00203E90060008F1002084BB0120BB
:100470005790060076ED00207CED002084ED0020F2
:1004800078ED002078900600014B1878704700BF87
:1004900011F1002010B50446FFF7FDFA28B1012C38
:1004A00006D8054B00201C7010BD6FF00B00FBE759
:1004B0006FF00200F8E700BF11F1002004F0D4B89B
:1004C00004F0E4B804F0F4B804F004B970B5094DD0
:1004D0002B789A4228BF1A46044608460649164613
:1004E000F9F76EFD054B19782170002119702970FC
:1004F000304670BDDCF00020DCEF0020DDF0002095
:1005000070B5044D064604460FCD0FC42B6823601A
:10051000304670BDB8EE0020F0B591B0002603ACB7
:10052000C4E901660546039603F04AFE431EDBB2AA
:10053000012B0AD9082808D005286BD00A2804D036
:100540006FF00604204611B0F0BD15BB2046ADF893
:10055000185003F047FE0028F2D1BDF818302A46A3
:10056000012114F8010B20B101FA05F213439BB2EB
:10057000012201350C2DF4D10AB1ADF8183000215B
:1005800006A8FFF7D7F904460028D9D104F0ACF942
:10059000D8E71A2301A98DF804300BF046FB1E237F
:1005A0000090C6B206A88DF8183007F0EFFA079B46
:1005B0000022A3F10C010C20D3B29E4204D8B34216
:1005C0005AD16FF00204BDE7013200FB02F7CF59A8
:1005D000AF42F1D11A0910A901EB420203F00F0357
:1005E000012101FA03F322F8343C06A823238DF8F5
:1005F0001830079407F016FC0028A1D1242306A880
:1006000007948DF8183007F00DFC0446002897D1A8
:100610002846BBE7D5B90723ADF80C3006A823233D
:100620008DF81830079407F0FDFB002888D12423AB
:1006300006A88DF81830079407F0F4FB00287FF423
:100640007FAF284604F050F904467BE71E2306A836
:100650008DF8183007F09AFA079933460C2000FB02
:1006600003F28A58AA4203D1012202FA03F3D3E724
:100670000133042BF3D1A4E7002463E708B503F0AA
:100680009FFD431EDBB2012B03D900F0FD000828BB
:1006900003D1BDE8084004F021B96FF0060008BDA1
:1006A00008B5FFF7EBFF68B1074B084900229842F5
:1006B00008BF042203F5C31303F520638B42F6D170
:1006C000104608BD0246FBE7C0AFD235C0FF9536E5
:1006D00008B5FFF7D3FF68B1074B084900229842DD
:1006E00008BF062203F5C31303F520638B42F6D13E
:1006F000104608BD0246FBE76086973660D65A373B
:10070000FFF7BCBFFFF7BABF014B1860002070476E
:1007100004F10020014B18600020704794BB0120B9
:10072000014B1878704700BFD4EE002038B50D4655
:10073000044610B14FF0FF3038BD24F0EBFB002829
:10074000F8D0084B08491860084B4362084B836295
:10075000084BC362084B0363F2224368284698475C
:100760002046E9E784BB012088ED0020D9F602008D
:1007700045F602006B0E030029F4020000B58BB0B1
:1007800030238DF8003068461923019307F04AFBA7
:100790000BB05DF804FB03F0AFBF03F0B3BF03F091
:1007A000BDBF03F0C1BF03F0CBBF03F0CFBF03F069
:1007B000DFBF10B5044620B10120BDE8104003F0B2
:1007C000E1BF04F003FA2046F7E710B504460BF04A
:1007D00022FA40B914B1143C022C04D8BDE81040F0
:1007E00000200BF018BA10BD30B58BB00D46044692
:1007F00003F0E6FCFFF7E9FFA0B1032368468DF89C
:100800000030019407F00EFB38B101280CBF6FF0E7
:1008100005006FF006000BB030BD2946204603F0FE
:100820000BFDF8E76FF01000F5E730B58BB00D4623
:10083000044603F0C5FCFFF7C8FFE8B1082368468B
:100840008DF80030019407F0EDFA38B101280CBFA3
:100850006FF005006FF006000BB030BD092368464D
:100860008DF80030019407F0DDFA0028EED129461A
:10087000204603F007FDEFE76FF01000ECE730B51E
:100880008BB00D46044603F09BFCFFF79EFFA0B122
:100890000F2368468DF80030019407F0C3FA38B191
:1008A00001280CBF6FF005006FF006000BB030BDE3
:1008B0002946204603F012FDF8E76FF01000F5E737
:1008C00030B58BB00D46044603F07AFCFFF77DFF90
:1008D000B0B107238DF80030236868461BBA019336
:1008E00007F0A0FA38B101280CBF6FF005006FF0D7
:1008F00006000BB030BD2946204603F017FDF8E78F
:100900006FF01000F5E730B58BB00D46044603F0EC
:1009100057FCFFF75AFFC8B103F09AFDC0B2012897
:100920000FD1022368468DF80030019407F07AFA5F
:1009300038B101280CBF6FF005006FF006000BB056
:1009400030BD2946204603F011FDF8E76FF0100096
:10095000F5E730B58BB00D46044603F031FCFFF7E8
:1009600034FF30B30C2368468DF80030019407F053
:1009700059FA38B101280CBF6FF005006FF006007E
:100980000BB030BD0D2368468DF80030019407F0A0
:1009900049FA0028EED10E2368468DF80030019404
:1009A00007F040FA0028E5D12946204603F012FD61
:1009B000E6E76FF01000E3E72DE9F04395B0044659
:1009C0000D4690461F4603F053FD611C064629D193
:1009D0006A1C0AD0003D18BF012503F057FE85426E
:1009E00003D0284603F058FE50BBB8F1FF3F07D0B4
:1009F00003F05EFE804503D0404603F05FFEF8B989
:100A00007B1C07D003F066FE874203D0384603F014
:100A100067FEA8B9BCB9204605F062FA734B1C60AA
:100A200000200DE0B4F1000918BF4FF0010903F0F8
:100A30001BFE8145CCD0484603F01CFE0028C7D0E1
:100A400015B0BDE8F08303F0BBFBFFF7BEFE002846
:100A500000F0C880012E40F092808DF8006003F015
:100A60003DFD02238DF8050068468DF8043007F03F
:100A70007DFE5F4B049A1A600446002850D103F0B3
:100A80001BFD012808BF5B4B0AA808BF1C7034235C
:100A90008DF8283007F07AF80B9B9888FFF787FECF
:100AA00023F0FFFE0028CBD034230AA88DF828308D
:100AB00007F06CF80AA807F069F80028B0D14E4D8D
:100AC0000B9B2A7893F858404C480C2606FB0232C0
:100AD000D2F8901304F0F8FF012C0B9B2A4601D0AA
:100AE000082C69D11278D3F8C430454902F00702C6
:100AF00001FB0231434804F0E7FF0B9B4248D3F867
:100B0000C41004F0E1FF0B9B404893F9491004F036
:100B1000DBFF0B9B3E4893F9481004F0D5FF7FE7BD
:100B2000012812D00B282BD1304D002005F0D8F928
:100B30002C6801342C6003F0CDFD844208D90023D9
:100B40002B600499334804F0BFFF6FF0050077E78E
:100B500000223149104605F0BFF9044648B903F0B8
:100B6000A7FD4FF47A7141432246204605F0B6F9BD
:100B7000E7E740F60401294804F0A6FFE1E716B1D3
:100B80006FF006005CE7012368468DF800308DF8B1
:100B9000043007F047F90028F2D103F08DFC022859
:100BA00007D18DF8040068468DF8006007F03AF927
:100BB00076E703F081FC73E7022C297809D1302015
:100BC000B1FBF0F200FB1211CAB2D3F8C4301449E1
:100BD0008EE706FB0133D3F8941300298AD1D3F8AA
:100BE000901387E76FF010002AE700BFB4EE0020F3
:100BF0007CEE0020D4EE002098BB0120BC8E0600C5
:100C0000C0270900B98E0600CB8E0600DD8E0600D7
:100C1000F38E0600148F0600250C03008790060053
:100C2000400D03004FF0FF331A4619460120FFF72D
:100C3000C3BE30B58BB00C46054603F0C1FAFFF7D2
:100C4000C4FD88B1052368468DF800308DF8045046
:100C500007F0E8F803280AD001280BD06CB1284629
:100C600003F01EFC0BB030BD6FF01000FAE76FF020
:100C70000200F7E76FF00500F4E72046F2E7000016
:100C800030B58BB00C46054603F09AFAFFF79DFD90
:100C900000283AD0FEF7FFFEB8B1002368468DF871
:100CA000003006F073FF10B16FF0060011E09DF800
:100CB0000430012B1CD0022B22D0002BF4D1012DAB
:100CC00009D0022D0BD0002DEED10CB3284603F035
:100CD000F9FB0BB030BD0F4B00221A70F5E7022371
:100CE0008DF80430684607F09DF80028EDD0DBE76A
:100CF000012DF7D0022DF2D0002DD5D10023EFE742
:100D0000012DE8D0022DF7D1DFE76FF01000E0E70A
:100D10002046DEE7D4EE002030B58FB00D46044605
:100D200003F04EFAFFF751FD002800F09B800123ED
:100D30008DF81030002C4DD18DF8143004A807F038
:100D400071F800284AD1002C53D11021684603F0D5
:100D5000B3FA0F2304A88DF81030CDF814D007F0A3
:100D600061F800283AD10421684603F0D1FA07233C
:100D70008DF81030009B04A81BBA059307F052F8B9
:100D800060BB1021684603F013FB0C2304A88DF808
:100D90001030CDF814D007F045F8F8B90D2304A8A9
:100DA0008DF81030CDF814D007F03CF8B0B90E2310
:100DB00004A88DF81030CDF814D007F033F868B9D6
:100DC00003F07AFB2146FFF75BFF48B9002D45D1C0
:100DD000284605E004A806F0D9FE18B16FF0060019
:100DE0000FB030BD9DF81430012B08BF8DF81400F2
:100DF000A4E70821684603F0ABFA022304A88DF8A3
:100E00001030CDF814D007F00DF80028E6D10821F5
:100E1000684603F003FA032304A88DF81030CDF8D8
:100E200014D006F0FFFF0028D8D11021684603F047
:100E300017FA082304A88DF81030CDF814D006F066
:100E4000F1FF0028CAD1092304A88DF81030CDF88D
:100E500014D006F0E7FF0028B8D0BFE7204603F023
:100E60000DFBBDE76FF01000BAE710B5012100B12E
:100E70000846FFF751FF4FF0FF33BDE810401A4618
:100E800019460120FFF798BD30B58BB00C460546DA
:100E900003F096F9FFF799FCC0B12D2368468DF851
:100EA00000308DF8045006F0BDFF40B9284602F02E
:100EB000ADFC74B1284603F017FB0BB030BD03281E
:100EC0000CBF6FF002006FF00600F6E76FF0100045
:100ED000F3E72046F1E70000F0B58D4E8BB00446F5
:100EE000042556F8043B1BB1DB690BB1204698473B
:100EF000013D15F0FF05F4D12378013B0B2B4AD8B7
:100F0000DFE813F00C00490049004900D200490015
:100F1000490049008C004900F300BA0065787D4E15
:100F20007D4F002D39D17D4804F0CEFD284604F0D8
:100F3000D7FF356003F0C0FA02280AD18DF804000B
:100F400068468DF8005006F06DFF10B1744804F04B
:100F5000BBFD3B680BB10020984703F0BFFA0021AE
:100F6000FFF792FF03F0A8FA23F09BFC98B134231B
:100F700068468DF8003006F009FE684606F006FE69
:100F8000002847D1674804F09FFD019B6648D3F8CD
:100F9000E41004F099FD0BB0F0BD022D1CD0EB1E47
:100FA000012B1BD8614804F08FFD002004F098FF4E
:100FB00035680135356003F08DFB854213D9002378
:100FC00033603B6823B15A486378436004F05EFFA6
:100FD000584BDB6A9847C5E75748E4E72946574826
:100FE00004F072FDE1E700225549104604F074FF59
:100FF000054648B903F05CFB4FF47A7141432A4639
:10100000284604F06BFFDCE740F249214B4804F02E
:101010005BFDD6E74B4804F057FDBCE74A4B6678CA
:101020001D781C46DEB9012D09D1484804F04CFD5D
:10103000474B1B680BB1304698470023237003F0E1
:101040003BFA0128A7D1434B1A78042AA3D0187081
:101050000B2368468DF8003007F088FB9BE7012DD5
:1010600099D13D4804F030FD394B1B680BB128463F
:101070009847002323708EE76378002B8BD1354A85
:101080008DF8003004210123684611708DF804307A
:1010900006F0C8FE00287FF47EAF304804F014FD4F
:1010A0000220FFF72DF876E72D4B01221A702D4B09
:1010B000227A1A702C4B627A1A7063782B4C237048
:1010C000002B3FF468AF2A4804F0FEFC294B1A6855
:1010D000002A3FF460AF2848237803700023437050
:1010E000837083808371904755E76378002B3FF4CA
:1010F00052AF224804F0E8FC214804F0E5FC154B0F
:101100001A78042A1CBF03221A700923A1E700BF22
:1011100084BB0120B4EE002094BB01209D9006000A
:10112000AB900600FC90060012910600C0900600ED
:101130008CC4002068A60600DE900600879006009A
:10114000250C03001A90060011F1002021910600E1
:101150000CF10020D4EE00203391060049910600E6
:10116000E6F000207AEE0020B0EE0020E7F000204C
:101170005491060000F10020DEF00020388E0600B9
:101180006F91060030B58BB00C46054603F018F899
:10119000FFF71BFB68B1292368468DF800300195E5
:1011A00006F040FE40B954B1284603F0C1F90BB037
:1011B00030BD6FF01000FAE76FF00600F7E7204649
:1011C000F5E730B58BB00C46054602F0F9FFFFF7A6
:1011D000FCFA68B12A2368468DF80030019506F0C4
:1011E00021FE40B954B1284603F0B4F90BB030BD2C
:1011F0006FF01000FAE76FF00600F7E72046F5E71A
:1012000030B58BB00C46054602F0DAFFFFF7DDFA89
:1012100070B11D2368468DF800308DF8045006F03B
:1012200001FE40B954B1284603F0B8F90BB030BD07
:101230006FF01000FAE76FF00600F7E72046F5E7D9
:1012400070B58AB00C46054602F0BAFFFFF7BDFA4A
:1012500000B3272368468DF80030019506F0E2FDC3
:1012600018B16FF006000AB070BD282305F57A7634
:1012700068468DF80030019606F0D4FD0028F0D1C4
:101280005CB1304603F0AEF90028ECD1284603F0FB
:1012900097F9E8E76FF01000E5E72046E3E770B55F
:1012A0008AB00C46054602F08BFFFFF78EFA00B3BA
:1012B000282368468DF80030019506F0B3FD18B17B
:1012C0006FF006000AB070BD2723A5F57A76684650
:1012D0008DF80030019606F0A5FD0028F0D15CB134
:1012E000304603F06DF90028ECD1284603F07AF976
:1012F000E8E76FF01000E5E72046E3E770B58AB055
:101300000C46054602F05CFFFFF75FFAC8B12E23DA
:101310006EB268468DF800308DF8046006F082FDEC
:1013200040B9304602F0E6FA74B1284603F06CF991
:101330000AB070BD03280CBF6FF002006FF006000A
:10134000F6E76FF01000F3E72046F1E730B58BB019
:101350000C46054602F034FFFFF737FA88B11F2329
:1013600068468DF8003006F011FC68B968460195B2
:1013700006F058FD58B96CB1284603F0F7F80BB0E9
:1013800030BD6FF01000FAE76FF00600F7E76FF07E
:101390000200F4E72046F2E770B58AB00C46054635
:1013A00002F00EFFFFF711FA08B31F2668468DF80A
:1013B000006006F0EBFBB8B9212368468DF80030D9
:1013C0008DF8085006F02EFD68468DF800608DF807
:1013D000085006F027FD28B964B1284603F096F8B6
:1013E0000AB070BD032807D06FF00600F8E76FF071
:1013F0001000F5E72046F3E76FF00200F0E7000089
:101400002DE9F04798B00546F8F730F803F020F8DA
:10141000C0B201282AD001F097FC002403F04CF858
:10142000022805D003F024F810B1974BDB6A9847E7
:1014300003F00EF8C0B2012814D19CB903F026F9CC
:1014400080B103F011F9054603F020F9019003F093
:101450002FF9009003F03EF9DDE90021034628460C
:10146000FFF7AAFA204618B0BDE8F087CDB90AF018
:10147000D1FE8648864B0360864B4360864B874986
:101480008360874BC3600023C1E90033854B8B60C9
:101490002A46854BCB6006F031F988B16FF006041F
:1014A000BCE7142D04D102200AF0B4FE0025E0E7C9
:1014B000152D01D10320F7E7162DDAD10420F3E72B
:1014C0007A4B01221A7035238DF8103004A8784B1E
:1014D000059306F0A7FC0028E0D16B1E012B03D971
:1014E00005F0FD03082B29D100230EA8ADF80E301E
:1014F00002F078FE0446002890D1BDF80E300EAA06
:101500000146012412F8016B26B104FA00F10B43E5
:101510009BB2012101300C28F4D109B1ADF80E3095
:10152000FFF7ACF80146002800F09B80FFF7A6F813
:10153000FEF7F2FF044600287FF470AF052D00F09F
:10154000958002F095FF0021FFF7E6FB0446002896
:101550007FF464AF00F0DCFD044600287FF45EAF4A
:1015600002F0AAFF2146FFF78BFB044600287FF418
:1015700055AF02F08FFF2146FFF75BFB04460028C2
:101580007FF44CAF02F0AAFF2146FFF77DFC044632
:1015900000287FF443AF02F0B3FF2146FFF7FCFEC3
:1015A000044600287FF43AAF02F0ECFF2146FFF733
:1015B000CDFE02F0B7FF2146FFF7E4FD0446002808
:1015C0007FF42CAF02F0E4FF2146FFF719FE04463A
:1015D00000287FF423AF02F0EDFF2146FFF730FE35
:1015E000044600287FF41AAF03F008F82146FFF7FD
:1015F00085FE044600287FF411AF03F081FA08F05D
:1016000035F8342504A88DF8105006F0BFFA059E71
:1016100003F0A8F8B08003F0C1F8003818BF01202B
:1016200086F8AF0102F024FF002849D021480CF0D1
:1016300085F8214810F052FAFFF7A0F806F01EFADC
:10164000054600287FF42AAF022004F06CF933F03D
:10165000A5FD1A492846FFF769F800283FF4DEAED9
:101660001CE70DF10E00FEF765F963E7FFF706F8DA
:1016700000283FF466AF0020FEF74EFF0446002826
:101680003FF45FAFCAE600BF68A60600A0EE0020E8
:10169000AD03030025010300D90E030090EE0020E6
:1016A0005DF7020095F502007DF50200DAEF0020FB
:1016B0000003000174C400207CC4002080EE0020E0
:1016C0000EA88DF8385006F061FA0F9F03F084F8E9
:1016D000064603F09FF8054603F0B4F8824603F08F
:1016E000C9F8814603F0DEF8382180463046FDF720
:1016F00094FF736B984209D133463A4606F138019C
:1017000053F8040B42F8040B8B42F9D120212846F0
:10171000FDF783FFEB6998420AD12B4607F13802A7
:1017200005F1200153F8040B42F8040B8B42F9D168
:101730004FF4C2715046FDF770FFDAF880319842DD
:1017400006D14FF4C272514607F15800F8F738FC41
:101750004FF4D0714846FDF760FFD9F89C319842AC
:1017600006D14FF4D072494607F5EE70F8F728FC21
:10177000002308F1040207F5657758F8031009B152
:10178000D158F9500C33B3F5587FF6D102F082FEF0
:1017900000283FF44BAF02F0A1FE0021FFF774FBDD
:1017A00000283FF443AF39E638B502F051FEC0B22D
:1017B00001280DD002F006FB02F016FB03F016FC28
:1017C000D8B11E491E4804F07FF96FF0060412E0FC
:1017D00002F0F6FCA0F11403DBB2022B054698BF21
:1017E0000025FDF709FF04460028E3D028460AF04B
:1017F00012FA0028DED0204638BD00F0BBFC0028DD
:10180000E3D102F025FEC0B2012801D00024F2E7A6
:1018100002F0D6FCA0F11403DBB2022B054698BF00
:10182000002502F0CDFCFFF7EBFD04460028EDD0CB
:1018300028460AF0F0F90028E8D0DCE7A893060073
:1018400086910600F0B58BB0064602F0B9FC8642E0
:1018500000F09C803046FEF7B8FF002800F098802A
:10186000FDF7CAFE044618B14B4B1B78002B64D120
:1018700000F080FC002860D103F036F8074600280D
:101880005BD102F09FFA02F0AFFA002E58D101208E
:101890000AF0C0FC3546414941482A4605F02EFF72
:1018A000002870D12C2368468DF8003006F06EF9C0
:1018B000002868D19DF8040002F016FE04460028B6
:1018C0003BD1202768468DF8007006F05FF90028AC
:1018D00059D19DF8080002F019FE044668BB68461D
:1018E0008DF8007006F052F900284CD1019802F0F2
:1018F0003DFE044608BB2F2368468DF8003006F0F5
:1019000045F900283FD19DF8040002F07DFE044611
:1019100098B96B1EDBB2012B24D905F0FD03082B0F
:1019200020D0002E18BF3546284602F04FFC044652
:1019300018B92846FFF764FD044620460BB0F0BDF9
:10194000142E04D102200AF065FC3D46A3E7152EB3
:1019500001D10320F7E7162E01D10420F3E7354625
:101960003E4698E7242368468DF8003006F00EF9CD
:1019700048B9019802F042FC04460028DDD102F08B
:10198000B3FF0028CDD06FF00604D6E70024D4E7DB
:101990006FF01004D1E700BFDAEF002090EE0020D6
:1019A000A0EE002013B5064C6368984728B9E36A97
:1019B000019302B0BDE81040184702B010BD00BF4F
:1019C00068A6060008B5074B5B689847014640B912
:1019D0002A2003F09BFEBDE8084001212A2003F0E5
:1019E00095BE08BD68A6060008B5034B5B6898471E
:1019F000003818BF012008BD68A60600014B18700A
:101A0000704700BF98BB0120024B034A1B78D0549B
:101A1000704700BF98BB012012F100202DE9F04370
:101A20008BB02323054668468DF8003006F0AEF8EB
:101A30000246002851D12A4B2A4CD3F800C093F912
:101A400006E006462046B7B2002101EB0209CC456C
:101A50001FFA81F82ED114F90190F1452AD1B8F17D
:101A60000F0F1AD1052F06D14FF0FF321A60002058
:101A70000BB0BDE8F0830136019A32F8162031012F
:101A800002F001029A80425C19609A71144B03CBF8
:101A9000286069606FF00D00EAE7013101240A4413
:101AA00004FA01F1019C1A6034F81640825C21406E
:101AB0009980EAE701311029C7D10136062E02F1DB
:101AC000100204F11004BED100221A60019A12889B
:101AD00002F001029A800278D7E76FF00600C7E7AC
:101AE00094C4002012F1002010B58AB088B3FDF72D
:101AF000D0FF0128044609D1FDF7CDFF30B94FF0E2
:101B0000FF331A4619462046FEF756FF002007F01D
:101B1000ADFD01221149042004F0DEF9024698B916
:101B200041F28831042004F0D9F9462301246846A3
:101B30008DF800308DF8044006F074F92046FEF769
:101B400038FE00200AB010BD4721054803F0BCFF55
:101B5000EBE7042004F0C4F9F3E700BF011C030025
:101B60006B9006002DE9FF47214D224E224FDFF8F2
:101B70008C808DF8080001232B70432333700023E1
:101B80008DF809308DF80B304FF0E00957F8042B31
:101B9000DCB2B2B11369A3B12046FDF753FC80B1AA
:101BA00057F8043CDB68984758B198F80AA0D8F871
:101BB0000C1052463046F8F703FA85F800A08DF86D
:101BC0000890631CDAB2042A5BB2DFD100230093D1
:101BD00004AB13E90C0029780648FEF7FBF820B99E
:101BE000064B587004B0BDE8F0874FF0FF30F9E7BE
:101BF000B4BB012072F1002084BB0120ACA70120FE
:101C000010B5FDF746FF0128044609D1FDF743FF53
:101C100030B94FF0FF331A4619462046FEF7CCFE86
:101C2000BDE810400220FFF79DBF00002DE9FF41F5
:101C30004FF4807200213A483A4E3B4CF8F7E8F9ED
:101C40000023337005F07CF980B2C82884BF1438B3
:101C500080B2E36806389842606146D30021A170E3
:101C6000237133782E4F2278FA545A1CD2B26078FE
:101C7000B8549A1CD2B2A078B854DA1CD2B2E07828
:101C8000B854581D0433DBB294F8048007F803807D
:101C9000A368C5B24246194457FA80F0F8F790F9A4
:101CA00005EB0802D2B200233846D9B28A4230D8B6
:101CB0001E4B1B481B788DF8083001238DF80B3024
:101CC000A369003B18BF01238DF80C3000238DF869
:101CD00009300093013204ABD1B213E90C0031702A
:101CE000FEF778F804B0BDE8F08121695B1AB3FB18
:101CF000F0F5EAB200FB15354DB9A270A278984212
:101D000002F1FF3228BF1846A2702071A9E7013204
:101D1000F3E717F8011B855C294481540133C4E7BC
:101D200064F2002064F30020B8BB012065F30020BA
:101D30000D4A1378BBB10D4B80B9997809B9117070
:101D400070471A78197960F341021A70DA78013213
:101D5000DA701A690A441A61FFF768BF1A7842F00C
:101D600002021A70F8E770476CF30020B8BB01203C
:101D70002DE9F8431C46431EDBB2DE2B0E4605461A
:101D800011462AD8B4F5806F27D8164F164BDFF8C6
:101D900064904FF001082246384683F80080F8F737
:101DA0000FF9C9F80040114C237823F0030343EAEC
:101DB00008032370FF2004F077F800232361D9F88B
:101DC0000030E3600A4B607084F803801D70A760E8
:101DD000A661BDE8F843FFF729BF6FF00200BDE838
:101DE000F88300BFD4BB01206CF30020B8BB0120F6
:101DF00065F3002068F3002084B0F0B58BB010AC20
:101E000084E80F006C4A119800238DF803301146C6
:101E100016464C68A04200F0CC800133042B01F13F
:101E20003401F6D100255168ECB2002940F0B680AB
:101E300010AB4FF4807713F8082B8DF87050CDE974
:101E4000020316ABCDE90431022A4FF6FF73069365
:101E50008DF81C201A9BADF804708DF8064060D1F7
:101E6000002B32D008939DF86C308DF8243001A8F7
:101E700006F032FB002840F09C809DF806000DF132
:101E8000030207A906F0BAFB9DF8033023F0030311
:101E9000184310F0FF0F40F08C80342404FB0564DD
:101EA00010AD0FCD0FC40FCD0FC40FCD0FC42B68D5
:101EB0004148236002F0FEFC002818BF6FF00600C6
:101EC0000BB0BDE8F04004B07047FDF703FD0A28F1
:101ED0006FD8DFE800F0060A161A1C1E20220A241A
:101EE0000A00364B0893022302E0354B089308237F
:101EF0008DF82430089B1A939DF824308DF86C30AF
:101F0000B5E7304B08930023F2E72F4BFAE72F4B4E
:101F1000F8E72F4BF6E72F4BF4E72F4BE2E72F4B79
:101F2000F0E74BB108939DF86C308DF82430BDF884
:101F30006E30ADF826309AE7FDF7CCFC0A2838D889
:101F4000DFE800F0060A161A1C1E20220A262800C6
:101F5000234B0893032302E0194B089308238DF8C1
:101F60002430089B1A939DF824308DF86C30DEE7FE
:101F70001C4B08930223F2E71B4BEAE7134BE8E7FD
:101F8000134BE6E7194BE4E7134B08930423E6E70A
:101F9000174BDEE70A4B08930A23E0E70135042DCF
:101FA00002F134027FF43FAF124834220021F8F7E7
:101FB0002FF86FF00F0083E7D4BF012000EA063747
:101FC000A070083720441E1E8068D92E2876E81994
:101FD00008E6D333E013F336F080A633E069CD335F
:101FE00040F7093720937F1D4026CA2E60630537CE
:101FF00010D62D05A4C00120F8B51B4E0023324693
:1020000035465168814229D1342707FB035595F89D
:10201000300006F0C3FA044618B16FF006052846F2
:10202000F8BD01463A462846F7F7F2FF0E4802F09F
:1020300041FC05460028F0D1034672680AB101341C
:10204000E4B20133042B06F13406F6D1002CE6D1BC
:10205000FDF702FE2146FEF713FEE0E70133042BF5
:1020600002F13402CDD1D8E7D4BF0120F0B58FB052
:10207000264C06463422002101A8F7F7C9FF0123A8
:1020800084F83130022384F86530032384F89930D2
:10209000042384F8CD3034220DEB0301304633F0B5
:1020A0006FF890B9194B324603F130051C4603CC4A
:1020B000AC4210605160234602F10802F6D1186864
:1020C00010606FF00D000FB0F0BD274600253422E0
:1020D0003946304633F054F890B9032DF3D0342309
:1020E00005FB03332344324603F130051C4603CC81
:1020F000AC4210605160234602F10802F6D1DEE7DF
:102100000135042D07F13407E1D1CBE7D4BF01201D
:102110002DE9F043BFB002F0C9FBD02201460AA866
:10212000F7F74EFF0AAE4FF000084FF0340973681E
:1021300053B908F10108B8F1040F06F13406F6D1DD
:1021400000203FB0BDE8F0833EAB09FB0834A4F1AA
:10215000D007C03C0FCC6D460FC50FCC0FC5236810
:102160002B6097E80F00FFF747FE0028E1D06FF0E3
:102170000600E6E738B5094C0025606830B901353E
:10218000042D04F13404F8D1002038BDFFF734FFEA
:102190000028F4D06FF00600F7E700BFD4BF01209D
:1021A000064B1B6810B5044603B19847044B0CB1AD
:1021B00000225A7000225A7110BD00BFACC001202D
:1021C00093F4002070B5064E04464518AC4200D189
:1021D00070BD14F8011B304603F076FCF6E700BF33
:1021E00049D7060008B5074B00225A7022F059FB68
:1021F00018B10549054803F067FCBDE8084003F045
:1022000011BB00BF93F40020E89406002EDE060008
:1022100038B5114C00236370A37002F019F910F067
:10222000FF0F0CBF0D480E4803F04EFC0D4B022271
:102230005A720D4A156815B193E80700A847E3786C
:1022400043B9237933B9094B1B6B9847BDE8384034
:1022500003F0E8BA38BD00BF93F40020E093060015
:10226000FB9306009CF40020A4C0012068A6060091
:10227000134B9978002210B55A701A4619B9D978BB
:1022800009B91B7913B10123537010BD02F0E0F8B6
:1022900010F0FF0F0CBF0B480B4803F015FC0B4B65
:1022A00001225A720A4A146814B193E80700A04741
:1022B000084B1B6B9847BDE8104003F0B3BA00BF52
:1022C00093F4002016940600339406009CF400203A
:1022D000A4C0012068A6060013B5114C002363704A
:1022E000104B1B6803B1984702F0B2F810F0FF0FD3
:1022F0000CBF0D480D4803F0E7FB03F093FA237978
:102300005BB1012363700A4C236B9847636B0193A5
:10231000002002B0BDE81040184702B010BD00BF59
:1023200093F40020A8C00120509406006294060097
:1023300068A6060008B502F08BF8C0B208BD000020
:10234000044B587820B9987810B9D87800B9187922
:10235000704700BF93F4002002F0D2BA044B054A44
:10236000034493428CBF6FF002000020704700BF0F
:10237000802E0FF7809E473002F0D2BA053807282A
:102380008CBF6FF002000020704708B502F0D8FA49
:102390007D2806D0FA2806D0B0F5FA7F08BF0220C3
:1023A00008BD0020FCE70120FAE7000010B5044654
:1023B00002F04EF810F0FF0F0DD17D2C01D100205E
:1023C00010BDFA2CFBD0B4F5FA7FF8D0092CF6D961
:1023D0006FF00200F4E702F03BF8C0B20228EED141
:1023E000024BA4F596549C42F1E700BF780D07001C
:1023F00002F0C2BA03288CBF6FF0020000207047C1
:1024000002F0CABA042894BF6FF00200002070479F
:1024100002F0D2BA053811288CBF6FF002000020FC
:10242000704702F0D9BA02F0DDBA02F0E5BA02F064
:10243000F5BA02F00DBB02F01DBB08B502F0AEFB11
:10244000003818BF012008BD02F0AEBB2DE9F04FE7
:10245000FF29ADF50D7D0C46164675D80DF598781B
:102460000A4601464046F7F7ABFD14F00F010ABFDC
:102470001022C1F110011146234618BFCAB20C4404
:102480009C425DDC0FAD10212846FFF7D2FF5FFABA
:1024900084F9AA46C4F303142A46002312F8011B48
:1024A000C9B90133102BF9D1294B5F694FF0040BE7
:1024B000B847030A8AF80C008AF80D30BBF1010B0B
:1024C0004FEA10434FEA10608AF80E308AF80F0086
:1024D000AAF1040AECD195E80F000DF11C0A8AE874
:1024E0000F00102200212846F7F792FD1021284600
:1024F000FFF7A1FF9AE80F000BAF87E80F0010214C
:1025000003A8FFF792FF2A46102103A80FF092FBC1
:10251000314600955346224640460FF075FD4E4425
:102520003B4603CBAB42306071601F4606F10806A4
:10253000F6D109F11000C0B20DF50D7DBDE8F08FA8
:1025400008F8032001339BE76FF00200F4E700BFB7
:1025500068A606002DE9F0411446C8B0A1F11102A9
:102560000646024407A810230746013B12F8015F04
:1025700000F8015B9BB2002BF7D110398DB222F02D
:1025800090F948B1C54803F09FFA38461021FFF78B
:1025900019FEC34803F098FA10210DF12C0803A886
:1025A000FFF743FF4246102103A80FF043FB3B46D1
:1025B0002A09CDF80080214630460FF0F1FE62195D
:1025C000284612F8013C012B04D1681EC0B248B065
:1025D000BDE8F081022B05D112F8023C022BF5D1A7
:1025E000A81EF3E7032B09D112F8023C032BEDD10F
:1025F00012F8033C032BE9D1E81EE7E7042B0DD1C9
:1026000012F8023C042BE1D112F8033C042BDDD17B
:1026100012F8043C042BD9D1281FD7E7052B11D180
:1026200012F8023C052BD1D112F8033C052BCDD179
:1026300012F8043C052BC9D112F8053C052BC5D175
:10264000681FC3E7062B15D112F8023C062BBDD13B
:1026500012F8033C062BB9D112F8043C062BB5D175
:1026600012F8053C062BB1D112F8063C062BADD171
:10267000A81FABE7072B19D112F8023C072BA5D1F5
:1026800012F8033C072BA1D112F8043C072B9DD173
:1026900012F8053C072B99D112F8063C072B95D16F
:1026A00012F8073C072B91D1E81F8FE7082B22D1A6
:1026B00012F8023C082B89D112F8033C082B85D173
:1026C00012F8043C082B81D112F8053C082B7FF44A
:1026D0007DAF12F8063C082B7FF478AF12F8073C68
:1026E000082B7FF473AF12F8083C082B7FF46EAF11
:1026F000A5F108006AE7092B2AD112F8023C092B40
:102700007FF464AF12F8033C092B7FF45FAF12F83B
:10271000043C092B7FF45AAF12F8053C092B7FF4D7
:1027200055AF12F8063C092B7FF450AF12F8073C66
:10273000092B7FF44BAF12F8083C092B7FF446AF0E
:1027400012F8093C092B7FF441AFA5F109003DE7E0
:102750000A2B2FD112F8023C0A2B7FF437AF12F864
:10276000033C0A2B7FF432AF12F8043C0A2B7FF4AF
:102770002DAF12F8053C0A2B7FF428AF12F8063C67
:102780000A2B7FF423AF12F8073C0A2B7FF41EAF0D
:1027900012F8083C0A2B7FF419AF12F8093C0A2BF7
:1027A0007FF414AF12F80A3C0A2B7FF40FAFA5F1A7
:1027B0000A000BE70B2B34D112F8023C0B2B7FF4F1
:1027C00005AF12F8033C0B2B7FF400AF12F8043C6A
:1027D0000B2B7FF4FBAE12F8053C0B2B7FF4F6AE0F
:1027E00012F8063C0B2B7FF4F1AE12F8073C0B2BD2
:1027F0007FF4ECAE12F8083C0B2B7FF4E7AE12F836
:10280000093C0B2B7FF4E2AE12F80A3C0B2B7FF451
:10281000DDAE12F80B3C0B2B7FF4D8AEA5F10B000C
:10282000D4E60C2B3ED112F8023C0C2B7FF4CEAE3A
:1028300012F8033C0C2B7FF4C9AE12F8043C0C2BAD
:102840007FF4C4AE12F8053C0C2B7FF4BFAE12F837
:10285000063C0C2B7FF4BAAE12F8073C0C2B7FF42D
:10286000B5AE12F8083C0C2B7FF4B0AE12F8093C60
:102870000C2B7FF4ABAE12F80A3C0C2B7FF4A6AE07
:1028800012F80B3C0C2B7FF4A1AE12F80C3C0C2B75
:102890007FF49CAEA5F10C0098E600BF749406008E
:1028A0003D9506000D2B3ED112F8023C0D2B7FF416
:1028B0008DAE12F8033C0D2B7FF488AE12F8043C69
:1028C0000D2B7FF483AE12F8053C0D2B7FF47EAE0A
:1028D00012F8063C0D2B7FF479AE12F8073C0D2B55
:1028E0007FF474AE12F8083C0D2B7FF46FAE12F833
:1028F000093C0D2B7FF46AAE12F80A3C0D2B7FF4D5
:1029000065AE12F80B3C0D2B7FF460AE12F80C3C58
:102910000D2B7FF45BAE12F80D3C0D2B7FF456AE01
:10292000A5F10D0052E60E2B43D112F8023C0E2BFE
:102930007FF44CAE12F8033C0E2B7FF447AE12F836
:10294000043C0E2B7FF442AE12F8053C0E2B7FF4B4
:102950003DAE12F8063C0E2B7FF438AE12F8073C61
:102960000E2B7FF433AE12F8083C0E2B7FF42EAE04
:1029700012F8093C0E2B7FF429AE12F80A3C0E2BFC
:102980007FF424AE12F80B3C0E2B7FF41FAE12F82E
:102990000C3C0E2B7FF41AAE12F80D3C0E2B7FF47C
:1029A00015AE12F80E3C0E2B7FF410AEA5F10E0002
:1029B0000CE60F2B48D112F8023C0F2B7FF406AE29
:1029C00012F8033C0F2B7FF401AE12F8043C0F2BDE
:1029D0007FF4FCAD12F8053C0F2B7FF4F7AD12F835
:1029E000063C0F2B7FF4F2AD12F8073C0F2B7FF45F
:1029F000EDAD12F8083C0F2B7FF4E8AD12F8093C5E
:102A00000F2B7FF4E3AD12F80A3C0F2B7FF4DEAD01
:102A100012F80B3C0F2B7FF4D9AD12F80C3C0F2BA6
:102A20007FF4D4AD12F80D3C0F2B7FF4CFAD12F82C
:102A30000E3C0F2B7FF4CAAD12F80F3C0F2B7FF426
:102A4000C5ADA5F10F00C1E5102B08BFA5F1100021
:102A5000BCE500BF2DE9F0432C4D4FF00009C1B09B
:102A600080460C4617461E4685F8019085F8029070
:102A700001F0B2FF002840D04FF48072494668460A
:102A8000F7F7C6FA23071EBF24F00F041034A4B2D0
:102A900021466A464046FFF75DFDC4B222466946BC
:102AA0001B48DFF86C80F7F78BFA01F0D1FC10F0CF
:102AB000FF0F0CBF174818483246394603F004F898
:102AC00021464046FFF77EFB144802F0FDFF144903
:102AD00000234B72134BCF801B680E720C71C1F830
:102AE00000800BB107C99847EB780BB92B793BB144
:102AF00001236B7041B0BDE8F08322464146CFE729
:102B0000094B1B6B984702F08DFEF3E793F400200E
:102B100094F3002085940600979406003D950600E6
:102B20009CF40020A4C0012068A6060001F0D0BFDC
:102B300001F0D4BF01F0FCBFF82801D801F0FEBFBE
:102B40006FF00200704701F0E1BF01F0E5BF02F055
:102B500001B802F005B802F00FB8000070B5074BDD
:102B60005D6C0446010A4FF4E860A847E1B22B46C9
:102B700040F24170BDE87040184700BF68A60600EB
:102B80002DE9F04F2DED028B99B001F0E3FF0D9090
:102B900001F0BCFF0E9001F0CBFF109001F09EFF02
:102BA00008EE100A01F094FF814601F0E5FF08EEFF
:102BB000900A02F067FB002800F0A38012A802F040
:102BC0006DFB129B9DF85C809DF84CB0BDF85A508F
:102BD0000C9301F03DFC10F0FF0F40F08A80149C34
:102BE0009DF85870013701F033FC10F0FF0242D11C
:102BF0000B9201F09DFF6FF07F4308930E9BDFF86F
:102C000044A107930D9B0B9A0F90CDE90253DAF87C
:102C10001C301192FEB20120CDE90522CDE900B6AB
:102C200004900B964FFA88F11E462346B0470F9B3F
:102C3000119A0092B3FA83F35B0909930E9B0893F0
:102C40000D9B0393BDF84030CDE90153DAF81830FD
:102C50000120CDE90420CDE906221E465A460B9BF1
:102C60002146B0470120DAF85430FF21984718EE8A
:102C7000900AFFF773FF01F0EBFBC0B20228314E60
:102C80002ED100206FF07F43CDE90703F369CDF823
:102C900000904FF0010A5FFA87FBCDE90500CDE90E
:102CA000030ACDE901B518EE102A1F464FFA88F144
:102CB0002346B84700200523CDE90153CDE907009D
:102CC000CDE905A0CDE9030000905B462146B5693A
:102CD000CDF824A04A46A847736DFF215046984777
:102CE0000C98F3689847002019B0BDEC028BBDE842
:102CF000F08F01F0ADFBC0B2022804BF159C640840
:102D00006EE701F0FDFD0C9001F056FE804601F0EB
:102D100007FE834601F040FE054601F099FB10F0E6
:102D2000FF0F06D1FFF731FB044601F025FE471CDB
:102D300059E701F08DFBC0B20228F6D1FFF725FB61
:102D40004408F2E768A606000A4808B50A4B036083
:102D50000A4B83600A4B43600A4BC3600A4B036112
:102D60000A4B83610A4B1B689847FFF709FF002055
:102D700008BD00BF70F30020D9220300552A0300CC
:102D8000E52103007122030011220300A1210300A9
:102D900068A60600F8B52C4B16465A7805460C4630
:102DA0001F460AB11B790BB301F016FE08B321468A
:102DB000264A2846FFF74AFBC4B2254DFFF7E0FE3E
:102DC00002F028FD2B6B984701237B70BEB17B710D
:102DD000AB6B98477B792BB110F06DFC8028F9D153
:102DE0000FF070FD7B7853B902F01CFD6FF0050009
:102DF00028E0224629461548F7F7E2F8DDE7134EAA
:102E0000AB6A21463046984721F04BFDD0B101F026
:102E1000E3FD58B10F4802F057FEA4F11000304412
:102E20001021FFF7CFF90C4802F04EFE21460B4867
:102E300002F04AFE05482146FFF7C4F9064802F0B1
:102E400043FE0020F8BD00BF93F4002094F300205F
:102E500068A60600A99406003D950600BA940600EF
:102E6000B0F5803F70B5044642D2431E0D2B224B75
:102E70004FF0000298BF0F24C3E900229A601F4B55
:102E80005CB19A781AB9DA780AB91A792AB11C4869
:102E900002F01AFE6FF0050070BD0122194D5A7044
:102EA0004CB99C705C70DC701C7102F0BBFC2B6B2D
:102EB00098470020F0E74FF6FF718C426E6B09D106
:102EC0009A70FFF75DFE2B6B98470020B04702F029
:102ED000A1FCEEE74FF6FE718C4201D1DA70F0E70B
:102EE0004FF6FD718C4201D11A71EAE72046EDE7F9
:102EF0006FF00200D0E700BF9CF4002093F40020A4
:102F0000D494060068A6060008B5074B074A034498
:102F1000934205D801F0FAFCFFF732FE002008BD0D
:102F20006FF00200FBE700BF802E0FF7809E473056
:102F300008B5431F072B05D801F0F8FCFFF720FE6A
:102F4000002008BD6FF00200FBE7000010B504464A
:102F500001F07EFA10F0FF000CD17D2C14D0FA2C79
:102F60001CD0B4F5FA7F1BD0092C0ED96FF00204E7
:102F7000204610BD01F06CFAC0B2022805D1094B01
:102F8000A4F596529A42F0E70446204601F0E2FC8E
:102F900004460028ECD1FFF7F3FDE9E70124F4E74C
:102FA0000224F2E7780D0700032808B505D801F0E0
:102FB000E9FCFFF7E5FD002008BD6FF00200FBE72C
:102FC000042808B505D901F0EDFCFFF7D9FD002074
:102FD00008BD6FF00200FBE708B5431F112B05D8B1
:102FE00001F0F0FCFFF7CCFD002008BD6FF00200FF
:102FF000FBE70000084BA0F516729A4210B5044694
:1030000006D8FFF7BDFD2046BDE8104001F04CBDDD
:103010006FF0020010BD00BFE80A0300084BA0F5E6
:1030200016729A4210B5044606D8FFF7A9FD20464D
:10303000BDE8104001F042BD6FF0020010BD00BFBE
:103040008891040010B501F09DFD0446F6F70EFAD4
:10305000FFF796FD204610BD08B502F0DBFB024AE3
:1030600013680133136008BD04F80020094B1B6886
:1030700010B513B1084B1B6D3BB9084C236823B145
:1030800002F0D0FB2368013B2360BDE810400448F8
:1030900002F01ABDFCF60020A8C4002004F80020AD
:1030A000F4940600F7B5164C164E2368164D30689A
:1030B0002F68013B2360154B21681A686423434342
:1030C000511A3844B3FBF0F3114802F0FDFC2368B9
:1030D00010493BB14B6B019341F2883003B0BDE81E
:1030E000F04018470C48336002782B600B6B01935B
:1030F00022F00802027003B0BDE8F040184700BF9C
:10310000FCF60020CCF40020D0F4002000F70020D2
:10311000FF94060068A60600D4F40020024A136853
:1031200001331360FFF7BEBFCCF40020FFF7F6BFFA
:1031300010B5064C206801302060114604481A463C
:1031400002F0C2FCBDE81040FFF7ACBFD0F4002095
:103150001D950600F8B5284D284A2B78976A284C0B
:10316000284E002B2ED0236D013B2365606CD36865
:103170009847E17D2448B847616C244802F0A4FCDC
:103180003268216D2248511A02F09EFCE36C626C99
:1031900013446364626CA36C9A4282BF1D4B1B682C
:1031A0006364246D24B1BDE8F8401B4810F03CBEB8
:1031B0001A4A1948137823F00403137010F0A8FE7C
:1031C0002C70F8BD164D10482B68013B2B60E17D3B
:1031D000B847326829680E48511A02F075FC2B680E
:1031E000002BE0D10D4A0C48137823F00403137030
:1031F000BDE8F84010F08CBEF8F6002068A6060086
:10320000A8C4002000F7002004F700204095060025
:1032100052950600F4F60020D8F40020D4F40020E3
:10322000FCF60020F8B5294D294A2B78976A294CDD
:10323000294E002B30D0236D013B2365606CD36891
:103240009847E17D2548B847616C254802F03CFC71
:10325000216D32682348511A02F036FC226D336822
:103260009B1A214A1178B3FBF1F201FB12331F4A7A
:1032700052F823306364246D24B1BDE8F8401C4843
:1032800010F0D2BD1B4A1A48137823F004031370C0
:1032900010F03EFE2C70F8BD174D10482B68013B16
:1032A0002B60E17DB847326829680E48511A02F058
:1032B0000BFC2B68002BE0D10E4A0D48137823F04D
:1032C00004031370BDE8F84010F022BEF8F60020A9
:1032D00068A60600A8C4002000F7002004F700201C
:1032E0004095060052950600F0F40020F4F400200A
:1032F000D8F40020D4F40020FCF6002070B50D4C6A
:10330000C00000220221824201D1002070BDC1F321
:10331000001383EA1123D51043EA410302F00706A4
:10332000C3F3080103F00103B340665D3343635503
:103330000132E8E704F70020064B10B5064C1B6B82
:103340009847236823B102F06DFA2368013B23609C
:1033500010BD00BF68A6060004F8002038B50D4D6A
:10336000287810F0010411D1FFF776FE2B7843F096
:1033700001032B70084B186B93F82410074B4FF682
:10338000FF72DB6B49B29847204638BD6FF00500ED
:10339000FBE700BFD4F40020A8C4002068A6060004
:1033A0000B4B0C4810B500221A7010F0B1FD0A4802
:1033B0000A4C10F0ADFD0A4BDB6A9847236803B94D
:1033C00010BD02F02FFA2368013B2360F6E700BF2F
:1033D000D4F40020D8F400209CBB012004F8002085
:1033E00068A606002DE9F04F284A137899078DB09A
:1033F000834648D4264C274D206B43F002031370BC
:10340000EB689847206894F82410A26AD4ED017AFA
:10341000A6680B96277BA68A94F816C094F818E045
:1034200094F8198094F81A9094F81BA0E36AB6B245
:10343000CDE907A30B9B0093CDE9017617EE903AF7
:10344000CDE90589CDE903CEEE6949B2C0B2B047F6
:10345000636BB3B96B6B6FF07F409847322001F01C
:10346000FEFF2B6C00209847EB6AABF800009847F2
:10347000064A137823F00203137000200DB0BDE854
:10348000F08F6B6EE7E76FF00500F7E7D4F40020EC
:10349000A8C4002068A6060010B50446FFF7DCFDAE
:1034A000226B144B1344144A934220D894F82430CE
:1034B0000933DBB21F2B1AD86368062B17D8A36811
:1034C000053B072B13D8237B013B032B0FD8236825
:1034D000022B0CD8A36A094AA3F59653934206D847
:1034E00007485422214602F032FD002010BD6FF043
:1034F0000200FBE7802E0FF7809E4730780D070013
:10350000A8C4002008B50349542202F020FD002081
:1035100008BD00BFA8C400202DE9F04F304C8DB08D
:103520000B90207810F0040857D1FFF795FD237811
:103530002C482D4D43F00403237002F0C5FA2B48AC
:103540002B4B03602B4B83602B4B43602B4B2C4C42
:10355000C3602C4B03612B689847E07DFFF7CEFEDC
:10356000206BEB689847206894F82410A26AD4ED89
:10357000017AA76894F80CC0A68A94F816E0237E16
:1035800094F8199094F81AA094F81BB0E46A009784
:10359000B6B2CDE903E3CDE901C617EE903ACDE925
:1035A00007B449B2C0B2CDE9059AEC69A047164B01
:1035B0000B9A1A601A68154B154916481A6010F0D4
:1035C0002BFC14484FF4FA7110F0CEFC114810F0A7
:1035D0002BFC40460DB0BDE8F08F6FF00500F9E719
:1035E000D4F400206E95060068A60600A8F400201A
:1035F0006D30030031310300393303001D31030006
:10360000A8C400202D310300FCF6002000F70020A4
:1036100055310300D8F400202DE9F04F2C4D04461D
:10362000287810F008088DB04FD1002C4DDDFFF741
:1036300013FD2B78274843F008032B70264B0360BB
:10364000264B8360264B274D4360274BC360274B97
:1036500003612B689847264B1C601A68254C264B43
:10366000206B1A60EB68984720686168A268237B2A
:1036700026690B9607EE903AA68A276A94F816C038
:1036800094F817E0237E94F8199094F81AA094F80F
:103690001BB0247FCDF80CC0CDE904E3B6B20B9B80
:1036A0000093BFB217EE903ACDE908B4C0B2CDE9AD
:1036B000069ACDE90167AC69A04741F288306B6B8F
:1036C000984740460DB0BDE8F08F6FF00500F9E770
:1036D000D4F40020A8F400206D3003003131030041
:1036E0003933030068A606001D3103002D310300A5
:1036F000FCF60020A8C4002000F700202DE9F04FC0
:10370000344C0646207810F004088BB05FD1FFF7E8
:10371000A3FC23783048314D43F004032370304B31
:10372000304C01221A70304B0360304B8360304BB9
:103730004360304BC360304B03612B689847736C18
:103740006364B36CA364F36CE364336D2365E07D61
:10375000FFF7D4FD294B626C1A60294B226D1A6069
:10376000606CEB689847206894F82410A26AD4ED46
:10377000017AA76894F80CC0A68A94F816E0237E14
:1037800094F8199094F81AA094F81BB0E46A009782
:10379000B6B2CDE903E3CDE901C617EE903ACDE923
:1037A00007B449B2C0B2CDE9059AEC69A047154902
:1037B000154810F031FB14484FF4FA7110F0D4FBA7
:1037C000114810F031FB40460BB0BDE8F08F6FF0B0
:1037D0000500F9E7D4F40020A8F4002068A606004C
:1037E000F8F60020A8C400206D300300313103003A
:1037F000393303001D3103002D310300F4F600209E
:1038000000F7002055310300D8F4002038B50546F4
:10381000FCF760F8224C0A283DD8DFE800F0060FDC
:1038200014191E23282D323C37001E4B1E495B5DA8
:10383000A36028460AF082FA606038BD1B4B1C4921
:103840005B5DA360F5E71B4B1B495B5DA360F0E785
:103850001A4B1B495B5DA360EBE71A4B1A495B5D92
:10386000A360E6E7194B1A495B5DA360E1E7194BDA
:1038700019495B5DA360DCE7184B19495B5DA360E8
:10388000D7E7184B18495B5DA360D2E7174B18497F
:103890005B5DA360CDE70723A36000236360CCE7F3
:1038A000A8C4002064980600CC9606006C98060018
:1038B000EC960600649806002C97060064980600B3
:1038C0004C970600649806006C9706006498060002
:1038D0008C9706007C980600CC970600649806003A
:1038E000AC97060082980600249806006C980600A3
:1038F000E4970600014B83F824007047A8C4002019
:103900002DE9F04F8F4B197811F004048BB0064667
:10391000984640F014818C4FFFF79EFB21464FF4F0
:1039200000728A48F6F774FB3C7021462246874CA9
:103930008029CBB240F0B980002A40F0BE8002203E
:1039400001F0F1FF31F02AFC00256FF000493B78CF
:10395000AB4200F3B98098F800307D487D4F7E4C33
:1039600043F0040388F800307C4B01221A707C4B32
:1039700003607C4B83607C4B43607C4BC3607C4B1F
:1039800003613B689847714B7A481B686364B36C6A
:10399000A364F36CE364336D2365616C02F094F807
:1039A000A16C754802F090F8E16C744802F08CF854
:1039B000216D734802F088F8E07DFFF79FFC714BA2
:1039C000626C1A60704B226D1A604FF47A73E36276
:1039D00021686E4802F078F894F824106C4849B2D7
:1039E00002F072F8A16A6B4802F06EF861686A48EA
:1039F00002F06AF8A168694802F066F8217B68481D
:103A000002F062F8A18A674889B202F05DF8A17DF0
:103A1000654802F059F8217E644802F055F8617E4D
:103A2000634802F051F8A17E624802F04DF8E17E51
:103A3000614802F049F8E16A604802F045F8E17D2A
:103A40005F4802F041F8206894F82410A26A636885
:103A5000A66894F80CC0A58A94F816E094F818802B
:103A600094F8199094F81AA094F81BB0E46A0096A0
:103A7000ADB2CDE903E8CDE901C5CDE907B449B25E
:103A8000C0B2CDE9059AFC69A0474E494E4810F0F6
:103A9000C3F94D484FF4FA6110F066FA4A4810F045
:103AA000C3F900200BB0BDE8F08F706CF26C02FB24
:103AB0000102B06C824202D9013B3B703FE744F8FF
:103AC00021200131012233E731F08CFB3A78A2EB5F
:103AD000050C99FBFCFC0CF1010190FBF1F0431982
:103AE0009D4208BF002354F8251054F8230041409C
:103AF00044F8251054F8251054F82300414044F8A8
:103B0000231054F8251054F82300414044F82510A0
:103B100054F8231054F82200414044F8231054F87C
:103B2000231054F82200414044F8221054F8231086
:103B300054F822204A4044F82320013507E76FF06B
:103B40000500AFE7D4F40020F0F40020F4F40020E6
:103B5000A8F4002068A60600A8C40020F8F60020FB
:103B60006D30030031310300393303001D31030090
:103B70002D310300789506008D950600A19506006D
:103B8000B7950600F4F6002000F70020C495060063
:103B9000D4950600E4950600F39506000796060006
:103BA0001A9606002D9606004396060054960600C7
:103BB00064960600789606008C960600A19606008C
:103BC000B596060025320300D8F4002008B5034955
:103BD0000C2202F0BCF9002008BD00BF9CC40020EC
:103BE00038B505460B4CFFF737FAAB68A3602B6876
:103BF000094823606B68094D6360094B43602B687B
:103C000098472068EB6B228994F9041098470020AC
:103C100038BD00BF9CC40020A8F4002068A60600A0
:103C2000393303001B2937B5434B05460C460FD0EB
:103C30000CD80A2934D00D2932D008290BD01A7893
:103C4000012A5ED15B2C64D1022202E07F29F5E7D4
:103C500001221A7053E0394900221A700B68002BB8
:103C60004DD0013B0B6036490824CA542846012236
:103C70000DF107018DF8074001F0CAFE2023012253
:103C80000DF1070128468DF8073001F0C1FE012231
:103C90000DF1070128468DF8074001F0B9FE2EE02E
:103CA00000221A70264B1B7803B300F029FA88B162
:103CB0000A2301220DF1070128468DF8073001F093
:103CC000A7FE0D2301220DF1070128468DF80730CC
:103CD00001F09EFE1A48F6F7E7FE1949024628460B
:103CE00021F04EF91749184801F0EEFE40F60102A6
:103CF00013480021F6F78CF9104B00221A6003B02C
:103D000030BD022A05D1A4F14102012A01D80022C6
:103D10009FE70A49002018700B6840F2FE72934238
:103D2000EDD85A1C0A600649CC54885400F0E8F9D2
:103D30000028E4D0ABE700BF08F8002060000120B5
:103D40005CF800203F9506009298060008B50B49E4
:103D50000B4801F0B9FE142200210A48F6F758F981
:103D600040F6010208480021F6F752F9074B0022FD
:103D70001A60BDE8084021F0D5BB00BF3F950600A2
:103D8000929806000CF800205CF8002060000120EA
:103D90007047000010B50A4C40F2DC6122464FF437
:103DA000512001F06BFBE368013307D1204640F25C
:103DB000DC62BDE810400021F6F72AB910BD00BF53
:103DC000B0C00120024840F2DC620021F6F720B9C1
:103DD000B0C00120034A4FF42B714FF4502001F082
:103DE000F5BB00BF8CC70120034A40F2DC614FF4F1
:103DF000512001F0EBBB00BFB0C00120024B1844C2
:103E000090F8D001704700BF8CC70120044A1044CD
:103E100080F8D0114FF42B714FF4502001F0D6BB35
:103E20008CC70120082909D9064B1A6802605A6814
:103E300042601A7A02721846F6F736BE6FF0080032
:103E4000704700BF6DC90120082908B514D80C4B74
:103E500000221A605A601A720A4601461846F6F79E
:103E6000AFF86FF4F0728218BDE808404FF42B7180
:103E70004FF4502001F0AABB6FF0020008BD00BF54
:103E80006DC90120014BD3F8EC0170478CC70120AC
:103E9000044A4FF42B71C2F8EC014FF4502001F0AA
:103EA00095BB00BF8CC70120014B93F88802704777
:103EB0008CC70120054A08B54FF42B7182F888029F
:103EC0004FF4502001F082FBC0B208BD8CC7012026
:103ED0001F290AD9064B03F1200253F8041B40F8AE
:103EE000041B9342F9D100207047F720704700BFB0
:103EF0009FC901201F290AD9064B03F1200253F85C
:103F0000041B40F8041B9342F9D100207047F720AE
:103F1000704700BFBFC901201F290AD9064B03F112
:103F2000200253F8041B40F8041B9342F9D10020EF
:103F30007047F720704700BFDFC90120B0F5043F8C
:103F4000134609D8C0F504329A4205D30A4600F553
:103F50003020194601F03ABB6FF002007047B0F50F
:103F6000043F134609D8C0F504329A4205D30A46E5
:103F700000F53020194601F081BA6FF00200704759
:103F8000014BD3F8C80170478CC70120044A4FF495
:103F90002B71C2F8C8014FF4502001F017BB00BFCD
:103FA0008CC70120014BD3F8CC0170478CC701208E
:103FB000044A4FF42B71C2F8CC014FF4502001F0A9
:103FC00005BB00BF8CC70120024B184490F8D601F6
:103FD000704700BF8CC70120044A104480F8D611F6
:103FE0004FF42B714FF4502001F0F0BA8CC7012030
:103FF000014BD3F8DC0170478CC70120044A4FF411
:104000002B71C2F8DC014FF4502001F0DFBA00BF81
:104010008CC701200F290AD9064B03F1100253F86F
:10402000041B40F8041B9342F9D1002070476FF045
:10403000080070478EC90120102938B504460D4686
:104040001CD804D00F4810220021F5F7E1FF2346C9
:1040500029198B420DD12A4621460A48F5F7B0FFAF
:10406000BDE83840084A4FF42B714FF4502001F05E
:10407000ADBA13F8012B203A5E2AEAD96FF002009C
:1040800038BD00BF8EC901208CC70120112930B571
:1040900010D90A4A034602F11005144603CCAC427B
:1040A00018605960224603F10803F6D122881A806D
:1040B000002030BD6FF00800FBE700BF7CC9012085
:1040C000122938B505460C4613D804D00A481222E6
:1040D0000021F5F79DFF224629460748F5F770FFB6
:1040E000BDE83840054A4FF42B714FF4502001F0E1
:1040F0006DBA6FF0020038BD7CC901208CC7012069
:10410000014B93F8E00170478CC70120044A4FF43B
:104110002B7182F8E0014FF4502001F057BA00BF34
:104120008CC70120044A4FF42B7182F812024FF41D
:10413000502001F04BBA00BF8CC70120014B93F80F
:10414000120270478CC7012038B504460D46F6F7B9
:10415000ABFC0C2820D122462544AA4211D10F4A9B
:104160002368C2F832306368C2F83630A368C2F8F8
:104170003A304FF42B714FF4502001F027FAC0B2BF
:1041800038BD12F8013BA3F130010929E5D923F02C
:104190002003413B052BE0D9FD20F1E78CC701202E
:1041A0000C2908D1054A136803605368436093687B
:1041B000836000207047F720704700BFBEC7012012
:1041C000014B93F8400070478CC70120044A4FF41C
:1041D0002B7182F840004FF4502001F0F7B900BF76
:1041E0008CC70120044A13680360536843609368D6
:1041F00083600020704700BF3EC80120064A036864
:10420000136043685360836893604FF42B71B23A34
:104210004FF4502001F0DAB93EC80120072981BFD0
:10422000044A13680360536886BF436000206FF040
:1042300008007047D5C7012008290CD1074A036838
:10424000C2F849304368C2F84D304FF42B714FF437
:10425000502001F0BBB96FF0020070478CC70120FD
:104260000F290AD9064B03F1100253F8041B40F83A
:10427000041B9342F9D1002070476FF0080070478B
:10428000DDC7012010290FD1094B00F1100250F8B1
:10429000041B43F8041B9042F9D1064A4FF42B71DA
:1042A0004FF4502001F092B96FF00200704700BF48
:1042B000DDC701208CC701200F290AD9064B03F165
:1042C000100253F8041B40F8041B9342F9D100205C
:1042D00070476FF008007047EDC7012010290FD11B
:1042E000094B00F1100250F8041B43F8041B9042E4
:1042F000F9D1064A4FF42B714FF4502001F066B902
:104300006FF00200704700BFEDC701208CC701208D
:10431000032981BF044BD3F871300360002098BF9C
:104320006FF00800704700BF8CC70120042909D135
:10433000064A0368C2F871304FF42B714FF45020D5
:1043400001F044B96FF00200704700BF8CC7012034
:10435000072981BF044A13680360536886BF43601E
:1043600000206FF008007047CDC7012008290CD14C
:10437000074A0368C2F841304368C2F845304FF439
:104380002B714FF4502001F021B96FF002007047FB
:104390008CC70120032981BF044BD3F8753003601B
:1043A000002098BF6FF00800704700BF8CC7012045
:1043B0000F290AD9064B03F1100253F8041B40F8E9
:1043C000041B9342F9D1002070476FF0080070473A
:1043D00005C8012010290FD1094B00F1100250F837
:1043E000041B43F8041B9042F9D1064A4FF42B7189
:1043F0004FF4502001F0EAB86FF00200704700BFA0
:1044000005C801208CC70120014B93F8C1007047FB
:104410008CC70120044A4FF42B7182F8C1004FF47D
:10442000502001F0D3B800BF8CC70120014B93F896
:10443000C00070478CC70120044A4FF42B7182F8EA
:10444000C0004FF4502001F0C1B800BF8CC701205C
:10445000014B187A704700BF8CC70120034A4FF404
:104460002B7110724FF4502001F0B0B88CC70120AE
:10447000014B93F8BE0070478CC70120044A4FF4EB
:104480002B7182F8BE004FF4502001F09FB800BF9E
:104490008CC70120014B93F8C40070478CC70120E2
:1044A000044A4FF42B7182F8C4004FF4502001F0FD
:1044B0008DB800BF8CC70120014B93F8BF00704737
:1044C0008CC70120044A4FF42B7182F8BF004FF4CF
:1044D000502001F07BB800BF8CC70120014B93F83E
:1044E000C20070478CC70120044A4FF42B7182F838
:1044F000C2004FF4502001F069B800BF8CC7012002
:10450000014B93F8C30070478CC70120044A4FF455
:104510002B7182F8C3004FF4502001F057B800BF50
:104520008CC70120014BD3F8C80070478CC701200D
:10453000044A4FF42B71C2F8C8004FF4502001F028
:1045400045B800BF8CC70120014BD3F8CC007047A1
:104550008CC70120044A4FF42B71C2F8CC004FF4F1
:10456000502001F033B800BF8CC70120044A4FF43B
:104570002B71C2F8D8004FF4502001F027B800BFCB
:104580008CC70120014BD3F8D80070478CC701209D
:10459000014B93F8DC0070478CC70120044A4FF4AC
:1045A0002B7182F8DC004FF4502001F00FB800BFEF
:1045B0008CC70120014BD3F8D00070478CC7012075
:1045C000044A4FF42B71C2F8D0004FF4502000F091
:1045D000FDBF00BF8CC70120014BD3F8D40070474A
:1045E0008CC70120044A4FF42B71C2F8D4004FF459
:1045F000502000F0EBBF00BF8CC70120014B93F8A7
:10460000C50070478CC70120044A4FF42B7182F813
:10461000C5004FF4502000F0D9BF00BF8CC7012067
:10462000014B93F8DD0070478CC70120044A4FF41A
:104630002B7182F8DD004FF4502000F0C7BF00BF9F
:104640008CC70120014B93F8DE0070478CC7012016
:10465000044A4FF42B7182F8DE004FF4502000F032
:10466000B5BF00BF8CC70120014B93F8DF00704736
:104670008CC70120044A4FF42B7182F8DF004FF4FD
:10468000502000F0A3BF00BF8CC70120014B93F85E
:10469000E00070478CC70120044A4FF42B7182F868
:1046A000E0004FF4502000F091BF00BF8CC7012004
:1046B000014BD3F8E40070478CC70120044A4FF443
:1046C0002B71C2F8E4004FF4502000F07FBF00BF10
:1046D0008CC70120014BD3F8E80070478CC701203C
:1046E000044A4FF42B71C2F8E8004FF4502000F058
:1046F0006DBF00BF8CC70120014B93F8800270474B
:104700008CC70120044A4FF42B7182F880024FF4C9
:10471000502000F05BBF00BF8CC70120014BB3F9F4
:10472000820270478CC70120044A4FF42B71A2F813
:1047300082024FF4502000F049BF00BF8CC7012017
:10474000014BD3F8840270478CC70120044A4FF410
:104750002B71C2F884024FF4502000F037BF00BF25
:104760008CC70120014B9888704700BFB0C0012062
:10477000034A40F2DC6190804FF4512000F026BFE4
:10478000B0C00120044A4FF42B7182F8AB024FF401
:10479000502000F01BBF00BF8CC70120014B93F8D5
:1047A000AB0270478CC7012030B40A4C034600F1BD
:1047B000380518685968224603C20833AB421446CC
:1047C000F7D130BC034A40F2DC614FF4512000F0D5
:1047D000FDBE00BFB0C0012000487047B0C001203E
:1047E00030B40A4C034600F1200518685968224687
:1047F00003C20833AB421446F7D130BC044A40F23E
:10480000DC614FF4512000F0E1BE00BFE8C00120A0
:10481000B0C0012000487047E8C0012008B5084B2F
:1048200001464FF4C2721846F5F7CAFBBDE80840CE
:10483000A0F1580240F2DC614FF4512000F0C6BEF6
:1048400008C101200048704708C1012008B5084B85
:1048500001464FF4D0721846F5F7B2FBBDE80840A8
:10486000A0F5EE7240F2DC614FF4512000F0AEBED4
:104870008CC20120004870478CC2012008B5084B4B
:1048800001464FF458721846F5F79AFBBDE8084008
:10489000A0F55F7240F2DC614FF4512000F096BE4B
:1048A0002CC40120004870472CC4012000487047E8
:1048B00078C8012008B5084B0146D0221846F5F704
:1048C0007FFBBDE80840A0F1EC024FF42B714FF4E0
:1048D000502000F07BBE00BF78C80120014BD3F808
:1048E000BC0170478CC70120044A4FF42B71C2F8F9
:1048F000BC014FF4502000F069BE00BF8CC70120FE
:10490000014BD868704700BF8CC70120034A4FF4A1
:104910002B71D0604FF4502000F058BE8CC701209E
:10492000014B187C704700BF8CC70120034A4FF42D
:104930002B7110744FF4502000F048BE8CC701203A
:10494000034B1A7A0AB9588A7047D86A704700BF71
:104950008CC70120074B1A7A3AB95882054A4FF49E
:104960002B714FF4502000F031BE022A08BFD862EC
:10497000F4E700BF8CC70120014B187D704700BFD2
:104980008CC70120034A4FF42B7110754FF450204F
:1049900000F01CBE8CC70120014BD88A704700BFB5
:1049A0008CC70120034A4FF42B71D0824FF4502062
:1049B00000F00CBE8CC70120014B187E704700BF71
:1049C0008CC70120034A4FF42B7110764FF450200E
:1049D00000F0FCBD8CC70120014B987E704700BFE2
:1049E0008CC70120034A4FF42B7190764FF450206E
:1049F00000F0ECBD8CC701200F290AD9064B03F14A
:104A0000100253F8041B40F8041B9342F9D1002014
:104A100070476FF00800704715CA012010290FD1A8
:104A2000094B00F1100250F8041B43F8041B90429C
:104A3000F9D1064A4FF42B714FF4502000F0C6BD57
:104A40006FF00200704700BF15CA01208CC701201B
:104A50000F290AD9064B03F1100253F8041B40F842
:104A6000041B9342F9D1002070476FF00800704793
:104A700025CA012010290FD1094B00F1100250F86E
:104A8000041B43F8041B9042F9D1064A4FF42B71E2
:104A90004FF4502000F09ABD6FF00200704700BF45
:104AA00025CA01208CC70120034A4FF42B71906264
:104AB0004FF4502000F08ABD8CC70120034A4FF408
:104AC0002B7150624FF4502000F080BD8CC7012044
:104AD000014B586A704700BF8CC70120014B986A90
:104AE000704700BF8CC70120044A4FF42B7182F835
:104AF000C6004FF4502000F069BD00BF8CC70120F4
:104B0000014B93F8C60070478CC70120014B93F806
:104B1000740270478CC70120044A4FF42B7182F84D
:104B200074024FF4502000F051BD00BF8CC701202B
:104B3000014BD3F8780270478CC70120044A4FF428
:104B40002B71C2F878024FF4502000F03FBD00BF37
:104B50008CC70120014B93F87F0270478CC701205E
:104B6000044A4FF42B7182F87F024FF4502000F07A
:104B70002DBD00BF8CC70120014BB3F87C027047EC
:104B80008CC70120044A4FF42B71A2F87C024FF429
:104B9000502000F01BBD00BF8CC70120014B93F8D3
:104BA000A90270478CC70120044A4FF42B7182F888
:104BB000A9024FF4502000F009BD00BF8CC70120AE
:104BC000014B93F8AA0270478CC70120044A4FF4A6
:104BD0002B7182F8AA024FF4502000F0F7BC00BFFE
:104BE0008CC70120F7B50025202600F213270446C4
:104BF000324680F8125229463846F5F709FA294B11
:104C0000196801910846F5F74FFF019902463846A9
:104C100004F23327F5F7D4F9324629463846F5F73A
:104C2000F7F9214B196801910846F5F73DFF019905
:104C30000246384604F25327F5F7C2F932462946B0
:104C40003846F5F7E5F9194B196801910846F5F76B
:104C50002BFF019902463846F5F7B2F941F2244399
:104C6000C4F87C324FF6B073A4F882320523C4F83E
:104C70008432012384F88832294684F87452C4F8B7
:104C8000785284F88052102204F28920F5F7C0F996
:104C90001022294604F29920F5F7BAF984F8A952AE
:104CA00003B0F0BDB4A10020ACA10020A8A1002059
:104CB000F0B50C46ADF54B7D02AA4FF4487100F0FB
:104CC000DDFBC44F2368869AC348029EBB4208BFDF
:104CD0006568C24B18BF00254FF403719A4208BFA4
:104CE000032501F04FF94FF40271864208BF0225F7
:104CF000B948029E01F046F94FF42B72864208BF74
:104D0000012500212046F5F783F9002D5CD0012D07
:104D10005DD19DF80C30237204AE0FCE04F10C056A
:104D20000FC50FCE0FC533682B600DAB0FCB04F151
:104D3000300585E80F004FF4C47211A904F140005A
:104D4000F5F73EF973AA92E8030004F5E47383E8EB
:104D5000030075AB93E80300779BC4F8DC319DF842
:104D6000E03184F8E031DDF8E131C4F8E131DDF81B
:104D7000E531C4F8E5319DF8E93184F8E9317CAEDC
:104D80007B9BC4F8D001A4F8D411C4F8EC310FCE49
:104D900004F5F8750FC533682B8004F202220DF27A
:104DA00002230DF2122153F8040B42F8040B8B423C
:104DB000F9D10022C4F8D621A4F8DA212046FFF761
:104DC00011FF0423276063600DF54B7DF0BDAB1E22
:104DD000012B58D89DF80C30237204AE0FCE04F18D
:104DE0000C050FC50FCE0FC533682B600DAB0FCB75
:104DF00004F1300585E80F004FF4C47211A904F1E5
:104E00004000F5F7DDF873AA92E8030004F5E473B7
:104E100083E8030075AB93E80300DDF8DA31C4F8EA
:104E2000D631BDF8DE31A4F8DA31789BC4F8DC3134
:104E30009DF8E43184F8E031DDF8E531C4F8E13182
:104E4000DDF8E931C4F8E5319DF8ED3184F8E93158
:104E50007DAE7C9BC4F8D001A4F8D411C4F8EC3129
:104E60000FCE04F5F8750FC533682B8004F20222CB
:104E70000DF206230DF2162153F8040B42F8040B31
:104E80008B42F9D19AE7042D9ED14FF42B7202A9DF
:104E90002046F5F795F894F81232FF2B04BF002353
:104EA00084F8123294F81332FF2B11D104F2132537
:104EB000202200212846F5F7ABF8494B19680191EB
:104EC0000846F5F7F1FD019902462846F5F778F80E
:104ED00094F83332FF2B11D104F233252022002124
:104EE0002846F5F795F83F4B196801910846F5F704
:104EF000DBFD019902462846F5F762F894F8533233
:104F0000FF2B11D104F25325202200212846F5F76A
:104F10007FF8354B196801910846F5F7C5FD0199F1
:104F200002462846F5F74CF894F88832FF2B04BF68
:104F3000012384F8883294F87432FF2B04BF0023D5
:104F400084F87432D4F87832F82B84BF0023C4F884
:104F5000783294F87E32FF2B01BF41F22443A4F84B
:104F60007C32002384F87E3294F87F32FF2B04BF1A
:104F7000002384F87F3294F88032FF2B04BF002393
:104F800084F8803294F88232FF2B04BF4FF6B0735E
:104F9000A4F8823294F88432FF2B04BF0523C4F8AE
:104FA000843294F8AB32FF2B04BF012384F8AB3278
:104FB00094F89932FF2B05D11022002104F2992098
:104FC000F5F726F894F8A932FF2B04BF002384F8E4
:104FD000A932F6E6DDCCBBAA90C701201EDD0E008B
:104FE000B4A10020ACA10020A8A10020F0B58C4AFB
:104FF0008C4E10685168ADF52F7D01AB03C303AA39
:105000004FF42B714FF42F2000F038FA039BB3427A
:1050100002D1049B042B1DD003A94FF42F20FFF7CE
:1050200047FE039BB34217D1049D2C1F6542654187
:105030007D4C4FF42B7200212046F4F7E9FF6DB14F
:105040004FF42B7203A92046F4F7BAFF00200DF5A8
:105050002F7DF0BD0125EBE70025E9E74FF4E132B4
:10506000C4F8DC2101AA03CA2660C4F8E51141F2A4
:10507000883641F27071C4E932610423C4F8E10159
:105080004FF4FA614FF47A70C4E934010522636089
:10509000082701234FF6B07184F8D13184F8D2315A
:1050A0002372A4F8BE30A4F8C43084F8C63084F863
:1050B000DC3084F84020C4E939755C48C4F83250CB
:1050C000C4F83650C4F83A50C4F8EC5184F8E051B2
:1050D00084F81252A4F8C05084F8C25084F8DF500B
:1050E00084F8E05084F88052A4F88212C4F8842234
:1050F000294640F2DC6284F8883284F8AB32F4F757
:1051000087FFD022294604F1EC00F4F781FF484BD9
:10511000E360072323740E23237641F23333C4E97B
:10512000093644F62063E362102241F22443294603
:10513000C4F81B50C4F81F5004F28920A4F87C3234
:1051400065822575E782A57684F87452C4F8785292
:1051500084F87F52F4F75CFF1022294604F299206C
:10516000F4F756FF334B84F8A9521E683046F5F722
:105170009BFC1F2835D82022294604F21320F4F77F
:1051800047FF3046F5F790FC3146024604F2132003
:10519000F4F716FF284B1C682046F5F785FC1F28FE
:1051A0002AD8202200212548F4F732FF2046F5F7BF
:1051B0007BFC214602462148F4F702FF204B1C6885
:1051C0002046F5F771FC1F2820D8202200211D4819
:1051D000F4F71EFF2046F5F767FC21460246194802
:1051E00032E704F2132406F1200356F8042B44F8A6
:1051F000042B9E42F9D1CDE7104B04F1200254F864
:10520000041B43F8041B9442F9D1D7E70D4B04F17A
:10521000200254F8041B43F8041B9442F9D115E70B
:1052200097980600DDCCBBAA8CC70120B0C0012036
:1052300000A1BC33B4A10020ACA10020BFC9012053
:10524000A8A10020DFC9012010B50C4C4FF42B7130
:1052500022464FF4502000F011F921464FF450201F
:10526000FFF726FD2268064B9A4202D16368042BA1
:1052700003D0BDE81040FFF7B9BE10BD8CC70120B8
:10528000DDCCBBAA014B1878704700BF7C00012021
:10529000014B1870704700BF7C00012030B5074CEF
:1052A000034604F11805224603CAAA421860596051
:1052B000144603F10803F6D1012030BD640001203B
:1052C00030B5074C034600F11805186859682246A6
:1052D00003C20833AB421446F7D1012030BD00BFF2
:1052E000640001201DF0EABA1DF0EEBA1DF0F2BA1A
:1052F0001DF06EBB1DF06DBB08B5F8F7A5FAF8F709
:10530000E7F8024B00221A7008BD00BF7E000120A2
:10531000F8F722B9F8F7BABAF8F73ABB10B504466D
:10532000F5F7C2FB0C2817D1621E04F10B018A426B
:1053300007D12046F8F750FB10F0FF030FD058427A
:1053400010BD12F8013FA3F130000928EFD923F076
:105350002003413B052BEAD96FF00200F0E706215C
:105360002046FEF7F1FE0028EAD04042E8E70000C0
:105370001FB5154C0C2101A8FEF712FF2078A0B92B
:10538000F8F71EF8F7F7D0FB01A8FFF7C7FFF7F70C
:1053900051FCF7F7F7FCF7F779FBF8F74FF8F7F759
:1053A0006FFC0123237004B010BD0020F8F708F84B
:1053B000F7F7BAFB01A8FFF7B1FFF7F73BFCF7F7E8
:1053C000E1FCF7F75DFCEEE77E00012008B5054B38
:1053D0001870F8F74BFBFFF78FFFBDE80840FFF7A9
:1053E000C7BF00BF7D000120F8F74ABB70B5064675
:1053F000022000F098FA841941F1000500F056FDF2
:10540000022000F090FAA94208BFA04200D370BD6C
:10541000F4F716FBF4E7D0B50446022000F083FA57
:105420004FF47A73B4FBF3F3C61841F1000700F0B0
:105430003DFD022000F077FAB94208BFB0420AD31E
:105440004FF47A73B4FBF3F003FB104030B1BDE8C6
:10545000D040F8F72BBEF4F7F3FAEAE7D0BDF8F73F
:1054600017BE000010B5044C23781BB91DF0D2FD07
:105470000123237010BD00BF801001202DE9F04FE3
:1054800087B083460D4691461DF086FEB0F5805FDD
:10549000044657D8BBFBF0F800FB08F8ABEB080359
:1054A0005A19B2FBF0F100FB1120019308B101FB86
:1054B0000442B2FBF4F3CDE90283A4EB0B03DFF863
:1054C0008CA00493019B2E46002703EB0A0B039B41
:1054D000BB4203D1002007B0BDE8F08F1B49029802
:1054E00022461DF0F7FDDFB9049B03EB0802AA4238
:1054F0000ED2484659460592F4F762FD059A019B83
:1055000091441A1B1644029B234401370293DEE7A1
:1055100048462A465946F4F753FDA944761BF2E75C
:10552000039B7A1C934205D8324651464846F4F70D
:1055300047FDE8E7484622465146F4F741FDA144BD
:10554000361BE0E76FF00800C5E700BF80000120D0
:105550002DE9F84F00AF81460C4692461DF01CFE27
:10556000ADF5806D6E464FEA90284FF0000B5FFA64
:105570008BF1414501D3012021E0B4F5806F09EBA7
:1055800081200AEB812532460ED34FF48061FFF76C
:1055900075FF4FF48062294630462FF0F1FD0BF184
:1055A000010B78B100200AE02146FFF767FF224691
:1055B000294630462FF0E4FDB0FA80F04009BD46A0
:1055C000BDE8F88FA4F58064D1E700002DE9F04F25
:1055D00087B083460D4614461DF0DEFDB0F5805FB2
:1055E000074670D8224629465846FFF7B1FF18B142
:1055F000002007B0BDE8F08FBBFBF7F807FB08F809
:10560000ABEB08035A19B2FBF7F107FB1120029329
:1056100008B101FB0772B2FBF7F303930023019378
:10562000A7EB0B03DFF8A4A00493029BC1462E4610
:1056300003EB0A0B039B019A9342D9D023493A46C4
:1056400048461DF047FD019BF3B9049B03EB08029C
:10565000AA4211D2214658460592F4F7B1FC059AA8
:10566000029B1444DA1B1644394648461DF064FD7B
:10567000E8B16FF00600BCE721462A465846F4F729
:105680009FFC2C44761BEFE7019B5A1C039B9A421C
:1056900005D3324621465046F4F792FCE4E7214612
:1056A0003A465046F4F78CFC3C44F61BDCE748468F
:1056B0003A4651461DF0DCFCB9440028D9D1019B83
:1056C00001330193B6E76FF0080092E780000120F4
:1056D00038B505460C461DF05FFDAB070AD1B4FB9B
:1056E000F0F300FB134040B921462846BDE838409E
:1056F0001DF022BD6FF0090038BD6FF00A00FBE716
:105700001DF0DBBD1DF082BD1DF09EBD1DF0BABDBC
:105710001DF0E8BD1DF0F8BD1DF034BE1DF03EBE0D
:105720001DF0C4BE1DF06ABD2DE9F041304F0220CE
:1057300000F0F9F8D7E90026841A2E4A61EB060535
:10574000106800218D4208BF844203D26FF005002B
:10575000BDE8F0811FF074F88028F7D1FEF7A4FBB4
:10576000254D0646002455F8043B03B19847013403
:10577000102CF8D1214DDFF88C80F9F7A3FA00F056
:1057800079FBFFF7B5FD00F0BAF800F0E7FA00F09A
:10579000ABFBFFF7C3FF00F0D0F8EB68984798F831
:1057A000004004BBAB68164D984700F0C8F8FFF7FF
:1057B000B7FF00F061FB00F09DFB00F0D1FA00F0B4
:1057C000A0F8FFF797FDF9F77FFA55F8043B03B10E
:1057D00098470134102CF8D1022000F0A4F8C7E952
:1057E00000010020B4E72B6830469847D7E700BF98
:1057F000881001200CC5002088CA0120FCC40020AC
:1058000044CA012040CA0120014B00221A7070478F
:1058100040CA0120024A136801331360704700BF79
:105820003CCA0120024A13680BB1013B1360704768
:105830003CCA012013B5124B196801910446D9B92D
:10584000FCF7D2F80F4B019918700F4B01221A7018
:1058500044B10E481DF0CAFE1DF0F4FE0199204629
:105860001DF0D2FEFCF79EF8FFF75EFF0446FCF742
:10587000A9F8204602B010BD6FF00704F9E700BF99
:105880003CCA012084CA012040CA012009580300F3
:10589000014B5B68184700BFFCC4002010B50446EC
:1058A00000781EF089F82078BDE810401EF066B838
:1058B0001DF0C4BF1EF062B81DF0DABF70B50C4613
:1058C000084E05461EF068F8631C357009D00021AB
:1058D00005481EF0B5F831462046BDE870401EF080
:1058E000C3B870BD10C500209D58030010B5044614
:1058F0001EF0D8F82046BDE810401EF05DB81EF03E
:105900006BB81EF07FB81DF093BFF8F71DBCF8F719
:10591000A5BC4FF40042F8F7C7BCF8F7D5BCF8F7C0
:10592000F7BCF8F703BDF8F721BDF8F739BD08B5A6
:105930001146F8F74FFD002108BDF8F765BDF8F7EF
:10594000C1BDF8F7A1BC00002DE9F34702289DF87E
:1059500028809DF82C9004460D4616461F4616D802
:10596000254B53F820209A460AB153689847234B99
:105970004AF82430CDE90A89D3F800E032463B46A4
:1059800029462046F44602B0BDE8F04760470328A8
:105990000ED1194C1A4DE5601A4C26782EB9CDE976
:1059A00000892D68A8470123237002B0BDE8F08765
:1059B00004280FD1104C22690AB153689847124B42
:1059C0002361CDE90A8932461C6829463B460420FA
:1059D000A446D8E70528E8D1074C62690AB15368A4
:1059E00098470A4B6361CDE90A8932461C6829460B
:1059F0003B460520ECE700BF901001205CC500206D
:105A00007CC50020C11001201CC500203CC5002021
:105A100037B50528CDE90021044611D8FEF7D4FAA0
:105A200090B90C4B53F824308BB19D680A4BDDE9DB
:105A300000211B682046AC4603B0BDE830406047FB
:105A40006FF0020003B030BD6FF00700FAE74FF0CF
:105A5000FF30F7E7901001209CC500200EB430B550
:105A60000446ADF5027DFEF7C9F9052C1FD8204686
:105A7000FEF7AAFAF0B9124D55F82430EBB186AA18
:105A80008599019202A82FF06DFD02A8F5F70CF898
:105A900055F824309D680B4B02461B6802A920462E
:105AA000A8470DF5027DBDE8304003B070476FF0A8
:105AB0000200F6E76FF00700F3E74FF0FF30F0E782
:105AC000901001209CC500200FB42DE9F047ADF5E2
:105AD000027D8AAF002457F8049B174EDFF85CA0C4
:105AE00025465FFA84F84046FEF788F9B8B9404683
:105AF000FEF76AFA98B933688BB13A46494602A86C
:105B000001972FF02FFD02A8F4F7CEFF336802466D
:105B10009D68DAF8003002A94046A84705460134DE
:105B2000062C06F10406DCD128460DF5027DBDE801
:105B3000F04704B0704700BF901001209CC50020C2
:105B4000052810B40AD8094C54F820305BB1DC6841
:105B5000074BA4461B685DF8044B60476FF00200DA
:105B60005DF8044B70474FF0FF30F9E790100120CB
:105B70009CC500202DE9F843DFF83880DFF8389025
:105B80000B4E0025EFB23846FEF71EFA044650B918
:105B900001213846FEF720FAC8F80040C9F8004055
:105BA0003460746034720135062DEBD1BDE8F883A2
:105BB000B8100120B4100120B010012038B5002425
:105BC000E5B22846FEF700FA012803D10021284655
:105BD000FEF702FA0134062CF2D138BD2DE9F04F60
:105BE00087B004468DF8071003A80921FEF71AF9BB
:105BF0009DF80730374D0D2B074629D019D8082BB3
:105C000019D00A2B24D02A68082A0ED8511C2960E2
:105C100031498B54314B53F824309D68304B01226D
:105C20001B680DF107012046A8472E4A136801336F
:105C30000CE07F2BE7D12B68002B40D0013B264A9C
:105C40002B600021D154274A1368013B136036E0D2
:105C5000244E336863B3DFF88490DFF8848059F80A
:105C600024302149D3F808A0D8F800300222204679
:105C7000D0473268092AC246CB4610D11B49164884
:105C800000922FF071FB009A48B959F82430184956
:105C90009F68D8F8003015222046B84708E0BA427D
:105CA00010D10D4803A92FF06BFA58B9FFF786FF02
:105CB000094A00232B60336013605360137207B0EE
:105CC000BDE8F08F5BF824300A499F68DAF80030AD
:105CD0001122E1E7B4100120B8100120901001203A
:105CE0009CC50020B01001203D950600A09806003C
:105CF000AA980600BF980600082901D9FEF792B8B5
:105D00006FF002007047082910B40CD803460C1835
:105D1000A34203D15DF8044BFEF796B813F8012BAC
:105D2000203A5E2AF4D96FF002005DF8044B704708
:105D3000052801D8FEF748B900207047052805D886
:105D4000054A52F8203023B19B6918476FF00200D2
:105D500070474FF0FF307047901001201EF080BC5C
:105D60001EF0A0BCF8B52A4E0546375C0C46FEF77F
:105D700045F8324600284AD04F2C705D3BD020D8E1
:105D80002B2C2ED014D80A2C2DD00D2C14BF072369
:105D90000623204901EBC001CB5C53550B2B36D1B8
:105DA000072F2AD100235355BDE8F84023F0F8BA55
:105DB000422C1ED04D2C18D0412C14BF0723002399
:105DC000E7E76D2C11D008D8612C10D0622C10D0D0
:105DD000542C14BF07230123DBE76F2C0BD0742C4A
:105DE000F7E70223D5E70623D3E70523D1E700230E
:105DF000CFE70323CDE70423CBE70A2F07D1002306
:105E0000535505484560BDE8F84000F03FB8F8BD7F
:105E1000A8100120D098060014C50020032870B5F2
:105E200004460DD8074D55F820200AB1136998474C
:105E3000054B45F8243020461B68BDE870401847E4
:105E400070BD00BFC4100120A0C50020032830B4DD
:105E500007D8074D55F820403CB16469A44630BCD2
:105E600060476FF0020030BC70474FF0FF30FAE738
:105E7000C41001201DF086BF1DF0A6BF024A80217C
:105E800008201EF025BC00BFD4100120014A0821C3
:105E90001EF07ABC419702001EF040BCF8F786BBAA
:105EA000F8F796BBF8F796BBF8F796BBF8F7C8BBC0
:105EB00070477047014B1B68184700BFC0C50020E2
:105EC000014B5B68184700BFC0C50020014B9B68B1
:105ED000184700BFC0C50020F8F778BCF8F798BC99
:105EE000F8F7C8BCF8F7E8BB014B5B69184700BF7F
:105EF000D0C50020014B9B69184700BFD0C50020CA
:105F0000074B0849186843F2390201FB002018606A
:105F10006FF00043B0FBF3F3C3EBC373C01A7047D9
:105F2000ECC500206D4EC641014B1860704700BFA4
:105F3000ECC5002038B505460C46FFF7E1FF611BB4
:105F4000013190FBF1F303FB1100284438BD013807
:105F50000A44914200D1704711F8013B00F8013F1B
:105F6000F7E710440A44914200D1704711F8013B11
:105F700000F8013DF7E70244904200D1704700F875
:105F8000011BF9E730B530B10A4D01444FF0FF3342
:105F9000814201D1D84330BD10F8012B5340082273
:105FA00043F30004013A2C4092B284EA5303002ADE
:105FB000F6D1EDE72083B8ED4FF0FF3070470000D9
:105FC00030B591B10A4D0A44914200D130BD11F86B
:105FD000013B5840082340F30004013B2C409BB296
:105FE00084EA5000002BF6D1EEE70846EEE700BF4A
:105FF0002083B8EDC0437047044B054A93F8A8319D
:10600000022B18BF062382F888347047681E0120CF
:10601000E8180120034BD3F8483313B1DB6803B110
:1060200018477047E8180120034A137843F0020329
:106030001370FFF7EFBF00BFE4180120034A137885
:1060400043F008031370FFF7E5BF00BFE418012019
:10605000034A137843F004031370FFF7DBBF00BF5C
:10606000E4180120074BD3F8402322F48072C3F8D0
:10607000402393F8892442F0100283F88924FFF723
:10608000C9BF00BFE81801202DE9F04116461D46A2
:1060900080460F460DF079FF084A094C1378278196
:1060A00023F0110343F01103C4E90008668125734E
:1060B0001370BDE8F041FFF7ADBF00BFE418012049
:1060C000C8CA01201FB5094B8DF8090093F88C2030
:1060D0008DF80A2093F858000D2202A98DF80820A7
:1060E00005F0A3FDC0B205B05DF804FB681E0120F9
:1060F00010B5154C94F8C92194F85030012A4FF08E
:10610000010294BF84F8D52184F8D721013394F893
:10611000C821DBB29A4284F8503009D80B480DF000
:10612000F7FE002384F85030BDE81040FFF772BF3F
:10613000074C04F2BC40D4F8DC140DF015FF04F257
:10614000BC400DF071FEEFE7681E0120A41D012088
:10615000E818012010B5074C04F57F700DF0D8FE4B
:1061600094F8163413B1012384F81534BDE81040B7
:10617000FFF750BFE818012010B50C4CD4F84023AD
:1061800042F08002C4F8402394F8162412B1002093
:10619000FFF7E0FF94F8893423F0120343F0120371
:1061A00084F88934BDE81040FFF726BFE8180120C5
:1061B0002DE9F0414F4C90B008B984F8C001B4F813
:1061C000DC30A4F8483094F8B93084F879304A4B80
:1061D0004A4ED3E9100183E80300D3E9120103F129
:1061E000080282E80300B4F8CC20A4F88C20D4F88C
:1061F000D420C4F89420D4F8D820D4F8D010C4F80F
:10620000982000254FF0010803F5407203F545730F
:10621000C4F89010A56384F8AB51A4F8B08184F859
:106220004A5084F8AD5184F8AE51C4F8C451A4F872
:10623000C85103A9C6F8E454A6F8145486F81654B5
:10624000C4E9735594F85800A4F8D65104932C4B24
:1062500084F8D551039205938DF8188005F02AFD36
:10626000E36FC6F8D83394F88D3086F8E43386F8B7
:10627000D45394F8C03186F8E73306F575770FCF1D
:1062800006F57A740FC486F8E55386F8E6833B6812
:106290002360022386F8FA33D6F8483386F8175479
:1062A000CDE9015586F8F9831BB15A68DB68019284
:1062B0000293144B0793A3F14C020892A3F114022A
:1062C0000992114A0B9221330A93A2F18C030C9389
:1062D000A2F188030D93131D0E9301A902F1DC03B3
:1062E00007A802F5C6620F9303F018FC10B0BDE8D2
:1062F000F08100BF681E0120E41E0120E818012083
:1063000094250120501D01204C1F012037B5214C40
:10631000D4F8C43113B1E36C0133E36494F8BE31B3
:106320001D4DCBB101A90B2004F08EFBA0B9B4F830
:106330005230B4F8982001339BB29A42A4F85230FC
:106340000AD195F8893484F8C00143F0080385F830
:1063500089340F2385F8683495F88934990703D573
:1063600095F82D34012B07D994F8AA3123B1A36BEA
:106370005A1C18BF0133A3630023A5F8143485F811
:106380001634D5F84033012023F00203C5F840331A
:1063900003B030BD681E0120E818012013B50DF0D0
:1063A000F4FD0A4B6C46186020460DF009FC94E899
:1063B0000300074A074B83E80300137843F02003E8
:1063C000137002B0BDE81040FFF724BED8CA012008
:1063D000E4180120201C01202DE9F0412A4D95F8F8
:1063E000A831022B07460E4602D0284BDB6A98479D
:1063F00003F0C0FC044628B1022003F0E7FC0020B3
:1064000003F0EEF995F8A831012B17D103F0C2FC87
:10641000804630B1002003F0B1FB002003F0B6F954
:10642000444603F0C1FC48B1002003F0ADFB00205E
:1064300003F0B6F9BDE8F041FFF7DEBD002CF9D15D
:10644000134C94F8882494F81634B2B90BB184F83C
:106450004174384604F0F4FBE86B0DF09DFDD4F870
:10646000BC339842E6D30B480DF052FD94F88934C2
:1064700043F0100384F88934DCE70BB184F84164FD
:10648000304604F0DDFBF1E7681E012068A6060037
:10649000E8180120881C012073B5154C154D04F532
:1064A0007A76EB6D95F8602095F9881095F858008C
:1064B000009605F076FC022384F8FA3395F8C03193
:1064C00084F8FB3395F85800012304F584623146C3
:1064D00084F8F93305F098FC38B1074B00205B6B6A
:1064E000984794F8FA3384F8883402B070BD00BF3E
:1064F000E8180120681E012068A60600F8B53D4F87
:1065000097F8A851012D04463E465DD0022D62D079
:1065100065B938B9D7E91F0107F1840383E803009F
:106520000020F8BD01284FD0022801D00320F8E751
:10653000DFF8CCE086F8A8010EF5757CBCE80F000A
:106540000EF57A770FC7DCF800303B6032468EF8E4
:10655000FA43734692F8E91081B392F800110229C8
:106560002CD1302202FB0565D5F80421C6F8842021
:10657000C3F8EC2396F88D2095F8081183F8F823DA
:10658000032286F8881083F8FA2393F8171483F807
:10659000E813012283F8F923002283F81624164B0E
:1065A000DB6A9847FFF778FF96F8BE31002BB7D02B
:1065B00012490122202004F0BFF9B1E70135042D72
:1065C00002F13002C6D1E7E703F0FAFD0028A8D1B6
:1065D00087F8A841A5E70028A8D1094B87F8A801AA
:1065E000062283F88824044BDB6A984797F8BE316B
:1065F000DCE700BF681E012068A60600102001200D
:10660000E8180120F8B50B4F0B4D0C4E0C460DF061
:106610007FFC3B6B984796F8580005F5846221464D
:1066200005F0F2FB28B17B6B706E9847A37C85F870
:106630008834F8BD68A60600E8180120681E01200D
:106640000E4890F8173480F8C0330D4B93F879203A
:1066500080F8C32393F88D2080F8D02393F8C031BD
:1066600080F8D333002280F8D12380F8D22300F5BC
:10667000707100F56270FFF7C5BF00BFE818012018
:10668000681E0120104890F88834DBB190F8173468
:1066900080F8D4330D4BDA6FC0F8D82393F88D20EF
:1066A00080F8E423002280F8E52393F8C03180F8D5
:1066B000E733012280F8E62300F5757100F5687074
:1066C000FFF7A0BF704700BFE8180120681E012037
:1066D0002DE9F04F91B04FF00008012B05460F4611
:1066E00002928DF81180ADF8148005D8C44EC146D1
:1066F00006F28C4AB94502D311B0BDE8F08F15F807
:10670000090004F019FA4844B842F5DC15F80930DC
:1067100009F10104013BE4B21F2BEDD801A252F8AC
:1067200023F000BFA5670300D167030001680300E1
:106730000F6903003B690300DB690300096A03007A
:106740007D6A0300AB6A0300576B03003B6B0300D9
:10675000B76B0300C76C0300DF6B0300496C0300D9
:106760008D6D0300B36D0300F76D0300356E0300FC
:10677000F9660300F9660300F9660300F966030091
:10678000F9660300F9660300F9660300F966030081
:10679000F9660300F9660300F9660300F966030071
:1067A000AB6C0300974B2A5D93F8BE3109F10209E7
:1067B0009A425FFA89F900F2BE8007A9012004F02D
:1067C00043F9002840F0B780079804F013F9B2E0CD
:1067D000052004F04FFA88B10521002004F01EFACC
:1067E0002B5D86F85C3409F1030409F102095FFAB4
:1067F00089F9E4B215F8093086F85D34A14679E7E5
:1068000000238DF812308DF813308DF818308DF884
:106810002030B8F1000F75D1DFF8E8814FF0050B9B
:10682000C14698F88C208DF83920631E98F84920CD
:106830008DF83B202B4498F848200D938DF83C2090
:1068400098F8AA3198F878208DF83D20D8F8BC2126
:106850008DF83A300C92D3B17B1C1B1BDBB28DF848
:10686000383008AB019306AB009399F858000DF14E
:1068700013030DF112020CA905F018FB99F8AA31C7
:106880008DF811002BB98DF81130002323E005237A
:10689000E5E700F007000728F7D199F949209DF9AD
:1068A000123089F849309A429DF8133089F84830FF
:1068B000B8BF01229DF81830B8BF89F8AD2189F81A
:1068C0007830E2E701220DF111010320039304F077
:1068D00033F8039B0133D9B29DF82020B2FBFBF0C3
:1068E0008842EFD81444E4B2631EDBB29F4205D95C
:1068F000EA5C032A95D0A74298BF23461C464FF076
:1069000001087BE709F105095FFA89F3F6E72B5DDA
:106910003C4903F00F03012281F8AB3109F1020970
:1069200002FA03F3A1F8B0315FFA89F9002205A950
:10693000042004F001F84C4660E707238DF811307D
:106940002B5DDFF8C0B0C3F3021203F00F030F2B6F
:106950008DF8303004BF9BF880308DF830308DF8E2
:10696000312009F1050409F1020209F1030309F1DB
:106970000409DBB25FFA89F9E95C15F809309BF884
:106980005800D2B21B04AA5C43EA012313436422D9
:1069900053430CA90D9305F0BDFA00F00703072B34
:1069A000E4B28DF8110010D19DF830309DF83120FF
:1069B0008BF880308BF888300D9BCBF87C30CBF88F
:1069C00084308BF87920C6F8EC338DF8140001225E
:1069D00005A9052003F0B0FF10E7D6F848336BB1E6
:1069E0001B685BB19847029B8DF8140003F03F03CE
:1069F0008DF81530022205A90620EBE7FF20F2E70B
:106A0000E8180120681E012003238DF811302B5D4A
:106A10008DF824300CAB089309F1040209F103034B
:106A2000DBB2D2B2E95CAB5C09F10202D2B21B0468
:106A3000AA5C43EA0123134309F10604642209F125
:106A4000050953435FFA89F90C9300230D9315F858
:106A500009308DF83830CA4B08A993F8580005F072
:106A600077FAC3B20028E4B28DF81130FFF6C6AE53
:106A70008DF81430012205A90720ABE72B5D03F048
:106A80000F03012B38BF01231A464FF47A73534387
:106A9000BB4A09F10209936603F57A73D3665FFA7C
:106AA00089F9002205A9082043E72B5DB44C002298
:106AB0008DF8182013F0200218BF01228DF819203C
:106AC000DA0648BF012203F00F0394F8580048BFCC
:106AD0008DF8182006A98DF81A3005F068FA09F12A
:106AE000020901305FFA89F93FF425AFBDF818209B
:106AF000A449A4F88C209DF81A209DF818308A5CCF
:106B000094F858008DF8323007EE902AF8EE677A44
:106B100002220CA98DF83020C4ED247A05F085F806
:106B200094F94930089040B29842B8BF184684F8AA
:106B30004900002205A90920FBE6914B2A5D93F844
:106B4000BE3109F102099A425FFA89F93FF6F3AEC4
:106B500007A90B2033E603238DF811302B5D8DF848
:106B6000303009F1040209F10303DBB2D2B209F1BA
:106B7000050409F10209E95CAB5C5FFA89F91B04C1
:106B800015F8092043EA01231343642253430D936C
:106B90007B4B0CA993F8580005F027FAC3B20028E4
:106BA000E4B28DF81130FFF629AE8DF814300122D1
:106BB00005A90A200EE72A5D714802F00F010123A2
:106BC000120903FA01F109F102049340A0F89A10A6
:106BD000A0F89830E4B2002205A90C20FAE62B5D5B
:106BE000DFF89CB1039303F007028BF8C82109F189
:106BF0000202D2B20020A95CC1F302118BF8C911C4
:106C0000AA5C202102F00F028BF84920FFF792F9CD
:106C1000039B2022C3F3C20302FA03F318440023A8
:106C2000C6F8DC348BF85030574B98429CBF4FF479
:106C30007A73584309F1030498BFC6F8DC040020B6
:106C4000E4B2FFF755FAD9E52B5D00201A090A32A4
:106C500001218DF814004C4801FA02FC09F10204EC
:106C60008445E4B21DDC03F00F03043344488DF87F
:106C7000141001FA03F39BB2C0F8C4314FF47A73D5
:106C8000C0F8CCC103FA02F25046C6F8D4240DF085
:106C90003FF95046D6F8D4140DF066F950460DF081
:106CA000C3F8012205A90F2094E609F1020407A9FF
:106CB0002020E4B203F0C8FE00287FF49FAD0798BF
:106CC00003F098FE9AE5092003F0D4FF002854D081
:106CD0000921002003F0A2FF0023ADF8263009F1BE
:106CE000030209F10203DBB2D2B2E95CAB5C2A5DBC
:106CF0001B0443EA0123134309F1040209F10604CA
:106D0000D2B209F105095FFA89F9AA5C15F80910F0
:106D100043EA02634FF47A724A430DF1300B1212C8
:106D200058460393ADF824200CF04AFF039B03F16F
:106D3000965303F5A91303F5EC530893D6F83C33A7
:106D400000930DF1200999E80600D6F838330AA817
:106D50000CF0F9FE0B9B00939BE806000A9B48464B
:106D60000CF0D5FE99E803000CF009FF03F034F9AC
:106D70000123E4B286F8383440E586F838043DE56E
:106D8000681E012030990600378941000C2003F06D
:106D900071FF00283FF432AD0C21002003F03EFFCC
:106DA00096F88834043B012B7FF628AD03F082F877
:106DB00024E509F1020309F10302D2B2DBB2295D35
:106DC000E85CAB5C09F1050409F104095FFA89F993
:106DD0001B0443EA002315F809000B4364215943BF
:106DE00000F00F0003F078F8E4B28DF814000122EF
:106DF00005A91120EEE50D2003F03CFF00283FF42B
:106E0000FDAC0D21002003F009FF09F10203DBB204
:106E1000164AE85C2B5D126809F1040409F10309C4
:106E20005FFA89F943EA002015F80910E4B203F08B
:106E30009BF8E3E4285D09F1020309F1040409F178
:106E40000309DBB25FFA89F9EA5C15F809301B0423
:106E500043EA022303436420584303F019F9E4B2E0
:106E60008DF81400012205A91320B3E5C8CA01203A
:106E700038B50F4C0F4D04F2A4400DF049F8D5F889
:106E8000D0210D498A429EBF4FF47A735343C4F810
:106E9000D834FFF7BFF80123D4F8D814074885F891
:106EA000D6310DF061F8BDE8384004480CF0BCBFA5
:106EB000E8180120681E0120378941008C1D01203F
:106EC00038B50F4C0F4D04F28C400DF021F8D5F879
:106ED000CC210D498A429EBF4FF47A735343C4F8C4
:106EE000D434FFF797F80123D4F8D414074885F871
:106EF000D5310DF039F8BDE8384004480CF094BFA6
:106F0000E8180120681E012037894100741D012006
:106F1000094BD3F84023012A0AD008490978C90748
:106F200008D43AB993F88A04013818BF0120704791
:106F30000020704701207047E8180120E418012064
:106F400007B5002301A8019303F0B8FD054B93F9A1
:106F50004900FFF7B7F8019BC01A80B203B05DF893
:106F600004FB00BF681E01202DE9FF47514EBDF80C
:106F700030A000240F46191E08BFA2468046914645
:106F800006F59C705246CDE90244348086F81644DA
:106F90000191FEF7DCFF5FFA8AF286F8372298F853
:106FA0000030B37098F8000040090428354608D036
:106FB000072801996FD0022806D0022004B0BDE84E
:106FC000F087012386F81634042385F804313A4CFF
:106FD000C5F80841FF2385F80C31384E98F8003089
:106FE00085F80D31D6F8E43085F82891C5F81031D0
:106FF0003B7885F8143102A804F59B7385F830219D
:10700000C5F82C3104F08EF8002850D1029BA5F869
:1070100044045A1E03A8A5F81621C5F84C3403F001
:107020004DFD08B11320C9E7039B0BB90020C5E74C
:1070300096F94900FFF746F895F83732DBB1039B24
:107040000F2B0FD804F58B7203A90F2003F042FD1C
:107050000028E7D13B78039A62F303033B7085F87D
:107060001431ABE704F2FE4203A903F033FD00281C
:10707000D8D10A20A2E704F2FE44224603A903F075
:1070800029FD0028CED1039B85F82801C5F82C41A5
:1070900085F8303192E70029C8D0002AC6D0F01C0C
:1070A000FEF755FF96F8373201333380BEE71220E2
:1070B00084E700BFE8180120EA180120681E0120BB
:1070C00070B54D4C4D4D88B000238DF80B3094F8C1
:1070D00049308DF8113094F848308DF81230D4F8DA
:1070E00090300593D4F8943006932B888DF81000D7
:1070F0000646ADF81C3094F8580005F583630DF191
:107100000B0204A904F09FFE012385F8413494F892
:10711000493085F842349DF80B3085F84334D5F872
:107120001834C5F85064C5F84834C5F8583402F02E
:107130006FFE26462C46B0B996F8A831012B01D136
:1071400002F0F0FF03F00AF80023039394F80431EF
:1071500096F9495094F81724042B0CD8DFE803F073
:107160000E2E320B3600D5F8180402F0B3FF0028BB
:10717000E2D0102000E0032008B070BD204804F0E9
:107180002DF8002834D194F80C312380D4F8403302
:107190001C48217843F00203C4F8403394F81434B7
:1071A0000133DBB284F8143484F84534164B0025DF
:1071B0009B6AC4F8E45498472846DDE7104804F079
:1071C00061F8DEE70E4804F089F8DAE703A80192D7
:1071D00003F0A8FF70B994F81434019A13B1039B1B
:1071E000013B0393064B0398E9B204F0A1F8C8E70A
:1071F0001120C1E71220BFE7681E0120E818012016
:10720000F0190120EA18012068A606002DE9F041D6
:107210008EB0064602F0AEFD002840F0E580744CCA
:1072200094F8A831012B0CD0236C724DABB195F8BA
:107230000431042B00F2DA80DFE803F0171D21D8B7
:10724000250002F0A7FD18B10F200EB0BDE8F081B7
:1072500002F0AAFD0028E7D0F6E7B4F8B0315A1ED4
:10726000D5F8183453432364E1E7634804F0C3FBC3
:1072700068B11120E9E7604804F0F1FBF8E75E48E7
:1072800004F025FCF4E75C4804F059FCF0E795F8BD
:107290000C312B80236C08930DF1180894F84930B9
:1072A0008DF82830404694F8AC318DF82A300CF037
:1072B000AAFCD4F8B831009302AF98E80600D4F8DD
:1072C000B43138460CF03FFC97E803000BAB83E881
:1072D0000300E36B099300238DF834302B88ADF85D
:1072E000363094F8C03101228DF829201BB98DF871
:1072F00034208DF82930414B0093414B94F85800CD
:10730000A3F1C90208A904F0BEFEA0B10B289CD1CC
:10731000D5F8E01479B1002E97D0D5F8403339482C
:1073200043F02003C5F840330CF01EFE35480CF046
:107330007BFD002089E794F8587094F9793094F92E
:10734000492094F88D10304E384604F0D0FEE36D9D
:1073500094F86020009641B21436384604F021FDBE
:10736000E36D94F9801094F85800009694F860202A
:1073700004F017FDD5F8CC63A36ED5F8E003E16EF9
:107380003344C5F8B83395F804310144042BC5F8EB
:10739000BC1307D0226F636F32440344C5F8B8238F
:1073A000C5F8BC330023059394F8C0317BB105A820
:1073B00003F084FBB0B994F9490095F837629DF861
:1073C0001470FEF77FFE3E4480B2B04208D395F8B9
:1073D0001704FAF713FB95F81704FFF771FE34E76B
:1073E000082032E7132030E70E202EE703202CE799
:1073F000681E0120E8180120F0190120A81E0120B4
:10740000C81D0120581C0120A81C012010B5184CD3
:1074100004F55C700CF07CFDD4F84033D4F8E4043F
:1074200023F02003C4F8403348B10CF0B5FDB0F5AB
:10743000FA5F04D90F4B002283F84A2010BD0120C7
:10744000FFF7E4FE0028F9D00B28F7D0094B93F89A
:10745000493084F84234092094F8143484F84534CF
:1074600084F8410403F0ECFBBDE81040FEF74EBF8A
:10747000E8180120681E01202DE9F0433A4C8BB03A
:107480009046994694F8C021B4F84830B4F8487052
:107490000E46A16B049105465BBA002A61D094F8B0
:1074A000AB2102B9226494F8A82194F8AA0102F150
:1074B000FF3CDCF1000242EB0C024FEAC01C62F31D
:1074C000041C94F84A208DF80CC02AB15FFA8CF2A3
:1074D00042F020028DF80C20ADF8203094F878307E
:1074E0008DF8223094F88C308DF8233094F8583091
:1074F0008DF8243004AB012200931C4B8DF814202E
:10750000D4F898208DF8150006910792A3F12F0169
:10751000A3F1300205A802F0C5F89DF80C30CDF8B3
:10752000009060F386138DF80C303246434603A971
:107530002846FFF719FD08B10A2803D10020FFF7FC
:1075400065FE20B1A4F848700BB0BDE8F083049B41
:1075500084F84A00A36303F085FA002818BF1320BB
:10756000F2E70720F0E700BF681E0120E01E0120BF
:10757000F8B502284FF000040646274601D02BD864
:1075800088BB404B404C012283F8D421022284F86E
:107590000421A218D3F8E030C4F80821FF2284F8AF
:1075A0000C21062262F3471784F80F311A0A1B0CCC
:1075B00084F8102184F8113184F80E6184F80D717B
:1075C0000BF038F90822014604F58970FEF7BFFC7C
:1075D00004F58D7108202DE0FF2831D00120BDE891
:1075E000F840FFF713BE284C264A012382F8D43115
:1075F000A21CC4F80821FF2284F80C21062262F3A1
:10760000471784F8043184F80E3184F80D710BF0BB
:1076100027F90822014604F20F10FEF798FC0BF040
:1076200009F90822014604F21710FEF790FC04F550
:107630009071092003F0A4FD0028CFD01120F8BDDF
:10764000114D2046FEF75AFF64F34717AB1CC5F8EF
:10765000083185F8044185F80C6185F80D710BF04F
:10766000FFF80822014605F58770FEF770FC0BF065
:10767000E1F80822014605F58B70FEF768FC20460C
:10768000ADE700BF681E0120E8180120084B10B5C7
:10769000044608461146DB6B224649B29847054A24
:1076A000D2F8403343F00203C2F84033002010BD4B
:1076B00068A60600E81801200346D0B1C9B1027BD4
:1076C00012F00F0205D090F8200010B100200870D1
:1076D000704793F8280010B901230B70704752B916
:1076E00093F8200008B90223F7E703230B70104634
:1076F0007047032070471720704700002DE9F04FB6
:1077000089468BB090460646002800F08B81002900
:1077100000F088810368002B00F084814368002B0F
:1077200000F080818368002B00F07C81C368002B0F
:1077300000F07881104604F06EFA002800F07481A1
:10774000BB4CBC4D304603F01DFA40F22C720021B8
:107750002046FEF710FC4FF4B06200212846FEF7E9
:107760000AFCB54BC4F8BC3104F55F73069304F50D
:10777000647300274046079306A9B04B84F85880ED
:1077800084F8A8718DF82470089304F093FA0E23FE
:1077900004A994F858008DF8103004F046FAC01B84
:1077A00018BF01204FF00A0B84F8AC0104A994F82B
:1077B00058008DF810B004F038FA4FF0060A84F83B
:1077C000DC0004A994F858008DF810A004F02DFAFC
:1077D0000F2384F8DD0004A994F858008DF81030C8
:1077E00004F023FA10230DEB0301C4F8A40094F86D
:1077F00058008DF8103004F018FA1123C4F8A800CE
:1078000004A994F858008DF8103004F00EFA1223F1
:10781000C4F8AC0004A994F858008DF8103004F0B6
:1078200004FA1323C4F8B00004A994F858008DF8A2
:10783000103004F0FAF91523C4F8B40004A994F840
:1078400058008DF8103004F0F0F9162384F8B900D0
:1078500004A994F858008DF8103004F0E6F91723C5
:10786000C4F8BC00C4F8C40004A994F858008DF80A
:10787000103004F0DAF9C0B21C2384F8C00084F898
:10788000C80004A994F858008DF8103004F0CDF920
:107890001D2384F8CC0004A994F858008DF810300A
:1078A00004F0C3F91E2384F8CD0004A994F858000D
:1078B0008DF8103004F0B9F91F23C4F8D00004A9E2
:1078C00094F858008DF8103004F0AFF90B23C4F889
:1078D000D40004A994F858008DF8103004F0A5F9EC
:1078E0000C2304A9A4F8D80094F858008DF810309F
:1078F00004F09BF9D4F8A4306366D4F8A830A366EA
:10790000D4F8AC30E366D4F8B03003904FF00108FF
:10791000A4F8DA0023673846D4F8B430636784F8F3
:10792000B880C4F89CB084F8A0A0C4F85CB084F817
:1079300060A084F8788084F8AF81FEF739FC404974
:1079400085F8897405F55C70C5E9D169C4E90F77DC
:1079500084F8A981C5F840830CF05EFA394905F531
:1079600062700CF059FA384905F568700CF054FA59
:10797000364905F57F700CF04FFA354905F28C4019
:107980000CF04AFA334905F2A4400CF045FA6E4671
:10799000314905F2BC400CF03FFA30460CF033F9A7
:1079A00096E8030004F5DA7383E803002B4B1F60AD
:1079B0002B4BC5F84C332B4BC5F854332A4BC5F829
:1079C0005C332A4F2A4BC5F850332A4BC5F858333D
:1079D00005F553703B68984704F5EE700AF042FDD8
:1079E00020B1112630460BB0BDE8F08F204603F0E1
:1079F00073FB0028F5D102F091FFB8B91E4803F0DF
:107A0000D7FB06460028ECD17B699847FEF78CFA35
:107A1000BB6D94F8A9019847FB6A9847012385F844
:107A20008A34DFE70326DDE70926DBE71326D9E7FB
:107A3000681E0120E81801200001010194250120A1
:107A40000D74030041660300856603005561030061
:107A5000C16E0300716E0300F1600300E4180120A1
:107A60009D630300896003005160030068A606005F
:107A70003D60030029600300501F012008B5034B3F
:107A80000020C3F84003FEF7B7FA08BDE81801204C
:107A900010B5FFF73DFA0A4C60B90A4B93F8A831CC
:107AA000022B02D1084BDB6A98470123C4F840330C
:107AB000002010BDD4F84003013818BF0120F8E7BA
:107AC000E8180120681E012068A6060070B52D4B3D
:107AD0008AB0054693F8DD008DF8090093F8DC00C4
:107AE0008DF80A0028489A6B90F814040392002637
:107AF0008DF80B0004960C4600293ED00692D3F870
:107B000098200792B3F8482093F8AA118DF8151021
:107B100052BAADF8202093F88C2093F858308DF8A5
:107B2000243003AB8DF822008DF8232000930DF153
:107B30000A020DF10B030DF1090105A88DF814607F
:107B400001F0B0FD9DF90900FEF7BCFA607004A8D1
:107B500002F0B4FF98B9049B0F2B0AD862789342C5
:107B600007D8D11A1D442170AA4238BF08200AB094
:107B700070BD002323700820F9E70320F7E71320E6
:107B8000F5E700BF681E0120E81801201FB5044674
:107B9000002800F0388100784C2800F23081DFE8BE
:107BA00010F04D00530058005D0060006300670056
:107BB0006C002E012E012E012E012E012E01F2004D
:107BC000DE002E012E012E012E012E012E012E018E
:107BD0002E012E012E012E012E012E0170007400A7
:107BE0007E00850088008B0090008E009200960039
:107BF00099009C009F00A200A500B400B800C0003E
:107C0000BC00C400C700CB00D200D0002E01D600BB
:107C1000030107012E012E012E012E012E012E013E
:107C20002E012E012E012E012E012E012E01FF000C
:107C30000B011001140118011C012501744B93F86C
:107C4000A831237104B010BD714B93F8C03123717A
:107C500002E00AF0EFFD60600020F3E70AF000FEAA
:107C6000F9E70AF013FEF6E7694B93F8AA31EEE75D
:107C7000674BD3F8E0306360EEE7654BD3F8E43050
:107C8000F9E7634B93F8A931E1E71B238DF808303E
:107C90005F4B02A993F8580003F0C7FFDBE75D4B89
:107CA000043493E8030084E80300D5E75A4B043416
:107CB000F7E75A4B0434F4E7594B0434F1E719233E
:107CC000E4E71823E2E7524B93F87830BFE7504BD4
:107CD0005B6ED0E74E4B9B6ECDE74D4BDB6ECAE73C
:107CE0004B4B1B6FC7E74A4B5B6FC4E702238DF812
:107CF0000830474B02A993F88C2093F858008DF870
:107D00000A2003F092FF2071A6E7414B93F8DD3083
:107D10009DE73F4B93F8493099E73D4B93F8DC30B2
:107D200095E73B4B93F8483091E7394BDB6DA2E781
:107D3000374B93F860308AE7354BD3F89430636063
:107D40008AE7334B97E7324BD3F8D430F7E7304B21
:107D5000D3F8BC31636004F01BFAA0607CE72C4AC6
:107D60000023114692F8F001072805D103EB031315
:107D700003F2F1130B447EE70133172B02F11102DA
:107D8000F0D102205EE7224A0023114692F8F0016A
:107D90000628EBD00133172B02F11102F6D1F0E7E0
:107DA0001B4B93F8AF3152E7194BD3F8CC3162E754
:107DB000174BD3F8D0315EE7154BB3F89830A3805A
:107DC0004AE7134BB3F89A30F9E7114BB3F8D830C0
:107DD000F5E70F4BB3F8DA30F1E70D4B93F8582085
:107DE0000AB1062A11D1B3F80837E8E7084B93F82F
:107DF00058200AB1062A08D1D3F80C373BE72046B1
:107E000002F03EF81EE703201CE717201AE700BF28
:107E1000681E0120E41E0120241F0120EC1E012009
:107E20002C1F0120F0B5044685B010B9032005B021
:107E3000F0BD9B4DD5F840339A0700F12C830278B2
:107E40004C2A00F22583DFE812F04D005300610058
:107E500067006B006F00740079007E0089008F005E
:107E600095009B00A100A700AD00B300B900BF00C2
:107E7000C500CB00D100D700DD00E300E900EF0032
:107E8000F500FB00010123030901310144016B01ED
:107E90008D017E0191019A019E01A201A601AA0114
:107EA0002303AE01C001E801D601FA0104020B026E
:107EB00010021502A2022303C102DF0223032303DF
:107EC0002303230323032303230323032303230382
:107ED000230323032303AE02FB02000305030A036B
:107EE0000F0319030079FEF709FB00289FD105E075
:107EF0000379022B9AD06B4A82F8C03195F8893405
:107F000043F0200385F88934002090E740680AF0A8
:107F100083FC00288AD1F1E740680AF091FCF8E779
:107F200040680AF0A3FCF4E75E4B027983F8AA21CB
:107F3000E4E75C4B4268C3F8E020DFE7594B426856
:107F4000C3F8E420DAE7416800293FF46FAF00206E
:107F500003F080FB0028D1D0112068E74168002998
:107F60003FF464AF0120F3E7416800293FF45EAFBE
:107F70000220EDE7416800293FF458AF0320E7E70E
:107F8000416800293FF452AF0420E1E7416800292D
:107F90003FF44CAF0520DBE7416800293FF446AFD2
:107FA0000620D5E7416800293FF440AF0720CFE71E
:107FB000416800293FF43AAF7F20C9E741680029B2
:107FC0003FF434AF8020C3E7416800293FF42EAF6F
:107FD0008120BDE7416800293FF428AF8220B7E740
:107FE000416800293FF422AF8320B1E741680029AE
:107FF0003FF41CAF8420ABE7416800293FF416AF83
:108000008520A5E7416800293FF410AF86209FE74F
:10801000416800293FF40AAF872099E741680029A9
:108020003FF404AF882093E7416800293FF4FEAE97
:1080300089208DE7416800293FF4F8AE8A2087E760
:10804000416800293FF4F2AE8B2081E7154B00799F
:1080500083F8A901144B9B6D98474FE7114E037AA3
:108060008DF8043096F8580096F88D308DF805306C
:10807000072201A903F03BFE00283FF4D7AE636856
:1080800096F858000193002201A903F030FE002861
:108090003FF4CCAE7C36D4E9010186E803002DE73D
:1080A000E8180120681E012068A60600C04E037A69
:1080B0008DF8043096F8580096F88D308DF805301C
:1080C000072201A903F013FE00283FF4AFAEBC362F
:1080D000E1E7B74E037A8DF8043096F8580096F829
:1080E0008D308DF80530072201A903F000FE00282D
:1080F0003FF49CAED4E9010106F1840383E8030058
:1081000096F8A831022B7FF4F9AE96F8C031002B17
:108110003FF4F4AEA74BDB6A9847FEF7BDF9EDE6F6
:10812000A34E037A8DF8043096F8580096F88D30F7
:108130008DF80530072201A903F0D9FD00283FF48E
:1081400075AEC436A7E74368029301238DF80C305F
:10815000974B02A993F8580003F005FE00287FF41E
:10816000CDAE63E6436802930023EFE703795A1E1E
:108170000E2A3FF65BAE8E4A82F87830BEE68C4B14
:1081800042685A66BAE68A4B42689A66B6E6884BF7
:108190004268DA66B2E6864B42681A67AEE6844BFE
:1081A00042685A67AAE6824C037994F858008DF821
:1081B0000430062201A903F09AFD00283FF436AEF0
:1081C0009DF8043084F8DD3098E6794C03798DF819
:1081D000043094F8580094F88C308DF8063005225D
:1081E00001A903F084FD00283FF420AE9DF804307F
:1081F00084F8493082E66E4C037994F858008DF883
:1082000004300A2201A903F072FD00283FF40EAEEB
:108210009DF8043084F8DC3070E6654C037994F8FE
:1082200058008DF80430092201A903F060FD0028F0
:108230003FF4FCAD9DF8043084F848305EE64368B6
:10824000B3F5FA7F3FF6F2AD594AC2F89C30D365D8
:1082500054E6574B027983F8A02083F860204DE65E
:10826000534B4268C3F8942048E6514B4268C3F828
:10827000D42043E64468002C3FF4D8AD012B40F0F5
:108280000A8134212046FDF77DFE636B984204D1BC
:10829000474838222146FDF75AFE04F138061C21D2
:1082A0003046FDF76FFE636D984204D142482022AC
:1082B0003146FDF74CFE04F158074FF4C0713846C3
:1082C000FDF760FED4F8D83198421ED1384E4FF4F5
:1082D000C27206F158003946FDF739FE95F8173499
:1082E00085F8E833D6F88430C5F8EC3396F88D304D
:1082F00085F8F833012385F8F933022385F8FA333A
:108300002C4B96F8A9019B6D984704F5EE764FF437
:10831000CE713046FDF736FED4F87833984205D159
:1083200026484FF4D0723146FDF711FE04F55F7612
:1083300010213046FDF726FED4F88C33984204D144
:108340001F4814223146FDF702FE04F564764FF40F
:1083500060713046FDF716FED4F81037984205D10B
:1083600018484FF461723146FDF7F1FD04F21476BE
:1083700014213046FDF706FED4F8283798427FF4E2
:10838000BDAD114818223146FDF7E1FDB6E5837910
:10839000012B3FF64BAD064B42684068C3F8BC2149
:1083A00002F0B8FED6E5024B027983F8AF21A5E5CD
:1083B000681E012068A60600A01E0120442001209E
:1083C000E4210120F82101207C2501204268344B62
:1083D0009A423FF62BAD334B93F8C01102297FF43C
:1083E00025ADC3F8CC214FF47A7353432E48C5F81A
:1083F000D4340BF08DFD2C48D5F8D4140BF0B4FD1B
:1084000029480BF011FD79E54268254B9A423FF669
:108410000DAD244B93F8C01102297FF407ADC3F8CA
:10842000D0214FF47A7353432048C5F8D4340BF06D
:108430006FFD1E48D5F8D8140BF096FD1B48E0E7F9
:10844000184B8288A3F8982058E5164B8288A3F829
:108450009A2053E5134B8288A3F8D8204EE5114BA0
:108460008288A3F8DA2049E50E4B93F858200AB128
:10847000062A12D1A288A3F808273FE5094B93F8F2
:1084800058200AB1062A08D16268C3F80C2735E5DE
:1084900001F002FD29E50120C9E41720C7E400BF6F
:1084A00037894100681E0120741D01208C1D0120A8
:1084B000074B10B5D3F8404314F0020406D101F085
:1084C00077FE044B204683F8A84110BD0120FCE74D
:1084D000E8180120681E0120F7B52C4FD7F840336B
:1084E0009B0705464DD48478032C4CD8DFF8A8C0F0
:1084F0003023064603FB04C40FCEE8340FC40FCE6E
:108500000FC497F889243368236042F0200287F86B
:1085100089242A78AB7864468AB11D4A019202AA5E
:108520001344A96813F8040C03F094F820B969689F
:10853000A87803F06DF9C8B1112003B0F0BD154A59
:10854000009202F10132019202AA1344A96813F8C1
:10855000080C03F07FF80028EED1AA78E96802AB96
:108560001A4412F8040C03F075F8E4E7AB783022F3
:1085700002FB03434FF0FF32D3F80C3100201A60A6
:10858000DBE70120D9E71620D7E700BFE818012074
:10859000808386898184878A681E0120F0B5154F03
:1085A000D7F8406316F002068BB01ED103281ED800
:1085B000114C302303FB004494F8E930BBB1242272
:1085C000314601A801ADFDF7D6FC0FCDE8340FC44C
:1085D0000FCD0FC42B68236097F8893443F0200334
:1085E00087F8893430460BB0F0BD0120FBE7162038
:1085F000F9E700BFE8180120681E01202DE9F047C7
:1086000000F0030A564D0AF11C0313709046D5F88A
:10861000402312F002098CB007460E4640F09C80C1
:108620000A78013A012A03D903200CB0BDE8F0878B
:10863000032800F293804B4C302202FB004292F858
:10864000E920002A00F08A8003F00F0388F8003048
:1086500091F908308DF8043094F8580094F88D3072
:108660008DF80530072201A903F041FB28B198F8E5
:10867000003023F0040388F80030736894F8580041
:108680000193002201A903F032FB28B198F80030D1
:1086900023F0080388F8003098F800305345C3D120
:1086A00096E80700302303FB074303F5807383E854
:1086B000070095F8893443F0200385F8893402A82F
:1086C00000238DF80830FFF761FA9DF80C30022B7B
:1086D0002FD1012302A88DF80830FFF757FA9DF833
:1086E0000C3033B31F4B93F8E9206AB3302303FBFC
:1086F0000949D9F80431C4F88430C5F8EC3394F84A
:108700008D3085F8F833032385F8FA33012385F893
:10871000F933002399F8082185F81634124B84F8B0
:10872000882095F81724DB6A85F8E8239847FDF739
:10873000B3FE3378012B05D1302000FB0740E83031
:1087400001F0CEFD002070E709F10109B9F1040F35
:1087500003F13003C7D1ECE7012066E7162064E798
:10876000E8180120681E012068A606002DE9F041E6
:1087700086B00023ADF800300646002800F0F280F5
:108780000361FEF7C5FB20B10124204606B0BDE819
:10879000F08102F0B1FA07460028F5D102F0A6FAFE
:1087A00020B9714814223946FDF7E5FB6F4D95F865
:1087B0008924012342F0040285F8553485F8892480
:1087C00032788DF804200021013A8DF80530ADF89B
:1087D00006100C2A00F2A280DFE802F0075A626756
:1087E0006C76A0A07CA093808F00D5F8404314F055
:1087F0002004C9D196F80480B8F1020F30D1DFF817
:1088000070812046FDF7D4FC224696F9051098F8B1
:10881000580003F019FC072388F84900FF208DF861
:108820000530FEF7A5FE044640B196F9051098F80C
:108830005800012203F008FC88F84900D5F8E0341C
:108840003361002C6ED002F051FA00289DD195F8CA
:10885000893485F8160460F3820385F8893494E737
:10886000B8F1010F4FF0020058D1414F8DF81400BC
:1088700002A997F8580087F8AD4103F01BFA337945
:1088800087F8C0318DF805408DF806804746D5E75A
:10889000022385F854340020FEF76AFE0446CDE733
:1088A000032385F854340120F6E7042385F8543473
:1088B0000220F1E700226946022002F03DF808B9E3
:1088C0000024BBE71324B9E7327BB168B088FEF718
:1088D000DDFEE3E7002269460D20EEE7244B93F826
:1088E000A831DBB9347904F0070001F09FFA8DF864
:1088F0000040012269461020DFE70022694612206D
:10890000DBE78DF8073001F079FA044640B901F051
:108910005DFA204600F064FF27468FE702248DE7CA
:1089200001248BE701A802F041F9002F3FF42DAF9D
:10893000104B1A782AB901220F4910481A700BF00F
:108940006BFAD5F840330D4843F48073C5F84033D3
:108950000BF0DEFA09480A210BF006FB07480BF082
:1089600063FA12E7032410E73C1D0120E8180120F8
:10897000681E01202426012065600300D01D01200F
:108980002DE9F04FC64CABB00AA8F0F76BFD256897
:1089900000230AA82360A346F0F766FDC14C002D12
:1089A00000F0E3805FFA85F9AD0665D5BE4D95F818
:1089B000A831022B02D0BD4BDB6A984711A8BC4EF0
:1089C000F0F750FD0BF0E1FA3368D4F8B8131F1A32
:1089D0003944B8480BF0C8FAB6480BF025FAD4F879
:1089E000BC13B54839440BF0BFFAB3480BF01CFA7E
:1089F00011A8F0F739FD94F81634002B00F0E2814D
:108A0000142314A995F858008DF8503003F00DF98F
:108A1000D4F8BC130D900144A8480BF0A5FAA74860
:108A20000BF002FA0FAF336894F81724EB63384663
:108A30008DF878201F930BF0E6F8D5F8B831009345
:108A400006AE97E80600D5F8B43130460BF07BF857
:108A500096E8030021AB83E80300D4F81834209390
:108A600095F8C03195F85800002B18BF01231EA9B6
:108A70008DF8793003F001F919F0100F49D09BF807
:108A800000108F4A884DB2F90AA092F90C805768FD
:108A90001689A4F82AA4002363F300010C93ADF80F
:108AA000243084F84434A4F81E3484F82134C4F803
:108AB0002434A4F8283484F82E34C4F8303484F8EC
:108AC0001C34C4F8343484F83834C4F83C34774B5C
:108AD0008BF8001094F88814D5F8E420DB6A84F849
:108AE0002C8484F82D140492984794F82D34744AF9
:108AF000059213B970480BF00BFA3146384601F075
:108B000049F88346002800F06081A4F87AA484F82C
:108B10007C8419F0080F1AD0634B93F8A831022B0C
:108B200002D0624BDB6A9847FDF766FA022084F8B0
:108B3000410402F085F894F8163413B1012384F847
:108B4000153494F8893443F0100384F8893419F00B
:108B5000040F03D006210520FDF73EFC19F0020F9B
:108B600003D004210320FDF737FC01F0E5FB94F866
:108B70008924D7065FD5002384F88A34D4F840339B
:108B80001E0644BF23F08203C4F8403312F0050FE1
:108B900000F0F5830B2002F06DF8002800F0EF8361
:108BA00094F88934DD0700F1EA83580740F10D8419
:108BB000D4F8403323F00203C4F84033D4F8402300
:108BC00082BB94F8895415F001011EBF2B4662F355
:108BD000000384F8893494F889345E0744BF6FF346
:108BE000820384F88934012384F88A3421B1D4F8CB
:108BF000443334481B6898476D070BD5324802F060
:108C000045F802F073F828B194F8893443F004036E
:108C100084F8893401F01AF994F889346FF3041355
:108C200084F88934012384F88A3494F8893443F031
:108C3000200384F8893494F88934180708D56FF331
:108C4000C30384F88934D4F844332048DB68984758
:108C500094F88934990708D56FF3410384F889346F
:108C6000D4F844331A485B689847D4F840238ABB49
:108C70000D4BD3F8C411D86C81421D4640F0EA83F5
:108C800093F8BE01002800F0E583002900F0E2839C
:108C9000DA641EA802238DF87830FFF767FD19E02B
:108CA000E4180120E8180120681E012068A60600CB
:108CB000D8CA0120701C0120881C0120E41C01205E
:108CC000C8CA0120281D01203C1D0120501D012083
:108CD000041D012094F88834022B01D1FDF7DCFB40
:108CE00094F889349A066AD5D4F840536FF3451343
:108CF00084F88934002D62D1B94E34213046FDF715
:108D000041F9736B984218BF70634FF01C01B5486E
:108D100018BF0125FDF736F9736D984218BF7065CD
:108D20004FF4C071B04818BF45F00205FDF72AF9AD
:108D3000D6F8D831984218BFC6F8D8014FF4CE7192
:108D4000AA4818BF45F00405FDF71CF9D6F878339A
:108D5000984218BFC6F878034FF01001A44818BF16
:108D600045F00805FDF70EF9D6F88C33984218BF88
:108D7000C6F88C034FF460719E4818BF45F010058B
:108D8000FDF700F9D6F81037984218BFC6F810075B
:108D90004FF01401984818BF45F02005FDF7F2F890
:108DA000D6F828379842D4F848331CBFC6F82807AD
:108DB00045F040051BB19B680BB1284698472BB086
:108DC000BDE8F08F84F841342CE695F8A831012BEA
:108DD0000CD100F0DFFF824668B1584600F0CEFEAD
:108DE000584600F0D3FC042384F82D347EB90123C7
:108DF00084F81D34B6E100F0D7FF0028F6D05046C5
:108E000000F0C2FE504600F0CBFC0523ECE73B78B7
:108E100003939807EBD15B09013B062B00F29B8281
:108E2000DFE813F007009902F5009902F2009902B9
:108E30008A02102EDBD995F8C0311497F6B28DF85E
:108E400054601BB195F8D431002BD0D009F008FD47
:108E500014AA0146FF2002F013FCB8B309F000FD8C
:108E600014AA0146002002F00BFC88B309F0F8FCBC
:108E700014AA0146012002F003FC58B309F0F0FCEB
:108E800014AA0146022002F0FBFBA8B904279DF8B2
:108E9000603003F00F020F2A1ED0C3F303038DF8D6
:108EA000783095F8580095F88D308DF87930072294
:108EB0001EA902F01CFF78B9012001F0DBFE00289A
:108EC00078D00121072001F0A9FE73E00127DEE739
:108ED0000227DCE70327DAE79DF85B309DF85A208C
:108EE0009DF860101B0443EA02239DF859201343A8
:108EF000C5F8E030179BC5F8E430C1F3021385F8DC
:108F0000793001F00F030F2B1EBFC1F3030385F867
:108F1000803085F888309DF86130002B5DD0AB66DD
:108F2000AA6E95F858004FF47A735343334AAB66F0
:108F300011F0800F03F57A73EB66314B18BF1346BF
:108F4000C5F8BC310DF1620312934FF0010894F89B
:108F500017348DF84430113E11A985F878808DF8CA
:108F60004C6002F0E3FE022385F8C03195F8BE3173
:108F70004BB10022A5F8522009A942460B208DF8DA
:108F8000243001F0D9FC384601F074FE18B139469E
:108F9000002001F043FE95F8D4312BB1002319488D
:108FA00085F8D4310AF0B4FF023F012F02D8012026
:108FB000FDF7FEF894F82D34012B00F2DA8194F8D5
:108FC0001634002B40F0CD8194F8893443F010031F
:108FD00084F88934FDF710F89BE501239FE700BF73
:108FE000681E0120A01E0120C01E01204420012077
:108FF000E4210120F82101207C250120000101014C
:1090000000040001A41D0120012384F81C3495F8FC
:109010008D308DF8363094F820348DF8353095F851
:1090200058000D230DA98DF8343002F0FEFDA6F195
:109030000D031BB20B9023EAE37300B283423FF7A8
:10904000D6AE0B2E7FF6D3AEB84B27930DF1780B2F
:10905000FF2358461E978DF87C608DF8A03002F0F3
:109060006FFC074600287FF4C2AE95F8A831012BAB
:1090700014D100F08FFE0646002843D0384600F099
:109080007DFD384600F082FB04239DF88410209873
:1090900084F82D34C1F3001101F030F9209BC4F89D
:1090A000343411A95846FEF707FB074600287FF421
:1090B0009EAE20999E4B0C908246D3F8EC208A42BB
:1090C0002CD193F8E90048B3302303FB0A5393F8FB
:1090D000EAA0D3F80C311B680C9395F8A831022B49
:1090E00002D1032384F82D349DF84430032B7FF400
:1090F0007EAE9DF8843013F0600F7FF478AE04925A
:10910000012712E000F050FE0028C7D0304600F0E2
:109110003BFD304600F044FB0523B6E70AF1010AA7
:10912000BAF1040F03F13003C7D19DF8443095F82C
:10913000BE61BAF1040F29D8DFE80AF022031E202D
:1091400017000526BDF886100CAA304601F0F6FF80
:10915000F0B107280CBF0823012384F81D340C9BB1
:10916000C4F83034FDF708F8D3E4012E0AD15BB11E
:10917000032B08BF0226E5E70626E3E70726E1E71B
:109180000426DFE70326DDE70226DBE70123E4E729
:109190000C9B0499CDF800B03246504602F094F989
:1091A00020B102280CBF0A230B2321E60C9B94F864
:1091B0002D24C4F830349DF8843084F81D04C3F3A2
:1091C0004013012A84F82E3484F844349EBF0123CE
:1091D000A86385F8AE31012F84F81E74C4F8240406
:1091E00084F8280484F8410424D1022384F81C3430
:1091F00095F84A30002B36D19DF88430D90632D408
:10920000D4F83C3413B1012384F82134012A94F8B2
:1092100040149DF8843005D8012901D19A0601D562
:1092200001F02EFC9DF84430032B78D8DFE803F0E2
:10923000263F7030039B03F0E003A02B18D195F874
:10924000BE11012385F84A3009B929996964012AB8
:1092500084F81C3407D94FF4FA53C4F83C34059B06
:109260001B68C4F8E43495F8A831002BCBD0C7E7CD
:10927000002385F84A3084F81C34BDE79DF884103B
:1092800094F82D34424601F00F0122A8FDF720FA90
:109290009DF8983084F81F34279BC4F824349DF837
:1092A000A03084F82834012384F829340DE09DF897
:1092B000841094F82D34424601F00F0122A8FDF7E6
:1092C00007FA9DF8983084F81F3495F8D4315BB1D3
:1092D0000026184885F8D4610AF01AFE94F88934FB
:1092E0005B0748BF84F855649DF89820E02A08D1B0
:1092F00095F8AF312BB984F81F24C4F82434A4F8AE
:10930000283494F8893443F0020384F8893451E610
:1093100094F82D349DF8A01027984246CFE70123FA
:1093200084F81D34FCF728FFCFE700BF201B012085
:10933000681E0120A41D01205E4D013EB2B2791CC1
:109340002846FCF704FE0323A4F81C34C4F8245474
:1093500084F82864D5E7012384F81D34FCF70CFF5A
:1093600028E694F84434002B3FF42EAE0020FCF79E
:10937000F1FE94F82D34022B3FF42CAE24E694F841
:109380008934590721D5012001F074FC48B100232C
:1093900084F81434D4F8403323F00203C4F8403383
:1093A00013E0022001F066FC0028F0D1032001F058
:1093B00061FC0028EBD1042001F05CFC0028E6D120
:1093C000062001F057FC0028E4D194F88934DA072C
:1093D0007FF5F4AB94F840240AB1032A19D1364A38
:1093E00094F8141492F87820914205D29B0724D562
:1093F00094F82D34012B20D830480AF089FDD4F898
:10940000403323F02003C4F84033FCF77FFFFFF71D
:10941000D5BB012A11D194F81524002A3FF4CEAB14
:10942000254A94F8141492F878209142E4D29F07C8
:1094300003D594F84434002BDED194F8893400200D
:109440006FF3041384F8893484F81504FDF7DEFF04
:10945000FFF7B4BB95F8D5315BB102231EA88DF898
:109460007830FFF783F900287FF434AC85F8D50114
:1094700030E495F8D6315BB103231EA88DF878301F
:10948000FFF774F900287FF425AC85F8D60121E4B4
:1094900095F8D731002B3FF41DAC04231EA88DF89E
:1094A0007830FFF763F900287FF414AC85F8D70112
:1094B00010E400BF201B0120681E0120581C012061
:1094C0002DE9F04F054691B018B9032011B0BDE861
:1094D000F08F00230361FDF71BFD044607460028BB
:1094E00040F0B680AC46BCE80F00DFF87C818DF818
:1094F0000C4006AE0FC6AB8901931422214608F535
:1095000088602E7895F90E90FCF735FD012388F8D8
:109510004134544B93F8C021022A44469B4637D12C
:1095200093F8A821022A33D193F8AE2182BB7EBBE7
:1095300009220BA88DF82C20FFF718F990BB9DF895
:109540000C209DF81C80DDF820A0022161F3471259
:109550008DF80C20002601279BF88C108DF82E101A
:1095600002220BA99BF858008DF82C2002F05DFB1D
:109570009BF8AA1140B200296CD09BF8C0C19BF89F
:10958000AD11BCF1010F69D1002967D15FBB63E068
:10959000012E07D0032E12D0002ED0D04FF000099C
:1095A000C846D9E79DF80C209DF81C80DDF820A066
:1095B000042161F347128DF80C200126CBE79DF8BA
:1095C0000C20BDF82030DDF81CA09DF922900193FD
:1095D00042F0E0028DF80C2001274FF00008BBE7B5
:1095E0004845B8BF48469BF88C208DF814008DF88C
:1095F00016209BF85800052205A902F078FB0028E8
:109600003FF463AF9DF814208BF84920D4F8E404AC
:1096100038B10AF0C1FCB0F5FA5F84BF00228BF8C4
:109620004A20019B5246414603A8FDF725FF58B941
:1096300094F8893484F8406443F0010384F8893451
:10964000D4F8E0342B6141E7002384F81634F7E7BF
:1096500001203BE7002FC3D10220F1E7002FFBD010
:10966000D4E700BF681E0120E818012037B50B4D74
:109670008DF8040004460E2295F8580001A902F066
:1096800036FB40B1064A85F8AC4192F8893443F084
:10969000200382F8893403B030BD00BF681E01206A
:1096A000E81801202DE9F04F8BB047780093149B08
:1096B00090F90C8090F90D6090F80E908B464168FF
:1096C000196004469246002F56D002238DF81030C0
:1096D00004A9C37B007C8DF8123002F0A6FAB4F81E
:1096E00008C0618943B26068984545466144B8BF87
:1096F0001D46604534BF00270127884209D30A214F
:109700008DF81010207C019304A902F08EFA019BC1
:1097100046B22089B4F80AC0616800EB4C0E71456E
:109720001FD3091AB1FBFCF00CFB1011C9B9984505
:109730000ADC237833B10223207C8DF8243006A97B
:1097400002F0B8FA4FF0010920238DF81030207C88
:10975000E37B8DF8115004A98DF8123002F065FA00
:1097600045B2009B8BF8005038468AF8006083F8B9
:1097700000900BB0BDE8F08F4546F2E7024BD3F8FE
:109780009C3003B1184770472C260120034A1378F8
:1097900043F002031370FFF7F1BF00BFF026012072
:1097A000034A137843F004031370FFF7E7BF00BFC9
:1097B000F02601201FB571B933238DF80830074B0F
:1097C0008DF80C00D3F8B43002A9187802F02DFA05
:1097D00005B05DF804FB2E23EFE700BF2C26012027
:1097E00008B50AF0D2FB074B186403F150000AF0E9
:1097F0008FFB054A137843F001031370BDE808405E
:10980000FFF7BCBF2C260120F02601202DE9F047F0
:1098100082460E4690461F460AF0B7FB1E4B814615
:1098200093E803000AF001FA4FF4FA34A9EB0000C0
:10983000B0FBF4F304FB13041E2303FB0A9000F6B1
:109840004800051BA9450FD9241A03FB06F24C4416
:10985000B4FBF2F40134E4B2664303FB065544451D
:1098600004D30020BDE8F0870024F8E70B4CD4E9CE
:1098700009010AF0DAF9A0F6D630A842F1D3084B74
:10988000DB6D9847A5EB090594ED040A281A0AF048
:1098900092FB38600120E5E7482601202C260120B4
:1098A00068A6060070B588B00646154668461022C0
:1098B00000211C46FCF75FFB10220DEB020000218B
:1098C000FCF759FB04AB8C2210216846CDE90065FA
:1098D00008F07CFE9DF811209DF8103003EB022368
:1098E000B3FBF4F204FB12330C9A138008B070BD82
:1098F00030B5B8B10446014441F22105002014F806
:10990000013B082280EA032010F4004F4FEA400395
:1099100002F1FF3218BF6B4092B298B2002AF3D125
:10992000A142ECD130BD000070B5134D8160002321
:10993000C3602B7B13F0120F86B004461AD030237D
:109940008DF81030D5F8B43004A9187802F06DF90C
:10995000D5F8B820B5F94860136803900146D5F8EA
:10996000B400127900780094B34238BF334649B24C
:1099700002F017FA06B070BD2C2601202DE9FF4138
:1099800005460F46164632BB3523DFF854808DF866
:109990000830D8F8B43002A9187802F046F9C4B2F9
:1099A000012C019019D932238DF80830D8F8B43041
:1099B00002A9187802F039F905EBD711B1FBF4F3DD
:1099C00004FB131454FA80F03146C0B2FFF7F2FEE4
:1099D00004B0BDE8F0813123D7E70020F4E700BFF1
:1099E0002C260120F0B506461B4D85B017460846CB
:1099F00061B301210020FFF7DDFE184B1B681A7BC5
:109A0000D107044648BF1C692B7B1A0708D56FF3A2
:109A1000C30395F838002B730121FFF7CBFE0446F2
:109A2000CDE90264D5F8B430D5F8A420ADF80470BF
:109A30001878043201A902F08DFBD5F8A030D5F8D2
:109A4000A420DC6012791A7405B0F0BD69690122A6
:109A50008031FFF793FFD0E72C2601202826012034
:109A600030B5184D184B194C286885B000211822C4
:109A70001960FCF780FA0C2200212046FCF77BFAE3
:109A80004022002104F10C00FCF775FA104B236111
:109A9000D4F8983013B1984784ED040A34238DF834
:109AA0000830D4F8B43002A9187802F0BEF82A6859
:109AB000002310725372A4F84C3084F84E3005B075
:109AC00030BD00BF28260120F02601202C260120D1
:109AD0000000C8412DE9F8430F4E33681D7BD3F8D1
:109AE00010901C78D3F8048093F90870FFF7B8FF42
:109AF00033681A7B1F7205F0010565F300021A73C3
:109B00001A78C3F81090C4F3400464F341021A7049
:109B1000C3F80480BDE8F8832826012070B5044608
:109B200002B303C9104E114B86E803001A600FCC34
:109B300006F108050FC50FCC0FC5A6F14800236834
:109B40000B492B600AF068F9A6F1300009490AF0C8
:109B500063F9A6F1180008490AF05EF9BDE8704003
:109B6000FFF77EBF70BD00BFC4260120282601205C
:109B7000E19703008D970300A1970300014B83F841
:109B80004D0070472C260120014B83F84E00704792
:109B90002C2601202DE9F047704F8CB02F238DF833
:109BA0001830D7F8B43005460E46187806A902F0EA
:109BB0003CF897F84C300590092B3C4604D0387B94
:109BC00010F0100000F0C2809DF81430B34240F055
:109BD000C3809DF815702846791DFFF789FEEA19A4
:109BE0009179537943EA0123834240F0B280EB5DDF
:109BF000D4F8A0105A484B75C35CA4F84830537889
:109C00006361907843EA00236361D07843EA0043BC
:109C10006361127943EA02636361524A002323833A
:109C20000B1D92E8030083E803004FF001099DF843
:109C3000161007F10E0807F1070A884405EB0A0021
:109C40000731FFF755FE05EB08035A7815F8083081
:109C500043EA022383420BD1D4F8A00015F80A305E
:109C6000837507F10801062229441730FCF76FF9C4
:109C7000B9F1000F70D030238DF81830D4F8B4301B
:109C800006A9187801F0D1FF36238DF81830D4F8E2
:109C9000B4308DF81900059006A9187801F0C5FFB9
:109CA00037238DF81830D4F8B4300590074606A94C
:109CB000187801F0BAFFF6B202962B4E05900123F8
:109CC0000A220025CDE900230146766A03953A462B
:109CD0001846B0474FF47A73B0FBF3F3C3EB43126B
:109CE00003EB8202A0EBC200204AADF8240012E987
:109CF000030082E803001E49E0690144E16109991B
:109D000000910AAE06CA304609F001FF96E803004A
:109D100009F035FF237B23F0030343F00303237390
:109D200008232386E380022363630523002084F84D
:109D30004C30FFF755FD94F84C30092B05D1022328
:109D4000002084F84C30FFF74BFD01200CB0BDE83B
:109D5000F0874FF000096AE70223E7E72C2601208D
:109D6000409906004026012068A6060048260120EA
:109D7000803DD512064B1A7BD20606D493F84C00D0
:109D8000A0F109035842584170470120704700BFB5
:109D90002C260120034B93F84D00C31E5842584116
:109DA000704700BF2C260120034B93F84E00C31EC2
:109DB00058425841704700BF2C260120024B187BA7
:109DC000C0F30010704700BF2C26012008B50A4AD6
:109DD00058B9137B5B0706D5FFF7F0FF18B90123CD
:109DE00082F84C3008BD0023FAE792F84C30012B82
:109DF00088BF82F84C00F5E72C260120034B93F82E
:109E00004C00012801D0FFF7D9BF70472C26012054
:109E1000054B1A7BD20705D493F84C00431E5842D9
:109E200058417047012070472C260120064B1A68C4
:109E3000802343FA00F050704FF48053C0B2B3FB5C
:109E4000F0F05080704700BF282601200B4B93F89C
:109E50004C20062A11D11A7B42F020021A73920775
:109E60004FF0050158BF04224FF0000083F84C105A
:109E700058BF83F84C20FFF7B3BC70472C26012055
:109E80000378452B01BF034B1B681B7A037102202B
:109E9000704700BF282601200378452B02BF044BE2
:109EA00002791B684FF0020008BF1A72704700BFAA
:109EB0002826012008B50C2000F0DCFE48B10C215A
:109EC000002000F0ABFE034B1A68137843F0010347
:109ED000137008BD282601202DE9F341204E0546C8
:109EE000884629B3D6F8B43001911878002201A928
:109EF00001F0FDFE0028074619BF0324074601278D
:109F00000224D6F8B83093F831308DF805306DB2B0
:109F1000D6F8B4308DF804501878072201A901F062
:109F2000E6FE40B904F0FD04204602B0BDE8F08131
:109F30000F460324E5E7032C0FD10A4B1A68137868
:109F400037B143F002031370C2F804801572EBE7D7
:109F500067F3410313705760F8E70224E4E700BF9A
:109F60002C2601202826012073B51E23194C5843A6
:109F7000E0630D20164684F8381000F07BFE90B1A7
:109F8000E16BB1F5FA3F10D90023E36384F8383070
:109F90000D210F2000F042FED4F8A830E26BDA6009
:109FA00094F838201A7402B070BD237B6D4623F0FC
:109FB0000C0343F00C0331442846237309F054FE8C
:109FC00095E8030004F1240383E803000D21002039
:109FD000E0E700BF2C2601202DE9F04389B004AF53
:109FE000384609F0EDFD049C97E8030009F01DFEDA
:109FF00024F07F0808F1800300250493ADF8145085
:10A00000214CADF81C50814697E8030004F124066A
:10A0100086E80300079B009302AF96E806008023C2
:10A02000384609F090FD97E8030004F11C0383E82B
:10A030000300092000F01EFE10B396E8030009F0AB
:10A04000F4FD48450AD2E56125846562258509212C
:10A050000F2009B0BDE8F04300F0E0BD237B96E897
:10A06000030043F00403237309F0DFFD074B25834E
:10A07000A0EB09004344E063636109212846E8E757
:10A0800009B0BDE8F08300BF2C26012080C22AED74
:10A0900013B5044690B10D4B0190D3F8B4300022B3
:10A0A000187801A901F023FE30B1094B1B681A7B17
:10A0B0001C6142F001021A7302B010BD044B1B6810
:10A0C0001A7B60F300021A730120F5E72C260120A9
:10A0D0002826012070B5054609F057FF104E0446AA
:10A0E000D6E9090109F0A1FDD6F8B830D3E9032378
:10A0F0001A44C2F17F4202F57F0202F574424832EF
:10A10000531B03449C4208D300F6480140F6480321
:10A11000A1428CBF1846002070BD0020FCE700BFA4
:10A120002C26012013B50B4C04F1680009F0F0FE59
:10A1300004F1800009F0ECFE01A8EFF793F9064A5C
:10A14000137823F00603137001A8EFF78DF902B01E
:10A1500010BD00BF2C260120F026012013B5114CA4
:10A16000237B13F0110F1BD094F84C3003F0F7034E
:10A17000022B02D10020FFF733FB01A8EFF772F9A1
:10A18000094B1A7801A86FF300021A70EFF76CF907
:10A19000064809F0BDFE062384F84C30FFF7C2FFE5
:10A1A00002B010BD2C260120F02601207C260120C3
:10A1B00008B5FFF7D3FFBDE80840FFF78BBC0000F0
:10A1C000012810B504460DD10A4B1B7BDB070FD5C8
:10A1D000094B1B681B7813F0010F0CBF02240024ED
:10A1E000204610BD20B9FFF7B9FFFFF773FCF7E772
:10A1F0000224F5E72C2601202826012038B5104B33
:10A200001B681B78DB0719D50E4C0025012104F1D2
:10A21000680084F84D5009F0A7FE04F1680009F0C9
:10A2200003FE04F18000012184F84E5009F09CFEE9
:10A2300004F18000BDE8384009F0F6BD38BD00BF2C
:10A24000282601202C2601202DE9F743234D88469E
:10A250000746D5E90701164609F0E7FC4FF4FA3343
:10A26000301AB0FBF3F403FB14041C1BE94631194C
:10A27000484609F0F9FC99E8030005F1240383E856
:10A28000030095ED040A204609F095FE404504467A
:10A2900088BFA0EB08042644EE62FFF7AFFF2B7BDC
:10A2A0009B060CD4D5F8A0300A221A705F70D5F83E
:10A2B000AC20137823F0180343F0180313702B7BA2
:10A2C0006FF345132B7340F6B8339C4288BFA4F656
:10A2D000B834204603B0BDE8F08300BF2C2601202F
:10A2E00050B1428C8023134180F828304FF48052C3
:10A2F000DBB2B2FBF3F34385704700000C4BD3F89D
:10A30000B0201268824210B503D10A4B1B68597203
:10A3100010BDD3F8BC3003F1C00223B15C688442A5
:10A3200008BF83F82E1030339342F6D1F0E700BF18
:10A330002C260120282601202DE9F0418AB004A80E
:10A34000EFF790F8B04B1C68002204A81A60EFF7F2
:10A350008BF8002C00F06B82E307E6B260D5AB4CC3
:10A3600094F84C30226C0A2B00F28381DFE813F062
:10A37000B2000B00CB008101E900020181011E0146
:10A38000430181016001237B13F0100804D0A04B2E
:10A39000DB6A98470A2399E00821022213F004039C
:10A3A0002186E180626300F08E8005A8FFF7BCFA89
:10A3B000E16B49B309F0E9FD964F054697E80300C4
:10A3C00009F033FC854217D297E8030009F02DFC11
:10A3D00094ED040A401B09F0EEFD089B83420546FC
:10A3E00000DA1D440023E3638B48294609F0BCFDD5
:10A3F000894809F019FD13E0237B84F84C8023F091
:10A400000C0323730125EDE7237BBDF81C2023F00B
:10A41000140343F01003237340F64800FFF7E2FAF9
:10A42000B10740F17A81794B93F84D100022012950
:10A4300005921C4613D0022900F01F81002940F02C
:10A44000E681764BD4F8B0201B68201D5B88009015
:10A4500012686069FFF726FA012384F84D306F4DCA
:10A46000A088296805AB4A784988FFF7CFF900280A
:10A4700000F05381237B9A071AD5D4F8B820B4F999
:10A48000487013682968D4F8B400654D127991F9C1
:10A49000081000780095BB4238BF3B4601F081FCB4
:10A4A000AB68059AE380EB689342BCBF9B180593A9
:10A4B0000223059984F84D305A4809F055FD594852
:10A4C00009F0B2FC29E163622385E36384F84C3030
:10A4D000012589E7237B13F010057FF458AF08218D
:10A4E000022243F0100305A82186E18062632373F2
:10A4F000FFF71AFA2846BDF81C200121FFF772FA6F
:10A500004FF4FA3570E76369803363610023238376
:10A51000636B5B00B3F5807F88BF4FF48073636328
:10A52000238E5B009BB2FF2B88BFFF232386E3882B
:10A530005B009BB21E2B88BF1E23E380042384F89C
:10A540004C30237B03926FF341032373364B93E824
:10A55000030009F06AFB039A344B101A98423FF645
:10A5600019AF616B0E20FFF76FFE0546072384F8D5
:10A570004C3039E7237B00216FF304130D20237344
:10A58000FFF762FED4F8AC301B785F070546EDD5C7
:10A590000B2000F06FFB0028E8D00B21002000F01A
:10A5A0003DFBD4F8A83000225A60DFE7D4F8983099
:10A5B00013B1984784ED040A154BE76ADB6D9847A1
:10A5C0003F1A09F0E2FC218E054605A8FFF7ACF919
:10A5D000AF420ED90823781B94ED040A84F84C305E
:10A5E00009F0E9FC089B83420546BFF6FDAE1D4419
:10A5F000FAE604236AE7092384F84C30FFF792FD5A
:10A60000BDF81C20002107E7F02601202C260120A0
:10A6100068A60600502601207C260120282601205D
:10A6200008270120942601204826012000DD6D0026
:10A63000D4F8AC301A78500712D50B2000F01AFB72
:10A6400018B10B210F2000F0E9FAFFF76BFDFFF7BF
:10A6500041FAD4F8AC20137843F010031370DFE60E
:10A66000D4F8A0200E2111801A7842F008021A7046
:10A67000EBE7002384F84C30D2E698490B681A784F
:10A6800012F00202884600F0B4805F68A36843B10C
:10A69000D8F8002093F82E30527A9A428CBF0023CB
:10A6A000012394F84E20032A0FD1002B00F0AB8039
:10A6B0008B4B1B6B98478B4800231E2184F84E3030
:10A6C00009F052FC874809F0AFFB032384F84D30B2
:10A6D000D8F80030844D1B7A6B70D4F8B8306F60B6
:10A6E00093F831302B740423AB740027D4F8C030B6
:10A6F0006F741B78EB74D4F8A420D4F8B43004320F
:10A700001878294601F080FB754B6A7C5B6B002A48
:10A7100077D1D4F8B82090689847730740F18780C4
:10A72000724ED6F8BC50002205923446002D7ED0E1
:10A7300096F84E30032B7AD0012B17D0022B69D01C
:10A74000002B40F0C78005F1C0066B7843B105F1DE
:10A750002C026B8D00926A6860690021FFF7A2F8F5
:10A760003035B542F1D1012384F84E30D4F8BC60C5
:10A770000025A56006F1C00773786BB196F8282014
:10A78000718DB08D05ABFFF741F828B1059B0DB178
:10A79000AB4201D21D46A6603036BE42ECD1A36862
:10A7A000002B44D0237B524E13F0020F14D0D4F868
:10A7B000B8204A491368B4F948700968D4F8B4005D
:10A7C000127991F9081000780096BB4238BF3B46D9
:10A7D00001F0E7FAB368E380F368AB42B8BFED1865
:10A7E000022384F84E3029463E4809F0BDFB3D481F
:10A7F0001BE0D4F8B03061691868FFF7BFF807466E
:10A8000044E7384688E784F84D301E2154E683F843
:10A810004D2082E7B3686BB906F18000012186F80C
:10A820004E3009F0A1FB06F1800009F0FDFA0AB0F4
:10A83000BDE8F081DE692EB9324661695868FFF7DC
:10A840009DF8064694F84D30032B15D1234BA26892
:10A850001B6892F82E205B7A9A424FF0000535D2A1
:10A860001F4B1B6B9847234884F84D501E2109F05D
:10A870007BFB204809F0D8FA032384F84E30A36804
:10A880001B4D93F820306B70D4F8B8306E6093F89D
:10A8900031302B740523AB740026D4F8C0306E74AD
:10A8A0001B78EB74D4F8A420D4F8B43004321878B0
:10A8B000294601F0A9FA0A4B6A7C5B6B22B9D4F8ED
:10A8C000B82090689847B2E73046FBE784F84E50CE
:10A8D0001E2189E786F84E20A9E700BF282601201F
:10A8E00068A60600AC260120082701202C2601209E
:10A8F000F42601209426012001280CD00538C0B28E
:10A900001B2807D80123834003481840003818BF8C
:10A9100001207047002070477910000810B5054CE1
:10A920004FF4037220460021FBF725FB0020C4E909
:10A93000000010BD1C2701202DE9F0478146174675
:10A94000002947D0284B002603F1010C1A4630019C
:10A95000103312F8018FB8F1000F3ED19A42F8D1AE
:10A96000224C23680BB9C4F800C063680BB1C3F86C
:10A9700000C02318002501369D6083F80C900D302F
:10A980003301BAB22044E750C4F804C0FBF7DFFA41
:10A99000484609F1FF395FFA89F9FFF7ADFFB9F1D0
:10A9A0001F0F98BF124DD4F8082204EB061A98BF67
:10A9B00025FA09F504EB061602F1010298BF05F02D
:10A9C000010517448AF804007571C4F808724046FE
:10A9D000BDE8F0874FF00108F9E70136202EB3D12A
:10A9E0004FF00208F3E700BF232701201C270120B6
:10A9F0000104008010B510B3124B1A68904204D1C4
:10AA000002681A60002204E00A4612B11168884206
:10AA1000FAD15968884208BF5A600AB101681160CA
:10AA2000D3F808228168013A0024521A04602146B2
:10AA3000C3F808221022FBF79EFA204610BD012021
:10AA4000FCE700BF1C270120054B1B6813B11A79D6
:10AA50008242FAD1002B0B600CBF0320002070470C
:10AA60001C27012010B5054B186800B910BD037BE9
:10AA700004680BB9FFF7BEFF2046F6E71C2701204C
:10AA800038B50C4B0C4C196809B9084638BD0A7921
:10AA90000D681046FFF730FF50B1013AD2B21F2ABD
:10AAA00003D824FA02F2D30702D40846FFF7A2FF24
:10AAB0002946E9E71C2701200104008028B1044B46
:10AAC000D3F808320360002070470120704700BFB0
:10AAD0001C2701202DE9F04107460E46154632B3EA
:10AAE00029B3144B1C6800232CB93046FFF7E6FF4E
:10AAF0000020BDE8F081A268F91A013291420FD31B
:10AB00002279EA54581C22895FFA80F8611D55FAAF
:10AB100080F0FBF71CFAA36824684344DBB2E3E748
:10AB200020462468FFF766FF002CF9D1DDE70120FD
:10AB3000DFE700BF1C2701200138C0B21F289ABFE1
:10AB4000014B185C002070474499060030B50B4B50
:10AB500093F8202082B100241C33E5B2AA4202D827
:10AB60000021084630BD0D788542FAD099420CBFCD
:10AB7000034904310134F0E71146F2E728290120A6
:10AB80003429012010B5084C00232060142204F160
:10AB90000C00FF2184F82030C4E90100FBF7EBF939
:10ABA000012384F8213010BD282901200F4B93F890
:10ABB0002020042A17D89A680178117041785170C2
:10ABC000C178D1708178917093F82010013183F8A9
:10ABD000201003F11C018A4214BF043203F10C025D
:10ABE0009A60012070470020704700BF282901208B
:10ABF000094B93F8200068B15A6803F11C018A429E
:10AC000000F1FF3014BF043203F10C0283F820007E
:10AC10005A600120704700BF2829012010B5074B5A
:10AC200093F820200446084632B15968FFF78EFF9A
:10AC300010B101234470837010BD00BF282901208A
:10AC400030B50A4A92F82010536882F8210061B1A9
:10AC5000916801241C32DD78587005B99C709342CC
:10AC60000CBF034B04339942F5D130BD2829012094
:10AC70003429012008B5044B5968FFF767FF0038F5
:10AC800018BF012008BD00BF282901202DE9F3418C
:10AC90000422154D044600210DEB020095F820809A
:10ACA000FBF769F90026F3B2984502D802B0BDE877
:10ACB000F0816B68197821705A7862709F785FB163
:10ACC0002B6820469B689847FFF792FF17B901A8A9
:10ACD000FFF76CFF0136E6E7DB788DF804108DF89E
:10ACE00005208DF80730EFE728290120014B93F864
:10ACF0002000704728290120034B93F820000428E6
:10AD000094BF00200120704728290120013806281F
:10AD100023D8DFE800F0040A0E12161A1E00104BAA
:10AD20001B681B690B60002070470D4B1B685B693B
:10AD3000F8E70B4B1B689B69F4E7094B1B68DB6961
:10AD4000F0E7074B1B681B6AECE7054B1B685B6A67
:10AD5000E8E7034B1B689B6AE4E70520704700BFE8
:10AD60004C290120F0B50D4685B006461F46114618
:10AD700082B300240628CDE90144039423D0072898
:10AD800026D005284FF0010419D08DF800402B0A79
:10AD90008DF80150082201A82D0C8DF802308DF895
:10ADA0000350FBF7DEF8324621466846ADF80C70DA
:10ADB00007F08DFC002818BF0E2005B0F0BD03235E
:10ADC0008DF80030E3E704238DF800300124DEE73E
:10ADD0000223F5E70920F0E71FB507284FF000042C
:10ADE000CDE902440CBF022401248DF800408DF807
:10ADF00001100C0AADF80420090C120C8DF8031098
:10AE00008DF806208DF8073002461B0A012168469E
:10AE10008DF802408DF8083007F059FC002818BF63
:10AE20000E2004B010BD2DE9F04188B00D469046CB
:10AE30000F99064600284DD000240120CDE9044496
:10AE40008DF810009DF838008DF81500ADF816301B
:10AE5000180CCDE900441B0ECDE902448DF81930E1
:10AE6000ADF81A100B0C090E07948DF818008DF828
:10AE70001C308DF81D10E3B21F01002DFFB203DC62
:10AE8000002008B0BDE8F081013310218DF81F309B
:10AE900042466B460DEB010007F098FB0346D8B91C
:10AEA000102DAE46A8BF4FF0100ED9B2714503F178
:10AEB000010303DB103D2DB20134DCE708AA07EBE8
:10AEC000010C114416F80C0011F8201C414006F842
:10AED0000C10EAE70920D4E70E20D2E7F0B50024F1
:10AEE00089B006462948DFF8A8C00068CDE90444C7
:10AEF000CDE90044CDE90244CDE9064401248DF8B2
:10AF0000104000686045DDE90E5708D9A34204D916
:10AF1000022B22D0082009B0F0BD8DF814400B0C94
:10AF20008DF818302B0C8DF81C30194BADF816101D
:10AF300098424FEA1161ADF81A5088BF01234FEAD9
:10AF400015658DF815208DF819108DF81D5088BFE6
:10AF50008DF81F3026B90020DDE78DF81430DEE7CC
:10AF600010216B4606220DEB010007F02FFB58B9AC
:10AF700008AB1A183B5C12F8202C53403B54431C7E
:10AF8000D8B2B042F4D3E6E70E20C4E74C29012042
:10AF9000000001011FB500237F2208216846CDE98A
:10AFA0000033CDE9023307F092FB002818BF0E20D2
:10AFB00005B05DF804FB00002DE9F043C5B0DDE904
:10AFC0004C650C4690461F468146002849D0B1F595
:10AFD000807F48D84FF4887200216846FAF7CBFF8B
:10AFE00049238DF80030BFB3204B1B68DB688DF818
:10AFF0000130C3F307238DF802304FF48072ADF8AF
:10B000000420320C8DF808202A0C0023ADF80660CD
:10B01000ADF80A508DF80C204946224604A8360E99
:10B020002D0E8DF803308DF80E308DF809608DF8F7
:10B030000D508DF80F40FAF78AFF04F110014E9A77
:10B04000434689B2684607F0ABFA10B1012818BF31
:10B050000E2045B0BDE8F0838DF801708DF80270C8
:10B06000CBE70920F5E70D20F3E700BF4C290120CD
:10B0700070B586B0DDE90A650C46134638B3B1F504
:10B08000807F26D84922310C02920022ADF80C2094
:10B090008DF810108DF81620290C0C9AADF80E6062
:10B0A000ADF812508DF8141000920146360E2D0E98
:10B0B000224602A88DF811608DF815508DF81740C2
:10B0C00007F068FA002818BF0E2006B070BD0920EE
:10B0D000FBE70D20F9E7000010B5A8B10B4C3822B2
:10B0E00000212060FAF747FF2368094A1A60002010
:10B0F0004FF0FF32C3E90302C3E90522C3E9072287
:10B10000C3E909221A6310BD0820FCE74C2901207D
:10B1100000010101024B1B6818600020704700BF4E
:10B120004C29012030B1044B1B68DB6801330360FC
:10B1300000207047092070474C29012013B50023D7
:10B140000C460193D2B101A9FFF7E0FD18B9019BAC
:10B15000591C02D1146002B010BD99B2611A0029C5
:10B1600002DD0B441360F6E702D113600720F2E71B
:10B170001B0C1B0403F580332344F3E70920EAE7A3
:10B1800079B1082803D0092807D005207047064B5D
:10B190001B8801330B8000207047044B1B689B8D7C
:10B1A000F7E70920704700BF502901204C290120F2
:10B1B00080B1094B1B6803F11C02426203F12002BB
:10B1C000426503F124022833C0F88420C0F8B4306B
:10B1D00000207047092070474C29012030B50446F3
:10B1E00087B0002847D0264B1A68938801339BB25A
:10B1F000938000F10E05C3820023CDE90233CDE92F
:10B2000004330822062329460DF109008DF8083081
:10B21000FAF7A7FE0222012102A807F058FA90B916
:10B22000CDE90200CDE904000523082229460DF1ED
:10B2300009008DF80830FAF794FE0322012102A8D4
:10B2400007F045FA10B1122007B030BD204600F0DB
:10B25000D2FB08B11020F7E704F11803009321682E
:10B260000123132207F096F938B9204600F0C3FBFA
:10B270000028E9D0EEE70920E6E70E20E4E700BF6A
:10B280004C29012037B50446F8B1134D2B689A8D2F
:10B290004FF6FF739A421AD000F0E1FB10B1102074
:10B2A00003B030BD04F11C03009321680223142273
:10B2B00007F070F968B9204600F0D1FB0028EED104
:10B2C0002A68938D01339385EAE70920E8E7112086
:10B2D000E6E70E20E4E700BF4C29012037B504461D
:10B2E000E8B1124D2A884FF6FF739A4219D000F048
:10B2F000EEFB10B1102003B030BD04F11403009335
:10B30000216805230F2207F045F960B9204600F0B7
:10B31000DEFB0028EED12B8801332B80EBE70920E0
:10B32000E9E70420E7E70E20E5E700BF5029012008
:10B330002DE9F04F06468DB0894690461C46002BFD
:10B340004AD0604F3B68DB68834200F2B88094F8D3
:10B350002020002A14BF07220622834200F1FF3575
:10B3600006D3204600F0EBFB034608B310201CE098
:10B37000002301950093A36894F82810606AFFF7F2
:10B3800052FD90B93B689B78012BEAD104F1100380
:10B3900094F80CC0CDE9005302460346A1680CF0B6
:10B3A0000F00FFF79BFD0028DBD00DB0BDE8F08F4C
:10B3B000D7F800E094F804C09EF802A02289059214
:10B3C000ACF1040CBAF1010F2068A2681FFA8CF1ED
:10B3D0006AD1CDE9063308B90920E6E7B1F5807FE7
:10B3E00001D90D20E1E794F80CA08DF824801AF023
:10B3F000200FCAF340131CBFDEF830308DF8213027
:10B400004FEA124E18BFC3F307234FEA126208BF78
:10B410008DF821308DF822308DF82920059BADF86C
:10B4200026302A0C06AB8DF82C202A0E4FF000088F
:10B430004FF0490B8DF82D2000930A460523014655
:10B4400008A88DF820B08DF823908DF825808DF810
:10B4500028E0ADF82A508DF82E808DF82FC007F027
:10B4600099F8F8B907AA237B2179CDE90152A2689E
:10B47000009204392068C3F34013042289B2FFF715
:10B48000F7FD002891D1BDF81830079A43EA02432E
:10B49000E362204600F053FB00287FF467AF3B686F
:10B4A000DE6082E70E2080E704F12C0C0092CDE9EB
:10B4B000015C0622FFF7DCFD0028EAD075E70620D4
:10B4C00073E700BF4C2901202DE9F04F89B0824677
:10B4D000129E894617461C46002E00F096800023D7
:10B4E00007A910460793FFF711FC20B1062528464F
:10B4F00009B0BDE8F08F079B9C4201D80133F5D11C
:10B50000304600F01DFA002840F08180414B1A4679
:10B5100013F82010514504D1B3684B4506D00225DD
:10B52000E5E701300528F3D10B25E0E7DFF8E8B0C7
:10B53000337BDBF8001002EB8000897842780592BB
:10B54000F26A00293179CDF80090CDE90142A1F1EC
:10B55000040182783068C3F3401389B208BF002326
:10B56000FFF72AFDD84605460028C0D196F82030BE
:10B570000194002B4FF001030093059A96F82810D0
:10B58000706A4B4608BF0622FFF74DFC05460028AF
:10B59000ADD1DBF800309A78012A08D0013F062FA0
:10B5A000A5D8DFE807F0151A1E22262A2E00BAF1C8
:10B5B000040FF3D1307B1036CDE900463B464946B7
:10B5C00000F00F00FFF78AFC0028E7D005468EE761
:10B5D000D8F800301C611C6389E7D8F800305C6142
:10B5E000F9E7D8F800309C61F5E7D8F80030DC6165
:10B5F0007DE7D8F800301C6279E7D8F800305C624B
:10B6000075E7D8F800309C6271E709256FE70F25D0
:10B610006DE700BFF0C500204C2901201FB5B1B96E
:10B620000128CDE9001108BF2023CDE902114FF018
:10B6300008024FF00001684608BF8DF8003007F09F
:10B6400046F8002818BF0E2005B05DF804FB0A205C
:10B65000FAE7000038B5054607F034F8044650B95B
:10B6600055B9064B1B6801469878FFF7D7FF10B90C
:10B67000FFF790FC00B10E24204638BD4C29012074
:10B680002DE9F043044691B089461646002A00F0A1
:10B69000B080002900F0AD8000251D22294608A8B1
:10B6A0000795EEF7B5FC584A8DF81B501368FF2C30
:10B6B0009F88904605D014F0FD0F0ABF534B9F8D15
:10B6C0001F880DF11B0307AD029301953379009399
:10B6D00033683A464946204607F015F8002840F0FE
:10B6E0008A80306832792946FAF731FC304600F01A
:10B6F000D9F8002840F08180357AF2799DF81B0056
:10B70000B3792D0445EA0225D8F80020012845EA3E
:10B710000305936846D1AB422CBF00230123002BC5
:10B720006DD095600021FFF779FF0446002835D1E0
:10B73000FFF730FC044688BB9DF81B30012B35D148
:10B740003B464A4629460420FFF70CFB002858D107
:10B750003B464A4629460520FFF704FB002850D106
:10B760003B464A4629460620FFF7FCFA002848D106
:10B770003B464A4629460720FFF7F4FA002840D105
:10B78000D8F800309DF81B2020499A7000220A80CA
:10B79000DA604FF0FF32C3E904229A61204611B00B
:10B7A000BDE8F0835B1B18BF0123B8E7F27AB17ADA
:10B7B000737A120442EA01221A4329463B460720C3
:10B7C0000592FFF709FBE0B9059A3B46294606209A
:10B7D000FFF702FBA8B9059A3B4629460420FFF76C
:10B7E000FBFA70B9059A3B4629460520FFF7F4FAA3
:10B7F000C4E70924D2E70E24D0E70F24CEE70324C0
:10B80000CCE70446CAE700BF4C290120502901209B
:10B8100070B588B0002940D0214C002214F82230A5
:10B8200083422CD10023CDE90133CDE9053304EB6C
:10B830008204039307930123C1F30720CDB28DF84F
:10B840000030C1F30743090E8DF802008DF8041093
:10B8500002268DF812008DF814106278E1788DF8C8
:10B86000015068468DF803308DF810608DF8115046
:10B870008DF8133006F02BFF38B10E2003E00132B3
:10B88000052ACBD10B2008B070BDA278E17804A8BE
:10B8900006F01DFF0028F6D0EFE70920F3E700BF10
:10B8A000F0C5002010B50446002845D001680029E5
:10B8B00042D011F8013B437103220630FAF747FBEF
:10B8C0002046032250F8091B0431FAF740FB216897
:10B8D000CB79E3600A7A43EA0223E3604A7A43EAD7
:10B8E0000243E3608A7A43EA0263E360CB7A23741B
:10B8F0000B7B63742379212B1AD110220D3104F1B3
:10B900001200FAF724FB1D222168501C8B5C636235
:10B91000085C43EA0023901C6362085C033243EA3C
:10B92000004363628A5C43EA02636362002010BDE5
:10B93000112B03DC0D22E7E70220F8E70120F6E7F0
:10B9400010B50446002854D00168002951D00B7866
:10B9500043714B7883608A7843EA02238360CA7814
:10B9600043EA024383600A7943EA026383604B79C6
:10B9700003738B79C381CA7943EA0223027BC381B3
:10B9800002F00F0208311030FAF7E1FA237B0022AF
:10B9900003F00F0384F8202084F82820227903F193
:10B9A0000800111A04290DDD21680933043AD21A5E
:10B9B000085C84F82000D2B2606A84F82820194418
:10B9C000FAF7C5FA237922681A44002012F8043CD9
:10B9D000E36212F8031C43EA0123E36212F8021C3B
:10B9E00043EA0143E36212F8012C43EA0263E36293
:10B9F00010BD0220FCE710B5044660B3036853B3E2
:10BA00000279162A29D942791A700146082251F87A
:10BA1000060B0130FAF7A5FA2146082251F80E0B61
:10BA20000930FAF79EFA2368E28A5A74E38A226898
:10BA30001B0A93742368A269DA74A36922681B0A3B
:10BA400013752368628B5A752368E27E9A751723F3
:10BA50002371002010BD0120FCE70220FAE710B599
:10BA6000044600282FD003686BB30279172A2CD91B
:10BA700042791A70036882795A700146082251F897
:10BA8000070B0230FAF76DFA2146082251F80F0B26
:10BA90000A30FAF766FA2368228B9A74238B22689D
:10BAA0001B0AD3742368E2691A75E36922681B0ACA
:10BAB00053752368E28B9A752368E27FDA75182341
:10BAC0002371002010BD0120FCE70220FAE710B529
:10BAD000044600282FD003686BB30279122A2CD9B0
:10BAE00042791A70036882795A700146032251F82C
:10BAF000070B0230FAF72BFA2146082251F80A0BFD
:10BB00000530FAF72EFA2368628A5A73638A22682C
:10BB10001B0A937323686269DA73636922681B0ADC
:10BB200013742368E28A5A742368E27D9A7413239B
:10BB30002371002010BD0120FCE70220FAE738B590
:10BB40000446002863D00168002960D0037B90F888
:10BB5000282003F00F03002A57D10833207904323C
:10BB60001344984255D363790B702368A2685A70C6
:10BB7000A36822681B0A937023686289DA702368BD
:10BB8000E27A1A712368227B5A712368E2899A71DA
:10BB9000E38922681B0A2146D371227B51F8100BDE
:10BBA00002F00F020830FAF7D2F9237B94F828202C
:10BBB00003F00F0303F108052AB1226894F820105E
:10BBC000515503F10905206894F82820616A28443A
:10BBD000FAF7BDF994F828302268E16A2B44D15471
:10BBE0005A1CE16A206892B2090A81549A1C2168A1
:10BBF000E08D92B28854DA1C216894F82F0092B23A
:10BC0000043388542371002038BD0933A6E701208E
:10BC1000FAE70220F8E7012805D9053805288CBF86
:10BC200000200120704701207047034682B008467B
:10BC30000A2B1FD8DFE803F006091E1E1E0C0F1288
:10BC400015181B0002B000F0EDBA02B001F07AB88E
:10BC500002B002F0FDB802B003F03CBB02B002F04B
:10BC60001DBE02B005F044BA02B004F03FBD02B000
:10BC700004F058B8002002B07047034608460A2B6B
:10BC800017D8DFE803F006081616160A0C0E101275
:10BC9000140000F083BB01F007B902F06BB903F0A8
:10BCA000ADBB02F08DBE05F0C1BA04F0B5BD04F025
:10BCB000CBB87047034608460A2B17D8DFE803F0D5
:10BCC00006081616160A0C0E1012140000F082BB9D
:10BCD00001F006B902F06AB903F0ACBB02F08CBE09
:10BCE00005F0C0BA04F0B4BD04F0C6B8704703460E
:10BCF000084611460A2B17D8DFE803F00608161687
:10BD0000160A0C0E1012140000F0C0BB01F072B93C
:10BD100002F0B2B903F0F4BB02F0CABE05F02CBBCE
:10BD200004F0EABD04F01AB9002070470346084643
:10BD30000A2B17D8DFE803F006081616160A0C0EB1
:10BD40001012140000F036BF01F07CB902F0E8BC1C
:10BD500003F028BF03F0F4B905F032BB05F008B9D1
:10BD600004F028B97047034608460A2B17D8DFE8C5
:10BD700003F006081616160A0C0E1012140000F036
:10BD8000B1BB01F09FB902F09FB903F0D5BB02F03F
:10BD9000B5BE05F055BB04F0D1BD04F031B90020AB
:10BDA000704710B40446084611461A46019B0A2CF7
:10BDB00027D8DFE804F0060A2626260E12161A1ED9
:10BDC00022005DF8044B00F0ABBB5DF8044B01F0C2
:10BDD000AFB95DF8044B02F095B95DF8044B03F080
:10BDE000C9BB5DF8044B02F0A7BE5DF8044B05F03B
:10BDF00063BB5DF8044B04F0BFBD5DF8044B04F079
:10BE00002FB95DF8044B70470346084611460A2BCC
:10BE100017D8DFE803F006081616160A0C0E1012E3
:10BE2000140000F0AFBB01F0AFB902F09DB903F010
:10BE3000CDBB02F0B3BE05F06BBB04F0CFBD04F088
:10BE400047B90020704710B40446084611461A4608
:10BE50000A2C27D8DFE804F0060A2626260E12163A
:10BE60001A1E22005DF8044B00F0FABB5DF8044B8B
:10BE700001F0D6B95DF8044B02F0E4B95DF8044B6B
:10BE800003F0F4BB5DF8044B02F0F6BE5DF8044B22
:10BE900005F08ABB5DF8044B04F00EBE5DF8044B60
:10BEA00004F05CB900205DF8044B704730B40546DF
:10BEB000084611461A46DDE902340A2D27D8DFE884
:10BEC00005F0060A2626260E12161A1E22000294D5
:10BED00030BC00F041BC029430BC01F009BA0294BD
:10BEE00030BC02F02BBA029430BC03F03FBC029489
:10BEF00030BC02F03DBF029430BC05F0D5BB0294CB
:10BF000030BC04F055BE029430BC04F095B900205A
:10BF100030BC7047034608460A2B17D8DFE803F009
:10BF200006081616160A0C0E1012140000F0CCBCEF
:10BF300001F0ECBA02F0B0BA03F0C6BC02F0CABF1E
:10BF400005F0B2BC04F0E2BE04F06CBA0020704709
:10BF500008B5034608460A2B27D8DFE803F0060A8F
:10BF60002626260E12161A1E2200BDE8084000F0F2
:10BF70005FBEBDE8084001F0EFBABDE8084002F03E
:10BF80000DBCBDE8084003F04BBEBDE8084003F01F
:10BF900015B9BDE8084005F0B3BCBDE8084005F0A0
:10BFA00025B804F065FA40B208BD0020FCE703465E
:10BFB00008460A2B17D8DFE803F006081616160AFB
:10BFC0000C0E1012140000F09DBC01F0C8BA02F073
:10BFD00086BA03F097BC02F09FBF05F094BC04F052
:10BFE000B3BE04F047BA0020704708B503460846C0
:10BFF0000A2B27D8DFE803F0060A2626260E12169B
:10C000001A1E2200BDE8084000F07EBCBDE80840D2
:10C0100001F0A7BABDE8084002F064BABDE80840E4
:10C0200003F074BCBDE8084002F07ABFBDE80840E8
:10C0300005F06CBCBDE8084004F08ABE04F01CFAB0
:10C0400040B208BD0020FCE70346084611460A2B13
:10C0500017D8DFE803F006081616160A0C0E1012A1
:10C06000140000F075BC01F07FBA02F065BA03F06D
:10C0700071BC02F079BF05F04DBC04F08DBE04F038
:10C08000FDB90020704710B40446084611461A4610
:10C09000019B0A2C27D8DFE804F0060A2626260E84
:10C0A00012161A1E22005DF8044B00F053BC5DF816
:10C0B000044B01F07BBA5DF8044B02F03FBA5DF827
:10C0C000044B03F049BC5DF8044B02F04FBF5DF830
:10C0D000044B05F041BC5DF8044B04F05FBE5DF815
:10C0E000044B04F0DFB909205DF8044B704710B42D
:10C0F0000446084611461A460A2C27D8DFE804F001
:10C10000060A2626260E12161A1E22005DF8044B79
:10C1100000F0AEBD5DF8044B01F0E4BA5DF8044BED
:10C1200002F05CBB5DF8044B03F09ABD5DF8044B74
:10C1300003F064B85DF8044B05F0AABC5DF8044B4D
:10C1400004F074BF5DF8044B04F066BAC8B25DF841
:10C15000044B70470346084611460A2B17D8DFE800
:10C1600003F006081616160A0C0E1012140000F042
:10C170008DBD01F0C7BA02F037BB03F077BD03F005
:10C180004DB805F08FBC04F057BF04F055BA7047A6
:10C190000048704703000102064B10B51B6A0446B5
:10C1A000984730B1044B0548234483428CBF00209C
:10C1B000012010BD68A60600403576C9405DC60066
:10C1C000F0B5114B85B00C4610491F56054601F0DD
:10C1D000B5FD0F4BE4B25E6A072D4FF00103CDE9C8
:10C1E000024301460AD105220023CDE900234FF482
:10C1F0007A727A431846B04705B0F0BD0822002095
:10C20000CDE900203A46F5E78B99060064990600CF
:10C2100068A6060004289CBF014B1870704700BF39
:10C22000522901201FB502780023013A0093362AD3
:10C230007ED8DFE802F01C227D7D7D1F7D7D7D7D27
:10C240003F41437D4C4F5255585B7D631F696E7370
:10C2500075787D7A81247D7D7D7D7D7D7D7D7D7D73
:10C260007D7D7D83878E7D7D908E7D949800C378C3
:10C27000002B5DD0022300935AE08378F8E74378DF
:10C280008DF8043007238DF805308378002B0CBF20
:10C29000002302238DF8063010238DF80730354B2C
:10C2A0001B6801A803F55872CDE9022301F027FDB0
:10C2B00000903DE04023DEE72023DCE7827890F920
:10C2C000013012B92C4AD35CD5E72C4AFBE740F683
:10C2D000B833D0E74FF47A73CDE74FF4FA63CAE787
:10C2E00041F28833C7E741F27073C4E724484FF442
:10C2F0007A71F9F71FFE00F5FA60D9E7214B1A7839
:10C30000214B53F82230B6E71A4B1B6803F55873DC
:10C31000B1E7184B1B6803F55B73ACE71023AAE782
:10C32000144B1B68A7E70123A5E74FF08343009355
:10C33000009805B05DF804FB0023F8E7114B1A786C
:10C34000124BDEE740F21112ADF800208DF80230FA
:10C35000EEE703238FE70B4B1A780D4BD1E790F9EB
:10C3600001300C4AAFE70C4990F9010001F0E6FCFE
:10C370009EE700BF58290120139A06001B9A060069
:10C3800018FCFFFF522901202CC6002004C6002003
:10C3900018C600208B9906006499060037B50B4B30
:10C3A0001A6803780C2101FB03235B7A03EB430437
:10C3B000074B1D6803690093C3684278816805EBE9
:10C3C000C40001F08DFA03B030BD00BF5829012030
:10C3D0005429012030B587B0027B6423ADF80030CA
:10C3E000012A4FF00003CDE90133CDE903338DF885
:10C3F00002308DF814302CD0022A33D03ABB0368B7
:10C400002BB343681BB31C4D80682B601B4B182259
:10C4100069461860F9F79BFD194B1C782B680C22B4
:10C420005443184A224407CA83E80700164A2244A4
:10C4300007CA03F10C0484E807000322A3F86C2365
:10C4400003F55B71012203F5587001F03AFA07B069
:10C4500030BD094908684360036100F55B7100F570
:10C460005870F2E7044B1B68B3F86023B3F86C1301
:10C470000A43A3F86023EAE7582901205429012040
:10C480005229012040C600207CC6002008B5034682
:10C490000A2924D8DFE801F006232323230B161BE7
:10C4A00023212100BDE808400068FFF775BE90F920
:10C4B00000009978072271B901F0C3F9003818BF5C
:10C4C000012008BD052293F900000021F4E790F94E
:10C4D00000005978EEE70221EEE70722F3E700209B
:10C4E000EFE7000010B504791CB1012C0BD000203F
:10C4F00010BD0A4B01681B68012203F5587001F05A
:10C50000E0F90120F4E7054B01681B68224603F5BA
:10C510005B7001F0D6F92046EAE700BF58290120F8
:10C52000F7B50728144D1C46A8BF072058700E46C3
:10C530002946174601F002FC94F90130A070072B40
:10C5400013D1322001F0CCFA0C4BDB6D0546984735
:10C5500004F10C0208340346019200943A46314635
:10C56000284601F0C2FA03B0F0BD054A55F8231081
:10C57000D05C01F0ADFAE7E76499060068A6060012
:10C580008B9906002DE9F04F304E90F901807368C9
:10C5900047688BB00546894698470446002852D123
:10C5A000AB7C63B92A4A2B78126803EB430302EB96
:10C5B000830152F823704B68002B18BF1F46254B90
:10C5C000384613F908B0F36898476B7CD6F818A082
:10C5D000A9680993B8F1070F23D10023012289B27A
:10C5E000CDE904321C4A0291CDE907330521CDE99A
:10C5F00000214FF47A720693039302FB0BF24CF284
:10C6000050311846D047154B13F80810736D0D3193
:10C610002046C9B2984789F8008001200BB0BDE8D8
:10C62000F08F0027012489B20823CDE9007302911D
:10C63000CDE90774CDE90577CDE90377A9782346DD
:10C640005A462046DEE70020E8E700BF68A606005D
:10C65000582901208B99060085450100139A060090
:10C660002DE9F04F374E90F90130374F9246374A57
:10C6700012F903B0326803780C2505FB0323344A12
:10C680005B7A126803EB430302EBC3038DB00446ED
:10C69000894690F9020093F9021001F04BFB2D49F5
:10C6A000804694F9010001F049FBD4ED020A94EDB3
:10C6B000010A0B90404601F040FA22780A90554357
:10C6C0003068FA684059904794F90120FB690025C9
:10C6D000072A4FF47A629C46CDE90752DDE90A1336
:10C6E000CDE9055520D10122CDE903520522CDE93E
:10C6F00001524FF47A7202FB0BF20092284646F286
:10C70000A8126646B047A18994F90100FFF758FDC9
:10C710007B6DCAF80000217B28469847012089F8E4
:10C7200000800DB0BDE8F08F01260822CDE9035648
:10C73000CDE90162CDF800B02A4630466546A847EB
:10C740003546E0E75829012068A606008B990600C7
:10C7500054290120649906002DE9F04F8FB0002480
:10C7600005468A46914698460494ADF81440ADF8C3
:10C77000024007264FF0010B2B7AA34206D96868C6
:10C7800004A9204401F03CF900285DD102238DF872
:10C79000083002A86B7A8DF80A30FFF743FDAB7AB8
:10C7A0008DF81D309DF811308DF81E309DF8123037
:10C7B0008DF81F309DF810308DF82030EB7A8DF811
:10C7C00021302B7B8DF822306B7B8DF823301023AA
:10C7D0008DF81C608DF824303A4E8DF82C000DF148
:10C7E00002030A93072332688DF82D30ADF83430F8
:10C7F0002B680C9206930DF1120204AB0DF111019E
:10C8000006A801F017F9072805460BD130680C225D
:10C81000002100F55870F9F7AEFB3368BDF802202F
:10C82000A3F860239DF811308AF800309DF812308B
:10C8300089F800309DF8103088F80030189B2846A1
:10C840001C700FB0BDE8F08F9DF81330BDF8147068
:10C85000ADF802700444E4B2F3B917B3194A0020EA
:10C860001168072602464FF00C0C062B1BD10CFB5F
:10C8700000FE51F80EE0BEF1000F04D00BFA00F2FA
:10C880001743BFB2012201301028EED1002A3FF435
:10C8900073AFADF802706FE75A1E042A01D9062B58
:10C8A000DCD0062668E747FA00FE1EF0010FEAD04A
:10C8B0000CFB00FE51F80EE0BEF1000F08BF06268B
:10C8C000E1E700BF5829012038B505464068FFF769
:10C8D00063FC072200284FF0000195F9000014BF07
:10C8E0000724062400F0ADFF08B904F0050495F90B
:10C8F00001000722002100F0A4FF08B904F0FB04A6
:10C90000204638BD0020704710B503780F2B044631
:10C910001AD84068FFF740FC22780C4902EB42022B
:10C920000968002801EB820051F8222014BF03237C
:10C9300002231AB903F0010358B210BD032B06BF3E
:10C94000626842600223F7E70020F6E758290120D9
:10C95000022070472DE9F04F5A4D2DED028B044611
:10C96000286899B08946174600211E4601220323F4
:10C9700000F55870CDE90611CDE908118DF81410B5
:10C980008DF81510ADF8163000F07DFFA84630B9CF
:10C990002A68B2F8603343F00303A2F86033D8F892
:10C9A0000020637A8DF8283002F55871CDE90B121A
:10C9B000454A94F9083012680D920DF116020F9253
:10C9C0002268109262681192D4E90301A27A8DF86C
:10C9D000482001228DF8492013AA82E8030010257F
:10C9E000227DE18A8DF8293018468DF85420ADF863
:10C9F0003850FFF7E5FB0AAB17930DF115031690BE
:10CA00000093019705AB06AA314610A801F033F94F
:10CA1000044600284AD1F3F7BEFE012839D1F3F7C6
:10CA2000BEFE08EE100AF3F7BEFE9DF81410834612
:10CA300001392046F9F77EFA24490B69244903930A
:10CA4000C6B218AB98199DF814C010F848AC039FF3
:10CA5000701C0C23B0FBFCF60CFB160603FB0AFC57
:10CA6000D8F8000018EE102A50F80C005B46B847C2
:10CA7000F6B2174938B189F800A0204619B0BDECCC
:10CA8000028BBDE8F08F013D15F0FF05D9D10D24D3
:10CA9000F3E79DF8141020460139F9F74BFA18AB6B
:10CAA000184410F8483C89F80030E6E70C2801BF2C
:10CAB000D8F80020B2F8603343F00303A2F86033E3
:10CAC000DBE700BF582901205429012068A6060091
:10CAD000400D0300F8B50679012E054601D8062061
:10CAE000F8BD0F2E2BD80368187A40F303000722F5
:10CAF000002140B200F0A5FE2B680446187A40F3EE
:10CB000003100722002140B200F09BFEA8B1B4FA46
:10CB100084F4640929680B7A086843F3030243F339
:10CB2000031352B25BB29A42C8BF0124FFF734FB31
:10CB300048B9002CD3D10420D2E70124EAE703202E
:10CB4000CEE70520CCE7002CFBD10C4F29683B68D1
:10CB500006EB460003EB80000C22F9F7F8F93A687F
:10CB60000C2303FB062320465C72012303FA06F61E
:10CB7000B2F860331E43A2F86063B1E75829012080
:10CB800010B4017801290FD9094B18680C234B43C5
:10CB9000C4180022C250C4E9012200F558705DF8A3
:10CBA000044B102200F056BE00205DF8044B704785
:10CBB000582901202DE9F04186B050238DF814301A
:10CBC000037A102B074630D14368DD7B6DBB02240E
:10CBD000A8466426062C14D87A68535D03932A4429
:10CBE000517843EA01230393927843EA0243734363
:10CBF000CDE9033863B968468DF80040FFF7C0FF00
:10CC00000DE0CDF80C808DF81480CDF81080F2E79F
:10CC100003AB01A801938DF80840FFF75BFF0134D7
:10CC2000E4B2102C05F10305D4D106B0BDE8F081C3
:10CC30001FB502680379116851B901A88DF8043055
:10CC4000FFF79EFF78B9002040B205B05DF804FB05
:10CC500002A802928DF80C30FFF73CFF0628F2D8AC
:10CC6000024B185CF0E70320EEE700BF8499060052
:10CC7000C90020B9034B19448856C0B27047024B13
:10CC8000F9E700BF93990600D399060010B586B066
:10CC90000B4B01938368029340F21133ADF80C30D3
:10CCA00000238DF80E30436804930388ADF81430E8
:10CCB00001A80C4600F05AFF0323237006B010BDF4
:10CCC0008B99060010B50C4B86B01A5605920C468F
:10CCD0000A4901F033F8002201460820CDE900029C
:10CCE0000748059A0123E4B202940393446A184664
:10CCF000A04706B010BD00BF8E9A0600249A060019
:10CD000068A606000B4B10B51B6A0446984768B12D
:10CD1000094B0A4A2344934209D8094A534341F62E
:10CD2000F632B2EBB31F2CBF0120002010BD002053
:10CD3000FCE700BF68A60600608FF7C840164000F9
:10CD40005FF743591FB5002300930378013B362B4F
:10CD500025D8DFE803F01C202424242224242424C2
:10CD600043454724505356595C5F24671E696E73D0
:10CD70007578247A7D28242424242424242424241B
:10CD80002424247F851E1E247F1E1E8D9100C378BF
:10CD90001BB9082302E083780BB1022300930098AB
:10CDA00005B05DF804FB43788DF804300D238DF851
:10CDB00005308378002B0CBF002302238DF806304A
:10CDC00048238DF807302F4B1B6801A803F55872D4
:10CDD000CDE9022300F093FF0090E0E74023DDE778
:10CDE0002023DBE7827890F9013012B9264AD35C20
:10CDF000D4E7264AFBE740F6B833CFE74FF47A731F
:10CE0000CCE74FF4FA63C9E741F28833C6E741F251
:10CE10007073C3E71E484FF47A71F9F78BF800F589
:10CE2000FA60D9E71B4BB9E7164B1B6803F558733B
:10CE3000B4E7144B1B6803F55B73AFE74823ADE71A
:10CE4000104B1B68AAE70123A8E7134B0093A6E742
:10CE50000023FBE7114A0F49007900F0BBFCBBE758
:10CE600040F21743ADF8003003238DF8023096E707
:10CE700090F901300A4ABAE70A4990F9010000F036
:10CE80005DFFA9E76C2901209E9A0600AC9A060076
:10CE900018FCFFFFA07008370000F041C027090010
:10CEA0008E9A0600249A060037B50B4B1A68037851
:10CEB0000C2101FB03235B7A03EB4304074B1D6842
:10CEC00003690093C3684278816805EBC40000F0F1
:10CED00007FD03B030BD00BF6C290120642901208B
:10CEE000F0B587B00123047BADF800300023CDE915
:10CEF0000133CDE903338DF802308DF8143024B1BD
:10CF0000013C012C4ED907B0F0BD0368002BFAD0CC
:10CF10004268002AF7D0304D80682A602F4A304E90
:10CF200010609C81182269463360F9F710F8286870
:10CF30002C4B2D4F024601464FF0500C0B6003F571
:10CF4000433303F5A073BB4281F808C04C7201F172
:10CF50000C01F3D1254B264966270024C2F8003383
:10CF600003F5C31303F520638B4282F8087382F83C
:10CF7000094302F10C02F1D14FF0FF33C0E9DB337A
:10CF8000FF23C0F8743300F55B71062200F558707A
:10CF900000F097FC29683068062201F5587100F00E
:10CFA00090FCB0E70C4C2068062200F55B7100F5A0
:10CFB000587000F086FC0A4B21681B6801F5587117
:10CFC0009A1E0A3332F8024F31F8020B9A4200EAF5
:10CFD00004001080F6D196E76C2901206429012015
:10CFE0006829012000D88C36002850376086973693
:10CFF00060D65A3708B503460A2921D8DFE801F080
:10D0000006202020200B0B18201D1D00BDE8084025
:10D010000068FFF777BE997890F900000D2229B9D2
:10D0200000F00FFC003818BF012008BD0221F7E70F
:10D030000D22082193F90000F2E70E220021F9E702
:10D040000020F2E7F8B51C4B1B6804467BBB237A33
:10D05000102B2FD16668F37B012B2BD1174B18684F
:10D06000174B1C6800F55875023C0022294606F152
:10D07000010C16F812302B801CF81270042A43EAB7
:10D08000072325F8023B04BFDBB2A0F8683334F86D
:10D09000023F35F8027C01323B40052A2380E8D16B
:10D0A000BDE8F840062200F55B7000F00ABC984726
:10D0B0000028CCD0F8BD00BF5C2901206C290120DC
:10D0C0006829012038B504791CB1012C21D0002039
:10D0D00038BD154D01682B68062203F5587000F025
:10D0E000F0FB2B6893F87423A3F874230F4AA3F87A
:10D0F0007643126803F55873911E0A3231F8024FD5
:10D1000033F8020B914200EA04000880F6D10120B6
:10D11000DEE7054B01681B68062203F55B7000F033
:10D12000D0FB2046D4E700BF6C29012068290120EC
:10D130007FB50D28114D0392A8BF0D200E465870E3
:10D1400029461C4600F0FAFD94F90130A0700C4805
:10D1500055F82310C05C00F0BBFC0A4BDB6D0546A4
:10D16000984704F10C01083403460191039A009496
:10D170003146284600F0B9FC04B070BD249A060080
:10D180008E9A060068A606002DE9F0431F4E90F91E
:10D190000190736845688DB004468846984700281A
:10D1A00032D1A37C33B92578194A1A4B05F007050B
:10D1B00002FB0535184B284613F90920F3680B923A
:10D1C0009847637C21890993012500230291082156
:10D1D000CDE90031CDE90735CDE90533CDE903339C
:10D1E0000B9AA178B7692B462846B8470B4B13F822
:10D1F0000910736D0D312846C9B2984788F8009020
:10D2000028460DB0BDE8F0830020FAE768A60600C6
:10D21000C0270900A07008378E9A06009E9A060063
:10D220002DE9F047DFF8C0A090F9013091462B4A74
:10D23000D756DAF8002003780C2505FB0323284A8B
:10D240005B7A126803EB430302EBC3038CB0044622
:10D25000884690F9020093F9021000F06BFD214915
:10D26000064694F9010000F069FDD4ED020A94ED40
:10D27000010A0B90304600F060FC22780A9055437A
:10D28000DAF80000DFF864A04059DAF80C20904783
:10D29000012500224FF47A630820CDE90723CDE968
:10D2A0000522CDE90325DDE90A13CDE901500097F8
:10D2B0002846DAF81C70B847DAF85430217B284643
:10D2C0009847A18994F90100FFF7FCFCC9F8000018
:10D2D000284688F800600CB0BDE8F0878E9A0600FA
:10D2E00064290120249A06006C29012068A6060002
:10D2F0002DE9F04F834E95B0CDE9011231680393CB
:10D3000009AF00240546062201F558713846C7E9E1
:10D3100001440794ADF82040099400F0D2FAA046E9
:10D320004FF0FF392B7AA34207D9686807A9204438
:10D3300000F066FB002840F083809DF91D30052B2E
:10D3400007DC0422002109A800F09DFA012840F220
:10D35000D6804FF0070802238DF8143005A86B7AA9
:10D360008DF81630FFF7EEFCAB7A8DF835309DF86E
:10D370001D308DF836309DF81E308DF837309DF811
:10D380001C308DF83830EB7A8DF839302B7B8DF8E6
:10D390003A306B7B8DF83B3048238DF83C300D23C1
:10D3A0008DF84530336812930E23ADF84C302B685E
:10D3B00004908DF844000C930DF11E0207AB0DF1A3
:10D3C0001D010CA88DF83480109700F033FB07285E
:10D3D000054623D130680622394600F5587000F022
:10D3E00070FA494B32681B68B2F860031988014033
:10D3F0001980B2F86203598801405980B2F8640379
:10D40000998801409980B2F86603D9880140D98093
:10D41000B2F86813B2F86A2319815A81019A9DF80B
:10D420001D301370029A9DF81E301370039A9DF8F8
:10D430001C3013701E9B28461C7015B0BDE8F08F81
:10D440009DF81F30BDF820200444062BE4B205D11E
:10D45000CDE90999D2B2ADF82C2063E7072B02D1B0
:10D46000CDE90988F6E7052B43D14FF0000CD2B285
:10D470006146012303FA0CFA0CEA030B14AB03EB2D
:10D48000410E12EA0A0F3EF82C3C0FFA8AF01DD02A
:10D49000BBF1000F0ED143F0FF032EF82C3CBDF87A
:10D4A0002C301843ADF82C000CF1010CBCF1080F26
:10D4B000DFD137E763F0FF032EF82C3CBDF82C30AA
:10D4C00018430131ADF82C00C9B2EDE7C043BBF100
:10D4D000000F07D123F0FF032EF82C3CBDF82C30B1
:10D4E0001840DFE7DBB22EF82C3CBDF82C3018409A
:10D4F000E7E714A901EB430323F82C2C12E74FF0C4
:10D50000060828E76C2901206829012038B505465E
:10D510004068FFF7F7FB0D2200284FF0080195F94E
:10D52000000014BF0724062400F08BF908B904F0AA
:10D53000050495F90030072B01D00D2B01DD04F017
:10D54000FD0495F901000522002100F07AF908B9DF
:10D5500004F0FB04204638BD4FF0FF307047002038
:10D5600070474FF0FF3070470E4B5B6810B50C46AC
:10D570002BB90D4B1A68537B34B1013B05E098473A
:10D5800040B20028F5D010BD01335373537BC3EB79
:10D59000C30203EBC203DBB21D2B34BF0620022003
:10D5A000F1E700BF5C290120682901202DE9F0473F
:10D5B0000026A4B0484D8DF80E6004460F469146F3
:10D5C0003146442213A898468DF80F601296ECF766
:10D5D0001FFD31462868DFF808A1042200F053F946
:10D5E000064648B9DAF800102868042201F5587197
:10D5F00000F067F92B681E7394F908302A68DAF88E
:10D600000010052B04DD107A10B9B1F86803108101
:10D61000CDE90521314A607A126807924822ADF8B7
:10D6200020200022099222680A9262688DF8100078
:10D630000B92D4E90301A27A8DF8302001228DF8F3
:10D6400031200DAA82E80300227DE18A8DF8113095
:10D6500018468DF83C20FFF735FB04AB11930DF114
:10D660000F0310900093CDF804900DF10E0312AA51
:10D6700041460AA800F0FFFA064680B9637A93B1E2
:10D680009DF80E100139F8F755FC24AB184410F83A
:10D69000483C3B7039782868482200F0DBF8304677
:10D6A00024B0BDE8F08794F908302868022B0AD02E
:10D6B000007A3246D3B240FA03F1C90702F10102FF
:10D6C000F8D54033E5E73A4600F10C0100F03EF8AA
:10D6D0000328DFD10646E2E76829012064290120FA
:10D6E0006C290120064B10B5062404FB01318B5632
:10D6F000002B03DA00280CBF00230223D8B210BD90
:10D70000649A060010B586B00B4B019383680293B0
:10D7100040F61703ADF80C3002238DF80E30436845
:10D7200004930388ADF8143001A80C4600F01EFAEB
:10D730000823237006B010BD8E9A060003C8024B62
:10D7400083E80300704700BF5C2901202DE9F34105
:10D750000023CDE900330E469046074618B9032052
:10D7600002B0BDE8F0810029F9D0002AF7D00C788A
:10D770006308E00737F813104FF0000354BFC9B235
:10D78000090A1D4641FA03F2D207D8B205D502AA0A
:10D790002A44013502F8080CEDB20133082BF1D10F
:10D7A0005DB1691E0020F8F7C5FB02AB184410F804
:10D7B000083C03EBC40388F800300134E4B2082CC1
:10D7C00028BF00241DB93378A342D1D1C7E73470F4
:10D7D0000020C5E702FB001070472DE9F0419A4296
:10D7E000079F03DB9DF918309A4224DD0020BDE835
:10D7F000F08131F814801EFB0373002548FA05F60A
:10D80000F6070ED50EFB053696F808C04CF3031646
:10D810000CF00F0C624576B203DB06F00F06B24245
:10D820000DDD0135102DE9D10134E4B22301DBB265
:10D830009842DED8DAE700244FF00C0EF6E701201C
:10D84000D5E7884204DB9042CCBF0020012070471E
:10D850000020704710B51409B4EB111F4FEA1113E3
:10D860000FD391420DD21AB201F00F0130F81240DD
:10D87000012303FA01F124EA010120F812101846ED
:10D8800010BD0020FCE7F0B528B100EB41050126F2
:10D890000020914200D3F0BD002435F8027B2346DE
:10D8A00006FA04FC3CEA070C08BF013304F101044A
:10D8B00008BFDBB2102CF3D118440131C0B2C9B299
:10D8C000E7E710B500B149B910BD31F8134020F8B1
:10D8D00013400133DCB2A242F7D8F5E70023F9E7A1
:10D8E00082B010B50488039312B9642C38BF642445
:10D8F000012C38BF01246143BDE81040C3688B424E
:10D900008CBF591A0021C16002B070472DE9F74F52
:10D9100092460C460646984606F037FB344FDFF831
:10D92000DCB00190182212FB0A4A00254FF0FF39A3
:10D93000544507D1002D14BF48464FF0FF3003B0C7
:10D94000BDE8F08F606806F027FB0D9AB4F800C0C0
:10D9500026B9BCF1640F38BF4FF0640CBCF1010F65
:10D9600038BF4FF0010C6EBB224B49F6AF218A4203
:10D9700098BF3B461946216156BBB2F5616F27D36C
:10D980001D4B49F6AF2E724594BF1A465A46904237
:10D9900004D2A3689A4201D163681BB9019BE1607C
:10D9A000C4E901320F9B03FB0CFCE368634503D819
:10D9B000B8F1000F0ED16EB1012323751D44EDB2F5
:10D9C0001834B5E7B8F1000F00D1E7603946D2E767
:10D9D0003A46DCE700238C452375F1D2A2688242E7
:10D9E00028BF131A994528BF99460135E7E700BFBC
:10D9F00080EE360070460D00803F5C02809B8207FF
:10DA00000378032B14D1437803F00F021B098A70AB
:10DA10004B7083788B80C27843EA02238B80037932
:10DA2000C3F3021203F00F03CA700B700520704796
:10DA3000002070472DE9F74F99464379057990F911
:10DA4000068090F90770067A04468B46924683B1A9
:10DA500076B285B3B8F10F0F12D194F909800F2F68
:10DA60001FD194F90A70072D25D1002E08BF012679
:10DA700021E090F90B6090F9098090F90A70E8E7CD
:10DA8000A369019394F915300093216994F9143036
:10DA9000207B4246FFF7A1FE0028E0D105F0FD05FE
:10DAA000DDE794F91D3094F91C20BB420DDCBA422D
:10DAB000D9DA05F0FB0528468BF800808AF800705B
:10DAC00089F8006003B0BDE8F08F1F46CBE7000087
:10DAD000024B03FA00F0B0FBF1F0704740420F0038
:10DAE0004FF4FA53B3FBF0F0704730B54FF47A754A
:10DAF0000C1F6A4300FB042252001EBF00F1FF34DA
:10DB00001219B2FBF0F28A4238BF0A4603990A6042
:10DB1000810050431CBF013040084FF47A72081A4C
:10DB200002FB1303002BCABF03F2E73393FBF2F3AC
:10DB3000B3FBF2F3049A136030BD400007EE900A85
:10DB4000F8EE677A08B530EE670A70EE607A17EE85
:10DB5000900A28F08DFA41EC100B28F0A1F851EC56
:10DB6000100B28F08DFD40B208BD000070B5154DBA
:10DB700004468AB0EB6A9847EB68606898476B6D1B
:10DB8000217A01209847637A2268AE69D25CE36803
:10DB9000B3FA83F35B090993237A049300210123E9
:10DBA0000A20CDE90213CDE90010CDE90711CDE936
:10DBB00005111846A17AB0476B6BE0680AB0BDE862
:10DBC0007040184768A606002DE9F74FCDE90023FD
:10DBD00000231D461E464FF00C091A01048A5FFA05
:10DBE00082F802F0F002944206D8009B1E70019B5E
:10DBF0001D7003B0BDE8F08F4FEA430C002244686B
:10DC000034F80C401441E7072AD502EB080E876868
:10DC100009FB0EF407EB040A3C590CB3047834B941
:10DC2000446924B134F80C401441E40718D59AF83B
:10DC3000084090F901B044F303077FB25F450FDC61
:10DC400044F3031464B25C450ADB9AF8094004EB20
:10DC50004407C46804EBC704247D3CB90135EDB228
:10DC60000132102ACBD10133DBB2B6E7741C01F8C4
:10DC700006E0E6B2F4E72DE9FF4704464068DDE937
:10DC80000C781E468A46914606F086F923681B1AD0
:10DC9000C8F80030002501233B703570636813B16C
:10DCA0002368834225D8CAF80050D4F81CC0A36961
:10DCB0009CF800E00393D4E9030101AB83E803007F
:10DCC000237D0093DCF80C10237A627A7046FFF70C
:10DCD0001DFE3B46C8F800003246E0694946FFF7A2
:10DCE00073FF33782BB1C8F80050002004B0BDE8B2
:10DCF000F0873B78002B14BF0B200C20F6E737B5DC
:10DD000090F9002090F90250954204460FD0013A54
:10DD100052B2AA420BD0A368019394F90130009348
:10DD20006168E0782B46FFF758FD0028EFD01046D9
:10DD300003B030BD8842B8BF0846704751F8200094
:10DD4000054B984205D0054B98420CBF022000209D
:10DD500070470120704700BF90D0030020A107004A
:10DD6000F0B5114B85B00C4610491F560546FFF71C
:10DD7000E5FF0F4BE4B25E6A072D4FF00103CDE9DA
:10DD8000024301460AD105220023CDE900234FF4C6
:10DD90007A727A431846B04705B0F0BD08220020D9
:10DDA000CDE900203A46F5E7079B0600E09A060019
:10DDB00068A6060038B5194B1B6A05460C469847FD
:10DDC00030B1174B174A2B44934202D802232370D9
:10DDD00038BD154B154A2B44934201D80023F6E772
:10DDE000134B144A2B44934201D80123EFE7124B03
:10DDF000124A2B44934201D80523E8E7104B114AFD
:10DE00002B44934201D80323E1E70F4B0F4A2B44E5
:10DE1000934201D80423DAE70020D9E768A6060078
:10DE200040AA8FCC7F841E00C02571CCC0C62D00B7
:10DE3000FF5E43CCBF270900A0B038CC20A107006B
:10DE400040022ECC90D00300606E29CCE0930400F9
:10DE50001FB5027800230B3A00932C2A64D8DFE820
:10DE600002F02C2F3136383B3E414447634F63511B
:10DE7000565B5D63636067176363636363636363D8
:10DE800063636363634F697063634F7063727600AB
:10DE900043788DF8043007238DF805304FF4805314
:10DEA000ADF806302D4B1B6801A803F55872CDE97B
:10DEB0000223FFF724FF009036E04023009333E075
:10DEC0002023FBE790F90130254AD35CF6E70123D4
:10DED000F4E740F6B833F1E74FF47A73EEE74FF426
:10DEE000FA63EBE741F28833E8E741F27073E5E764
:10DEF0001C484FF47A71F8F71DF800F5FA60DAE77C
:10DF0000194BDBE7154B1B6803F55873D6E7134B2A
:10DF10001B6803F55B73D1E71023CFE70F4B1B683A
:10DF2000CCE74FF083430093009805B05DF804FB05
:10DF30000023F8E740F21112ADF800208DF802300E
:10DF4000F2E70323BAE790F90130084ABDE7084930
:10DF500090F90100FFF7F2FEADE700BF7429012040
:10DF60000F9B060018FCFFFF08E6D333079B060053
:10DF7000E09A060037B50B4B1A6803780C2101FBB9
:10DF800003235B7A03EB4304074B1D68036900938B
:10DF9000C3684278816805EBC400FFF7A1FC03B0B9
:10DFA00030BD00BF742901207029012030B5A5B013
:10DFB0000446902200216846ECF72AF84FF47A7262
:10DFC000ADF83020ADF87820227B64230A21012AA5
:10DFD000ADF80030ADF81830ADF84810ADF860304D
:10DFE0002FD0022A38D052BB236843B3636833B3BF
:10DFF0001E4DA0682B601E4B902269461860F7F7F3
:10E00000A6FF1C4B2C6893E8070084E8070003F187
:10E010000C0207CA04F10C05183385E8070093E8E1
:10E02000070004F11805072385E80700A4F86C33FE
:10E03000012204F55B7104F55870FFF742FC25B02E
:10E0400030BD0A4B1868002343600361C36100F5CB
:10E050005B7100F55870F0E7044B1B68B3F8602360
:10E06000B3F86C130A43A3F86023E8E7742901208E
:10E0700070290120BC9A060007B50E2909D8DFE8EF
:10E0800001F00C080808081F151F081F1F080808C2
:10E090002100002003B05DF804FB00230DF107010F
:10E0A00000688DF80730FFF785FEF3E7052290F949
:10E0B00000000021FFF7C5FB003818BF0120E9E789
:10E0C0000722F4E70120E5E710B504791CB1012C23
:10E0D0000BD0002010BD0A4B01681B68012203F51C
:10E0E0005870FFF7EEFB0120F4E7054B01681B6851
:10E0F000224603F55B70FFF7E4FB2046EAE700BF2A
:10E1000074290120F7B50728144D1C46A8BF072025
:10E1100058700E4629461746FFF710FE94F9013055
:10E12000A070072B13D13220FFF7DAFC0C4BDB6D0C
:10E130000546984704F10C02083403460192009406
:10E140003A4631462846FFF7D0FC03B0F0BD054AF9
:10E1500055F82310D05CFFF7BBFCE7E7E09A060018
:10E1600068A60600079B06002DE9F04F304E90F997
:10E170000180736847688BB0054689469847044616
:10E18000002852D1AB7C63B92A4A2B78126803EB82
:10E19000430302EB830152F823704B68002B18BF36
:10E1A0001F46254B384613F908B0F36898476B7C37
:10E1B000D6F818A0A9680993B8F1070F23D1002356
:10E1C000012289B2CDE904321C4A0291CDE907331C
:10E1D0000521CDE900214FF47A720693039302FBE7
:10E1E0000BF24CF250311846D047154B13F808107B
:10E1F000736D0D312046C9B2984789F8008001201F
:10E200000BB0BDE8F08F0027012489B20823CDE9C7
:10E2100000730291CDE90774CDE90577CDE9037765
:10E22000A97823465A462046DEE70020E8E700BFEB
:10E2300068A6060074290120079B06008545010099
:10E240000F9B06002DE9F04F374E90F90130374F04
:10E250009246374A12F903B0326803780C2505FB61
:10E260000323344A5B7A126803EB430302EBC303D4
:10E270008DB00446894690F9020093F90210FFF729
:10E2800059FD2D49804694F90100FFF757FDD4ED63
:10E29000020A94ED010A0B904046FFF74EFC2278EB
:10E2A0000A9055433068FA684059904794F9012024
:10E2B000FB690025072A4FF47A629C46CDE9075294
:10E2C000DDE90A13CDE9055520D10122CDE903523C
:10E2D0000522CDE901524FF47A7202FB0BF2009253
:10E2E000284646F2A8126646B047A18994F9010073
:10E2F000FFF736FD7B6DCAF80000217B2846984762
:10E30000012089F800800DB0BDE8F08F01260822B9
:10E31000CDE90356CDE90162CDF800B02A4630467A
:10E320006546A8473546E0E77429012068A606003F
:10E33000079B060070290120E09A06002DE9F04FA6
:10E340008DB0002405468A46914698460294ADF861
:10E350000C40ADF8064007264FF0010B2B7AA34284
:10E3600006D9686802A92044FFF74AFB002854D167
:10E37000AB7A8DF815309DF809308DF816309DF880
:10E380000A308DF817309DF808308DF81830EB7A88
:10E390008DF819302B7B8DF81A306B7B8DF81B3084
:10E3A00010238DF814608DF81C303A4E0DF10603E1
:10E3B00008934FF4E063ADF8243033680A930723E1
:10E3C000ADF82C302B6804930DF10A0202AB0DF16D
:10E3D000090104A8FFF72EFB072805460BD130687A
:10E3E0000C22002100F55870F7F7C5FD3368BDF821
:10E3F0000620A3F860239DF809308AF800309DF8C4
:10E400000A3089F800309DF8083088F80030169BF3
:10E4100028461C700DB0BDE8F08F9DF80B30BDF89C
:10E420000C70ADF806700444E4B2F3B917B3194A9E
:10E4300000201168072602464FF00C0C062B1BD15A
:10E440000CFB00FE51F80EE0BEF1000F04D00BFAF9
:10E4500000F21743BFB2012201301028EED1002A8A
:10E460003FF47CAFADF8067078E75A1E042A01D954
:10E47000062BDCD0062671E747FA00FE1EF0010FDE
:10E48000EAD00CFB00FE51F80EE0BEF1000F08BF11
:10E490000626E1E77429012073B5002605460DF133
:10E4A000070140688DF80760FFF784FC0722B0423F
:10E4B000314695F9000014BF07240624FFF7C1F97F
:10E4C00008B904F0050495F9010005220021FFF7C1
:10E4D000B8F908B904F0FB04204602B070BD4FF053
:10E4E000FF30704713B5027800230F2A04468DF8D9
:10E4F00007301DD80DF107014068FFF75BFC22785B
:10E500000C4902EB42020968002801EB820051F835
:10E51000222014BF0323022322B903F0010358B2BF
:10E5200002B010BD032B06BF626842600223F6E70B
:10E530001846F5E774290120704700002DE9F041E5
:10E54000394D0446286896B00E46904600211F4675
:10E550000122072300F55870CDE90411CDE9061119
:10E560008DF80C108DF80D10ADF80E30FFF78BF90B
:10E5700030B92A68B2F8603343F00703A2F8603379
:10E580002A68637A8DF8203002F55871CDE90912B6
:10E59000264A94F9083012680B921022ADF8302008
:10E5A0000DF10E020D9222680E9262680F92D4E96C
:10E5B0000301A27A8DF8402006228DF8412011AA8D
:10E5C00082E80300227DE18A8DF8213018468DF81B
:10E5D0004C20FFF7C5FB08AB15930DF10D0314900C
:10E5E0000093CDF8048003AB04AA39460EA8FFF7C8
:10E5F00042FB044668B99DF80C100139F7F79AFC04
:10E6000016AB184410F8483C3370204616B0BDE8ED
:10E61000F0810C2801BF2A68B2F8603343F0070389
:10E62000A2F86033F1E700BF7429012070290120AE
:10E63000F7B506790027022E05468DF8077002D837
:10E64000062003B0F0BD0F2E2DD80368187A40F3D2
:10E6500003000722394640B2FFF7F3F82B6804465F
:10E66000187A40F303100722394640B2FFF7E9F861
:10E67000B8B1B4FA84F464092868037A006843F3F3
:10E68000030243F3031352B25BB20DF107019A4246
:10E69000C8BF0124FFF78EFB48B9002CD0D104205D
:10E6A000CFE70124E8E70320CBE70520C9E7002CEA
:10E6B000FBD10D4F29683B6806EB460003EB800059
:10E6C0000C22F7F744FC3A689DF807100C2303FB73
:10E6D000062320465972012303FA06F6B2F8603386
:10E6E0001E43A2F86063ACE77429012010B40178DE
:10E6F00002290FD9094B18680C234B43C418002278
:10E70000C250C4E9012200F558705DF8044B102294
:10E71000FFF7A0B800205DF8044B70477429012072
:10E720002DE9F04186B050238DF81430037A102B78
:10E73000074630D14368DD7B6DBB0324A8466426C1
:10E74000072C14D87A68535D03932A44517843EA1E
:10E7500001230393927843EA02437343CDE90338DC
:10E7600063B968468DF80040FFF7C0FF0DE0CDF8B3
:10E770000C808DF81480CDF81080F2E703AB01A86F
:10E7800001938DF80840FFF753FF0134E4B2102CD9
:10E7900005F10305D4D106B0BDE8F0811FB50268CC
:10E7A0000379116851B901A88DF80430FFF79EFF75
:10E7B00078B9002040B205B05DF804FB02A80292CF
:10E7C0008DF80C30FFF734FF0628F2D8024B185CA6
:10E7D000F0E70320EEE700BF009B0600881A40B276
:10E7E00020EAE070C0B2704710B586B00B4B0193C1
:10E7F0008368029340F21133ADF80C3000238DF89A
:10E800000E30436804930388ADF8143001A80C4619
:10E81000FFF7ACF90323237006B010BD079B060079
:10E82000064B10B51B6A0446984730B1044B0548A7
:10E83000234483428CBF0020012010BD68A606003F
:10E84000C02571CC80841E00F0B5114B85B00C46FC
:10E8500010491F560546FFF771FA0F4BE4B25E6A86
:10E86000072D4FF00103CDE9024301460AD10522ED
:10E870000023CDE900234FF47A727A431846B0475B
:10E8800005B0F0BD08220020CDE900203A46F5E7AA
:10E89000639B06003C9B060068A606001FB500238C
:10E8A000009303780B3B2C2B63D8DFE803F02C2F6D
:10E8B000316236393C3F4245624D4F51565B5D6295
:10E8C0006260661762626262626262626262626271
:10E8D000624D686F62624D6F6271750043788DF8AA
:10E8E000043007238DF805304FF48053ADF806301F
:10E8F0002C4B1B6801A803F55872CDE90223FFF7E2
:10E90000FEF9009035E04023009332E02023FBE73E
:10E9100090F90130244AD35CF6E740F6B833F3E7C8
:10E920004FF47A73F0E74FF4FA63EDE741F288337E
:10E93000EAE741F27073E7E71C484FF47A71F7F7A2
:10E94000F9FA00F5FA60DCE7194BDDE70223DBE7B3
:10E95000144B1B6803F55873D6E7124B1B6803F57D
:10E960005B73D1E71023CFE70E4B1B68CCE7114B4D
:10E970000093009805B05DF804FB0023F8E713232B
:10E98000ADF8003003238DF80230F2E70423BBE733
:10E9900090F90130084ABEE7084990F90100FFF7F5
:10E9A000CDF9AEE77C290120AB9B060018FCFFFFE8
:10E9B000F080A6330000F041639B06003C9B0600FC
:10E9C00037B50B4B1A6803780C2101FB03235B7AE4
:10E9D00003EB4304074B1D6803690093C368427847
:10E9E000816805EBC400FEF77BFF03B030BD00BFBC
:10E9F0007C2901207829012070B5027B86B0012690
:10EA00000023B242CDE90133CDE90333ADF8006014
:10EA10008DF802308DF814302FD0022A37D052BB37
:10EA2000036843B3436833B31E4C806823601E4BB6
:10EA3000182269461860F7F78AFA1C4B246893E895
:10EA4000070084E8070003F10C0207CA04F10C0573
:10EA5000183385E8070093E8070004F11805072339
:10EA600085E80700A4F86C33324604F55B7104F5C1
:10EA70005870FEF726FF06B070BD0A49086843606B
:10EA80000361C36100F55B7100F55870F1E7054B58
:10EA90001B68B3F86023B3F86C130A43A3F8602330
:10EAA000E9E700BF7C29012078290120189B060096
:10EAB00008B50A291FD8DFE801F0061E1E1E1E1029
:10EAC0000B101E1C1C00BDE808400068FFF7A8BE24
:10EAD000052290F90000002105E090F900000628C9
:10EAE00009D007220021FEF7ACFE003818BF012034
:10EAF00008BD0A22EDE70020FAE7000010B504790E
:10EB00001CB1012C0BD0002010BD0A4B01681B6802
:10EB1000012203F55870FEF7D4FE0120F4E7054BFF
:10EB200001681B68224603F55B70FEF7CAFE2046AB
:10EB3000EAE700BF7C290120F7B50728144D1C46E1
:10EB4000A8BF072058700E4629461746FFF7F6F86B
:10EB500094F90130A070072B13D13220FEF7C0FFCB
:10EB60000C4BDB6D0546984704F10C020834034654
:10EB7000019200943A4631462846FEF7B6FF03B0AC
:10EB8000F0BD054A55F82310D05CFEF7A1FFE7E77A
:10EB90003C9B060068A60600639B06002DE9F04F2B
:10EBA000304E90F90180736847688BB005468946FE
:10EBB00098470446002852D1AB7C63B92A4A2B7887
:10EBC000126803EB430302EB830152F823704B6896
:10EBD000002B18BF1F46254B384613F908B0F368C1
:10EBE00098476B7CD6F818A0A9680993B8F1070F6D
:10EBF00023D10023012289B2CDE904321C4A0291BB
:10EC0000CDE907330521CDE900214FF47A7206934F
:10EC1000039302FB0BF24CF250311846D047154BD0
:10EC200013F80810736D0D312046C9B2984789F862
:10EC3000008001200BB0BDE8F08F0027012489B2CD
:10EC40000823CDE900730291CDE90774CDE905777A
:10EC5000CDE90377A97823465A462046DEE700200F
:10EC6000E8E700BF68A606007C290120639B060038
:10EC700085450100AB9B06002DE9F04F374E90F91A
:10EC80000130374F9246374A12F903B032680378A1
:10EC90000C2505FB0323344A5B7A126803EB43031C
:10ECA00002EBC3038DB00446894690F9020093F944
:10ECB0000210FFF73FF82D49804694F90100FFF755
:10ECC0003DF8D4ED020A94ED010A0B904046FEF7A0
:10ECD00034FF22780A9055433068FA6840599047CB
:10ECE00094F90120FB690025072A4FF47A629C46BB
:10ECF000CDE90752DDE90A13CDE9055520D10122FE
:10ED0000CDE903520522CDE901524FF47A7202FB9C
:10ED10000BF20092284646F2A8126646B047A18937
:10ED200094F90100FFF790FD7B6DCAF80000217B8C
:10ED300028469847012089F800800DB0BDE8F08F83
:10ED400001260822CDE90356CDE90162CDF800B0D5
:10ED50002A4630466546A8473546E0E77C2901202B
:10ED600068A60600639B0600782901203C9B0600EC
:10ED70002DE9F04F8DB0002506468A46914698460B
:10ED80000295ADF80C50ADF8065007244FF0010B7A
:10ED9000337AAB4206D9706802A92844FEF730FEE8
:10EDA000002845D19DF90930062B7DD08DF816300D
:10EDB000F37A8DF81930337B8DF81A30737B8DF828
:10EDC0001B3010238DF81C30414F9DF90A109DF81F
:10EDD0000820B07A8DF815000DF1060308934FF462
:10EDE000E063ADF824303B680A930A23ADF82C3079
:10EDF00033688DF817108DF8182004930DF10A026E
:10EE000002AB0DF1090104A88DF81440FEF712FEC3
:10EE1000072804464AD138680C22002100F55870B2
:10EE2000F7F7A9F83B68BDF80620A3F860233DE09A
:10EE30009DF80B30BDF80C70ADF806700544EDB2CE
:10EE4000EBB90FB3224A00201168072402464FF0A5
:10EE50000C0C062B1AD10CFB00FE51F80EE0BEF193
:10EE6000000F04D00BFA00F21743BFB201220130A9
:10EE70001028EED1002A8BD0ADF8067088E75A1E14
:10EE8000042A01D9062BDDD0062481E747FA00FECB
:10EE90001EF0010FEBD00CFB00FE51F80EE0BEF1AE
:10EEA000000F08BF0624E2E704F0FD049DF80930D6
:10EEB0008AF800309DF80A3089F800309DF8083053
:10EEC00088F80030169B20461D700DB0BDE8F08F0D
:10EED0007C29012038B504464068FFF7A1FC0722D1
:10EEE00000284FF0000194F9000014BF0725062503
:10EEF000FEF7A7FC18B194F90030062B01D105F0FC
:10EF0000FD0594F9010007220021FEF79AFC08B9DB
:10EF100005F0FB05284638BD4FF0FF307047000074
:10EF200010B503780F2B04461AD84068FFF778FC19
:10EF300022780C4902EB42020968002801EB8200AA
:10EF400051F8222014BF032302231AB903F001034E
:10EF500058B210BD032B06BF626842600223F7E778
:10EF60000020F6E77C290120704700002DE9F041E0
:10EF7000394D0446286896B00E46904600211F463B
:10EF80000122072300F55870CDE90411CDE90611DF
:10EF90008DF80C108DF80D10ADF80E30FEF773FCE7
:10EFA00030B92A68B2F8603343F00703A2F860333F
:10EFB0002A68637A8DF8203002F55871CDE909127C
:10EFC000264A94F9083012680B921022ADF83020CE
:10EFD0000DF10E020D9222680E9262680F92D4E932
:10EFE0000301A27A8DF8402001228DF8412011AA58
:10EFF00082E80300227DE18A8DF8213018468DF8E1
:10F000004C20FFF721FC08AB15930DF10D03149074
:10F010000093CDF8048003AB04AA39460EA8FEF78E
:10F020002AFE044668B99DF80C100139F6F782FFF4
:10F0300016AB184410F8483C3370204616B0BDE8B3
:10F04000F0810C2801BF2A68B2F8603343F007034F
:10F05000A2F86033F1E700BF7C2901207829012064
:10F06000F8B50679022E054601D80620F8BD0F2E08
:10F070002BD80368187A40F303000722002140B21E
:10F08000FEF7DFFB2B680446187A40F303100722D3
:10F09000002140B2FEF7D5FBA8B1B4FA84F46409AC
:10F0A00029680B7A086843F3030243F3031352B24F
:10F0B0005BB29A42C8BF0124FFF7B2FB48B9002CEB
:10F0C000D3D10420D2E70124EAE70320CEE70520CC
:10F0D000CCE7002CFBD10C4F29683B6806EB4600BF
:10F0E00003EB80000C22F6F732FF3A680C2303FB97
:10F0F000062320465C72012303FA06F6B2F8603359
:10F100001E43A2F86063B1E77C29012010B40178A6
:10F1100002290FD9094B18680C234B43C41800224D
:10F12000C250C4E9012200F558705DF8044B10226A
:10F13000FEF790BB00205DF8044B70477C2901204E
:10F140002DE9F04186B050238DF81430037A102B4E
:10F15000074630D14368DD7B6DBB0324A846642697
:10F16000072C14D87A68535D03932A44517843EAF4
:10F1700001230393927843EA02437343CDE90338B2
:10F1800063B968468DF80040FFF7C0FF0DE0CDF889
:10F190000C808DF81480CDF81080F2E703AB01A845
:10F1A00001938DF80840FFF75BFF0134E4B2102CA7
:10F1B00005F10305D4D106B0BDE8F0811FB50268A2
:10F1C0000379116851B901A88DF80430FFF79EFF4B
:10F1D00078B9002040B205B05DF804FB02A80292A5
:10F1E0008DF80C30FFF73CFF0628F2D8024B185C74
:10F1F000F0E70320EEE700BF5C9B0600064B03EB45
:10F20000C1039856002804DB062908BF0020C0B2BD
:10F2100070470020FBE700BF6B9B060010B586B06F
:10F220000B4B01938368029340F21343ADF80C300B
:10F2300000238DF80E30436804930388ADF8143032
:10F2400001A80C46FEF792FC0423237006B010BD03
:10F25000639B060010B50C4B86B01A5605920C46FF
:10F260000A49FEF76BFD002201460820CDE90002A5
:10F270000748059A0123E4B202940393446A1846AE
:10F28000A04706B010BD00BFF79B0600D89B060044
:10F2900068A606000B4B10B51B6A0446984768B178
:10F2A000094B0A4A2344934209D8094A534345F279
:10F2B000E232B2EBB31F2CBF0120002010BD0020B2
:10F2C000FCE700BF68A60600602E1CC9009F240052
:10F2D0001DE6CB0B1FB5027800230B3A00932C2AB6
:10F2E00061D8DFE802F02C2F316036393C3F4245CF
:10F2F000604D604F54595B60605E64176060606091
:10F3000060606060606060606066686F6060666FCB
:10F310006071750043788DF8043005238DF8053051
:10F320004FF48053ADF806302C4B1B6801A803F551
:10F330005872CDE90223FEF7E2FC009033E040234F
:10F34000009330E02023FBE790F90130244AD35C9E
:10F35000F6E74FF47A63F3E74FF47A73F0E74FF48C
:10F36000FA63EDE741F28833EAE741F27073E7E7C9
:10F370001C484FF47A71F6F7DDFD00F5FA60DCE722
:10F38000194BDDE7154B1B6803F55873D8E7134B92
:10F390001B6803F55B73D3E71023D1E70F4B1B68A2
:10F3A000CEE7124B0093009805B05DF804FB0023F4
:10F3B000F8E70F4BC4E740F21112ADF800208DF8CA
:10F3C0000230F0E70323BBE790F90130094ABEE7BA
:10F3D000094990F90100FEF7B1FCAEE7842901204C
:10F3E000FD9B060018FCFFFFE013F33600006041B0
:10F3F00060630537F79B0600D89B060037B50B4BBB
:10F400001A6803780C2101FB03235B7A03EB4304A6
:10F41000074B1D6803690093C3684278816805EB58
:10F42000C400FEF75DFA03B030BD00BF842901209F
:10F4300080290120F0B5027B87B001270023BA4262
:10F44000CDE90133CDE90333ADF800708DF802301A
:10F450008DF8143037D0022A41D092BB036883B3B1
:10F46000436873B3234D80682B60234B1822694691
:10F470001860F6F76CFD214B2C6893E8070084E8D0
:10F48000070003F10C0207CA04F10C06183386E8E2
:10F49000070093E8070004F11806072386E8070031
:10F4A000A4F86C333A4604F55B7104F55870FEF726
:10F4B00008FA2B684FF6BF72A3F878230622C3F828
:10F4C0007C2307B0F0BD0B49086843600361C3614A
:10F4D00000F55B7100F55870FEF7F3F9F1E7054BA5
:10F4E0001B68B3F86023B3F86C130A43A3F86023D6
:10F4F000E7E700BF8429012080290120B49B060092
:10F50000072908B504D804290CD831B1002012E02D
:10F5100009390129FAD8072205E0BDE8084000684A
:10F52000FFF7B8BE052290F900000021FEF789F927
:10F53000003818BF012008BD10B504791CB1012C9A
:10F540000BD0002010BD0A4B01681B68012203F597
:10F550005870FEF7B6F90120F4E7054B01681B6807
:10F56000224603F55B70FEF7ACF92046EAE700BFE0
:10F57000842901207FB50528114D0392A8BF0520DD
:10F580000E46587029461C46FEF7D8FB94F9013008
:10F59000A0700C4855F82310C05CFEF799FA0A4B8E
:10F5A000DB6D0546984704F10C01083403460191D0
:10F5B000039A009431462846FEF797FA04B070BDCE
:10F5C000D89B0600F79B060068A606002DE9F043CD
:10F5D000224E90F90190736845688DB004468846C4
:10F5E0009847002838D1A37C63B91D4A2378126854
:10F5F00003EB430302EB830152F823504B68002BCB
:10F6000018BF1D46174B284613F90920F3680B92C3
:10F610009847637C218909930125002302910821E1
:10F62000CDE90031CDE90735CDE90533CDE9033327
:10F630000B9AA178B7692B462846B8470A4B13F8AE
:10F640000910736D0D312846C9B2984788F80090AB
:10F6500028460DB0BDE8F0830020FAE768A6060052
:10F6600084290120F79B0600FD9B06002DE9F04749
:10F67000DFF8F0A090F901309146364AD756DAF813
:10F68000002003780C2505FB0323334A5B7A1268BC
:10F6900003EB430302EBC3038CB00446884690F9A6
:10F6A000020093F90210FEF745FB2C49064694F937
:10F6B0000100FEF743FB2178DAF80020D4ED017A4F
:10F6C000D4ED020A0B9069433046525824498A42CD
:10F6D00094BF0A230E2300EE103AB8EEC00AF4EEEF
:10F6E000407AF1EE10FA48BFB0EE670AFEF725FA4D
:10F6F00022780A905543DAF80000DFF86CA04059F0
:10F70000DAF80C209047012500224FF47A63082094
:10F71000CDE90723CDE90522CDE90325DDE90A136B
:10F72000CDE9015000972846DAF81C70B847DAF89E
:10F730005430217B28469847A18994F90100FFF7AE
:10F7400089FDC9F80000284688F800600CB0BDE8C3
:10F75000F08700BFF79B060080290120D89B060098
:10F760001F21F6368429012068A606002DE9F04FF6
:10F770008DB0002405468A46914698460294ADF81D
:10F780000C40ADF8064007264FF0010B2B7AA34240
:10F7900006D9686802A92044FEF732F9002854D13E
:10F7A000AB7A8DF815309DF809308DF816309DF83C
:10F7B0000A308DF817309DF808308DF81830EB7A44
:10F7C0008DF819302B7B8DF81A306B7B8DF81B3040
:10F7D00010238DF814608DF81C303A4E0DF106039D
:10F7E00008934FF4A063ADF8243033680A930723DD
:10F7F000ADF82C302B6804930DF10A0202AB0DF129
:10F80000090104A8FEF716F9072805460BD1306850
:10F810000C22002100F55870F6F7ADFB3368BDF8F7
:10F820000620A3F860239DF809308AF800309DF87F
:10F830000A3089F800309DF8083088F80030169BAF
:10F8400028461C700DB0BDE8F08F9DF80B30BDF858
:10F850000C70ADF806700444E4B2F3B917B3194A5A
:10F8600000201168072602464FF00C0C062B1BD116
:10F870000CFB00FE51F80EE0BEF1000F04D00BFAB5
:10F8800000F21743BFB2012201301028EED1002A46
:10F890003FF47CAFADF8067078E75A1E042A01D910
:10F8A000062BDCD0062671E747FA00FE1EF0010F9A
:10F8B000EAD00CFB00FE51F80EE0BEF1000F08BFCD
:10F8C0000626E1E78429012038B505464068FFF7A0
:10F8D000E1FC052200284FF0000195F9000014BF5B
:10F8E00007240624FDF7ADFF08B904F0050495F9D7
:10F8F000010005220021FDF7A4FF08B904F0FB0474
:10F90000204638BD4FF0FF307047000010B5037837
:10F910000F2B04461AD84068FFF7BCFC22780C492C
:10F9200002EB42020968002801EB820051F8222014
:10F9300014BF032302231AB903F0010358B210BD08
:10F94000032B06BF626842600223F7E70020F6E758
:10F9500084290120704700002DE9F04F554F0446DF
:10F96000386899B08846914600211E460122072337
:10F9700000F55870CDE90611CDE908118DF8141085
:10F980008DF81510ADF81630FDF77DFF30B93A68E7
:10F99000B2F8603343F00703A2F860333A68637A41
:10F9A0008DF8283002F55871CDE90B12424A94F9CE
:10F9B000083012680D920DF116020F922268109213
:10F9C00062681192D4E90301A27A8DF848200122DD
:10F9D0008DF8492013AA82E803001025227DE18AD0
:10F9E0008DF8293018468DF85420ADF83850FFF7BF
:10F9F00031FC0AAB17930DF1150306AA3146169098
:10FA0000CDF80490009310A805ABFEF734F9044636
:10FA1000F0F7C5FE8146F0F7C6FE8246002C3FD1C6
:10FA2000F0F7B9FE9DF81410012801F1FF312046CE
:10FA30002DD1F6F77FFA214B21491B690295C6B2F9
:10FA4000039318AB3344701C13F848BC9DF8143072
:10FA5000B0FBF3F603FB16060C2303FB0BFC386824
:10FA6000039D50F80C0053464A46A847F6B2144985
:10FA700028B188F800B0204619B0BDE8F08F029B8D
:10FA80005D1E15F0FF030293DBD10D24F3E7F6F7BB
:10FA900051FA18AB184410F8483C88F80030EAE7EF
:10FAA0000C2C01BF3A68B2F8603343F00703A2F8A8
:10FAB0006033E0E7842901208029012068A6060040
:10FAC000400D0300F8B50679022E054601D8062040
:10FAD000F8BD0F2E2BD80368187A40F303000522D7
:10FAE000002140B2FDF7ADFE2B680446187A40F3C2
:10FAF00003100522002140B2FDF7A3FEA8B1B4FA1D
:10FB000084F4640929680B7A086843F3030243F319
:10FB1000031352B25BB29A42C8BF0124FFF7BAFB8B
:10FB200048B9002CD3D10420D2E70124EAE703200E
:10FB3000CEE70520CCE7002CFBD10C4F29683B68B1
:10FB400006EB460003EB80000C22F6F700FA3A6859
:10FB50000C2303FB062320465C72012303FA06F6FE
:10FB6000B2F860331E43A2F86063B1E78429012034
:10FB700010B4017802290FD9094B18680C234B43A4
:10FB8000C4180022C250C4E9012200F558705DF883
:10FB9000044B1022FDF75EBE00205DF8044B704759
:10FBA000842901202DE9F04186B050238DF81430CE
:10FBB000037A102B074630D14368DD7B6DBB0324ED
:10FBC000A8466426072C14D87A68535D03932A4408
:10FBD000517843EA01230393927843EA0243734343
:10FBE000CDE9033863B968468DF80040FFF7C0FFE0
:10FBF0000DE0CDF80C808DF81480CDF81080F2E780
:10FC000003AB01A801938DF80840FFF75BFF0134B7
:10FC1000E4B2102C05F10305D4D106B0BDE8F081A3
:10FC20001FB502680379116851B901A88DF8043035
:10FC3000FFF79EFF78B9002040B205B05DF804FBE5
:10FC400002A802928DF80C30FFF73CFF0628F2D88C
:10FC5000024B185CF0E70320EEE700BFF09B0600C4
:10FC6000881A40B220EAE070C0B2704710B586B082
:10FC70000B4B01938368029340F21133ADF80C30C3
:10FC800000238DF80E30436804930388ADF81430D8
:10FC900001A80C46FDF76AFF0323237006B010BDD0
:10FCA000F79B060010B50C4B86B01A5605920C4611
:10FCB0000A49FEF743F8002201460820CDE9000278
:10FCC0000748059A0123E4B202940393446A184654
:10FCD000A04706B010BD00BF6E9C0600049C060045
:10FCE00068A606000B4B10B51B6A0446984768B11E
:10FCF000094B0A4A2344934209D8094A534341F61F
:10FD0000F632B2EBB31F2CBF0120002010BD002043
:10FD1000FCE700BF68A60600608FF7C840164000E9
:10FD20005FF7435907B5002300930378013B332B5A
:10FD300031D8DFE803F01A1E303030303030303E3A
:10FD4000404244304D5053505356305F1C61636500
:10FD5000673030696C233030303030303030303004
:10FD6000303030306E761C303076C3781BB90823C3
:10FD700002E083787BB1022300930CE0827890F953
:10FD8000013062B92BB1082B1ABF03F1FF33DAB28D
:10FD9000062252B20092009803B05DF804FB022BD9
:10FDA00005D0082B1ABF03F1FF33DBB206235BB289
:10FDB000E2E70523E0E74023DEE72023DCE7827863
:10FDC00090F9013012B9184AD35CD5E7174AFBE71E
:10FDD0004FF47A73D0E741F28833CDE741F2707384
:10FDE000CAE713484FF47A71F6F7A4F800F5FA6001
:10FDF0000090D0E70F4BBFE70F4BBDE70F4BBBE7C2
:10FE00004823B9E70E4BB7E70E4B0093C3E7002337
:10FE1000FBE740F21333ADF8003001238DF80230D8
:10FE2000B9E70A23A8E700BF7E9C06008E9C060067
:10FE300018FCFFFFA0700837002D0120182D0120AD
:10FE4000882901200000F04113B50A4A03780C21EB
:10FE500001FB03235C7A182303FB0424036900934A
:10FE6000C3684278816804F55870FDF739FD02B027
:10FE700010BD00BF8829012070B5044686B0182245
:10FE800000216846EAF7C4F8247B0123ADF800306E
:10FE900024B1013C9C423BD906B070BD2648274D99
:10FEA00018226946F6F753F8254B264A1946184694
:10FEB00050260A6002F5433202F5A072AA420E7281
:10FEC0004C7201F10C01F4D11F4A204C662500212F
:10FED000C3F8002302F5C31202F52062A24283F8A0
:10FEE000085383F8091303F10C03F1D1FF23C0E990
:10FEF000E431C0F8981316490622A1F11800FDF765
:10FF0000E0FC1449062201F10C00FDF7DAFCC3E71E
:10FF10000F490622A1F11800FDF7D3FC0E4A062373
:10FF200032F8021B32F80E0C013B014013F0FF03C4
:10FF300022F8021CF4D1AFE7E82C0120002850374A
:10FF40008829012000D88C366086973660D65A37CB
:10FF5000182D0120002D01200C2D012008B503468D
:10FF60000A2925D8DFE801F006242424240B0B16E7
:10FF7000241F1F00BDE808400068FFF7B3BE997852
:10FF800090F90000052261B9FDF75BFC003818BF4D
:10FF9000012008BD9B7890F900000D220BB90821C3
:10FFA000F2E70221F0E790F900000A220021EBE7D6
:10FFB0000020EEE770B5037A102B1ED14068C37B9A
:10FFC000012B1AD10D4B0021451CA3F55E7610F8CC
:10FFD00011201A8015F81140042942EA042223F85E
:10FFE000022B04BFD2B2A6F880235A8933F8024C00
:10FFF0000131224005295A81E9D170BD002D01202F
:020000024000BC
:1000000038B505791DB1012D1ED0002038BD124C28
:100010000168062204F55E70FDF753FC94F89833EE
:10002000A4F89833A4F89A53062304F5617434F8BD
:10003000022B34F80E1C013B0A4013F0FF0324F896
:10004000022CF4D10120E1E7016804480622FDF703
:1000500038FC2846DAE700BF88290120182D012046
:100060000D287FB5A8BF0D20144D58700E461C46B4
:10007000134955F820308B421DD012498B420CBFDA
:1000800002230023A370104B55F82010185C039234
:10009000FDF71EFD0D4BDB6D0546984704F10C0185
:1000A000083403460191039A009431462846FDF72F
:1000B0001CFD04B070BD0123E4E700BF049C0600F2
:1000C00090D0030020A107006E9C060068A60600E1
:1000D0002DE9F0431D4E90F90190736845688DB08D
:1000E00004468846984700282ED1A37C33B925784A
:1000F000174A184B05F0070502FB0535164B284635
:1001000013F90920F3680B929847637C21890993BE
:100110000125002302910821CDE90031CDE9073501
:10012000CDE90533CDE903330B9AA178B7692B46A6
:100130002846B8472846736D0D21984788F80090E7
:1001400028460DB0BDE8F0830020FAE768A6060057
:10015000C0270900A07008376E9C06002DE9F04FFB
:100160002F4B304D914690F901209E5603788846DA
:100170000C2101FB035318215B7A01FB03538DB063
:1001800093F9627390F902309F42B8BF1F46264B25
:1001900053F82230254A934204463DD0244A9342E4
:1001A0000CBF4FF0020B4FF0000BD4ED020A94EDA0
:1001B000010ADFF880A03846FDF7BFFC23780B90DA
:1001C0000C225A43DAF80C30A858984700224FF412
:1001D0007A630125CDE907230823CDE90522CDE97E
:1001E0000325CDE901530B9900965B462846DAF8C2
:1001F0001C60B047DAF85430217B28469847A18923
:1002000094F90100FFF74EFDC9F80000284688F870
:1002100000700DB0BDE8F08F4FF0010BC5E700BFD7
:100220006E9C060088290120049C060090D00300E3
:1002300020A1070068A606002DE9F04F93B007AF94
:100240000024CDE900230546884606227349079419
:100250003846C7E90144FDF734FB4FF0010AA146D7
:100260002B7AA34206D9686805A92044FDF7C8FB8C
:10027000002874D19DF91530052B07DC04220021DC
:100280003846FDF700FB012840F2C680072602230E
:100290008DF80C3003A86B7A8DF80E30FFF742FD15
:1002A000AB7A8DF82D309DF815308DF82E309DF8F5
:1002B00016308DF82F309DF814308DF83030EB7AF1
:1002C0008DF831302B7B8DF832306B7B8DF83330ED
:1002D00048238DF8343005238DF83D300A23ADF8DE
:1002E00044302B688DF82C608DF83C000A934C4EFE
:1002F0000E9705AB0DF116020DF115010AA8109627
:10030000FDF798FB0728054617D10622394606F562
:100310005E70FDF7D6FAD6F88433D6F8782313400A
:10032000C6F88433D6F87C23D6F888331340C6F851
:100330008833D6F88033C6F88C339DF81530009A90
:1003400088F800309DF816301370019A9DF814302B
:1003500013701C9B28461C7013B0BDE8F08F9DF8ED
:100360001730BDF818200444062BE4B207D14FF033
:10037000FF33CDE90733D2B2ADF8242070E7072B65
:1003800002D1CDE90799F6E7052B3FD10021D2B282
:10039000084612AB0AFA01FE03EB400C12EA0E0FFC
:1003A0003CF82C3C01F0010B0FFA8EF61BD0BBF190
:1003B000000F0CD143F0FF032CF82C3CBDF8243087
:1003C0001E43ADF8246001310829E2D148E763F00B
:1003D000FF032CF82C3CBDF824301E430130ADF84F
:1003E0002460C0B2EFE7F643BBF1000F07D123F062
:1003F000FF032CF82C3CBDF824301E40E1E7DBB2B3
:100400002CF82C3CBDF824301E40E7E712A901EB84
:10041000430323F82C2C23E7062638E7002D012080
:100420008829012038B505464068FFF75BFC0D229E
:1004300000284FF0080195F9000014BF0724062496
:10044000FDF7FFF908B904F0050495F90030072B12
:1004500001D00D2B01DD04F0FD0495F9010003220C
:100460000021FDF7EEF908B904F0FB04204638BD81
:10047000002070470020704700207047074BFF2284
:10048000A3F88023064A137813F0010F03F1010348
:10049000137014BF06200220704700BF8829012076
:1004A000242D01202DE9F04F2DED028B9BB0064647
:1004B000069191460021442209A81F460891E9F7B8
:1004C000A7FD5248DFF84C8104220021FDF7DBF93B
:1004D00030B9042208F55E7108F56170FDF7F1F995
:1004E00096F90830052B06DD98F88C331BB9B8F85F
:1004F0008033A8F88C33706803F04EFD736813B135
:100500003568854276D800243C60B37AF18A96F942
:100510000800757A377D0593FFF7C4FB0390D6E991
:10052000030101AA82E803000097059B3849284689
:100530000122FDF7EBF996F9083008EE103A354B39
:10054000054627462646E2B205920C2202FB048BA2
:100550004FF0000AB3F8842342FA0AF2D2071DD5FD
:10056000DBF80020D2B19BF80810079341F3031287
:1005700041F3030118EE100A52B249B2FDF761F9D6
:10058000079B58B19BF80920224902EB420201EB7C
:10059000C20292F8742322BB0137FFB20AF1010AAA
:1005A000BAF1100F0BF10C0BD4D11034502C03F115
:1005B0000203C8D11EB3711E0020F5F7BBFC1AABB5
:1005C0001844069B10F8481C197010484022FDF78B
:1005D00041F90020C9F800001BB0BDEC028BBDE85A
:1005E000F08F1AA9721C0E440599514406F8481C54
:1005F000D6B2D3E72D1AC9F800500B20ECE7002F34
:10060000F9D1C9F800700C20E6E700BF0C2D0120DD
:10061000E82C012088290120064B10B5062404FB94
:1006200001318B56002B03DA00280CBF0023022374
:10063000D8B210BD449C060010B586B00B4B019398
:100640008368029340F61323ADF80C3002238DF833
:100650000E30436804930388ADF8143001A80C46AB
:10066000FDF784FA0A23237006B010BD6E9C0600C5
:10067000064B10B51B6A0446984730B1044B054839
:10068000234483428CBF0020012010BD68A60600D1
:10069000006880CC808D5B00F0B5114B85B00C46B6
:1006A00010491F560546FDF749FB0F4BE4B25E6A41
:1006B000072D4FF00103CDE9024301460AD105227F
:1006C0000023CDE900234FF47A727A431846B047ED
:1006D00005B0F0BD08220020CDE900203A46F5E73C
:1006E000DF9C0600B89C060068A606001FB50278CD
:1006F00000230B3A00932C2A64D8DFE802F02C2F59
:100700003136383B3E414447634F6351565B5D632E
:1007100063606717636363636363636363636363F4
:10072000634F6970636372706374780043788DF807
:10073000043007238DF805304FF48053ADF80630B0
:100740002E4B1B6801A803F55872CDE90223FDF773
:10075000D6FA009036E04023009333E02023FBE7F5
:1007600090F90130264AD35CF6E70123F4E740F61E
:10077000B833F1E74FF47A73EEE74FF4FA63EBE73F
:1007800041F28833E8E741F27073E5E71D484FF422
:100790007A71F5F7CFFB00F5FA60DAE71A4BDBE781
:1007A000164B1B6803F55873D6E7144B1B6803F50B
:1007B0005B73D1E71023CFE7104B1B68CCE74FF0FA
:1007C00083430093009805B05DF804FB0023F8E72D
:1007D00040F21112ADF800208DF80230F2E7032349
:1007E000BAE70A4BB8E790F90130094ABBE7094973
:1007F00090F90100FDF7A2FAABE700BF2C2D012014
:10080000E79C060018FCFFFFE069CD33A05CCA330B
:10081000DF9C0600B89C060037B50B4B1A680378BE
:100820000C2101FB03235B7A03EB4304074B1D6898
:1008300003690093C3684278816805EBC400FDF743
:100840004FF803B030BD00BF2C2D0120282D012012
:1008500030B587B0027B6423ADF80030012A4FF039
:100860000003CDE90133CDE903338DF802308DF873
:10087000143028D0022A2FD01ABB03680BB3436868
:10088000FBB11A4C80682360194B18226946186026
:10089000F5F75DFB174B246893E807000C3384E8F9
:1008A000070093E8070004F10C05032385E807001F
:1008B000A4F86C33012204F55B7104F55870FDF760
:1008C00000F807B030BD094908684360036100F5CE
:1008D0005B7100F55870F2E7044B1B68B3F86023B6
:1008E000B3F86C130A43A3F86023EAE72C2D012028
:1008F000282D0120A09C060008B50E2909D8DFE8A4
:1009000001F00A08080808190F1908191908080839
:100910001B00002008BDBDE808400068FFF7A8BE26
:10092000052290F900000021FCF78BFF003818BF6A
:100930000120EFE70722F4E70120EBE710B5047987
:100940001CB1012C0BD0002010BD0A4B01681B68A4
:10095000012203F55870FCF7B4FF0120F4E7054BC2
:1009600001681B68224603F55B70FCF7AAFF20466E
:10097000EAE700BF2C2D0120F7B50728144D1C46CF
:10098000A8BF072058700E4629461746FDF7D6F92E
:1009900094F90130A070072B13D13220FDF7A0F895
:1009A0000C4BDB6D0546984704F10C0208340346F6
:1009B000019200943A4631462846FDF796F803B076
:1009C000F0BD054A55F82310D05CFDF781F8E7E744
:1009D000B89C060068A60600DF9C06002DE9F04FD3
:1009E000304E90F90180736847688BB005468946A0
:1009F00098470446002852D1AB7C63B92A4A2B7829
:100A0000126803EB430302EB830152F823704B6837
:100A1000002B18BF1F46254B384613F908B0F36862
:100A200098476B7CD6F818A0A9680993B8F1070F0E
:100A300023D10023012289B2CDE904321C4A02915C
:100A4000CDE907330521CDE900214FF47A720693F1
:100A5000039302FB0BF24CF250311846D047154B72
:100A600013F80810736D0D312046C9B2984789F804
:100A7000008001200BB0BDE8F08F0027012489B26F
:100A80000823CDE900730291CDE90774CDE905771C
:100A9000CDE90377A97823465A462046DEE70020B1
:100AA000E8E700BF68A606002C2D0120DF9C0600A9
:100AB00085450100E79C06002DE9F04F374E90F97F
:100AC0000130374F9246374A12F903B03268037843
:100AD0000C2505FB0323344A5B7A126803EB4303BE
:100AE00002EBC3038DB00446894690F9020093F9E6
:100AF0000210FDF71FF92D49804694F90100FDF71A
:100B00001DF9D4ED020A94ED010A0B904046FDF761
:100B100014F822780A9055433068FA684059904793
:100B200094F90120FB690025072A4FF47A629C465C
:100B3000CDE90752DDE90A13CDE9055520D101229F
:100B4000CDE903520522CDE901524FF47A7202FB3E
:100B50000BF20092284646F2A8126646B047A189D9
:100B600094F90100FFF798FD7B6DCAF80000217B26
:100B700028469847012089F800800DB0BDE8F08F25
:100B800001260822CDE90356CDE90162CDF800B077
:100B90002A4630466546A8473546E0E72C2D012019
:100BA00068A60600DF9C0600282D0120B89C0600E0
:100BB0002DE9F04F8DB0002405468A4691469846AF
:100BC0000294ADF80C40ADF8064007264FF0010B3B
:100BD0002B7AA34206D9686802A92044FCF710FFCB
:100BE000002854D1AB7A8DF815309DF809308DF876
:100BF00016309DF80A308DF817309DF808308DF8C2
:100C00001830EB7A8DF819302B7B8DF81A306B7B0E
:100C10008DF81B3010238DF814608DF81C303A4E7F
:100C20000DF1060308934FF4E063ADF82430336808
:100C30000A930723ADF82C302B6804930DF10A02B8
:100C400002AB0DF1090104A8FCF7F4FE07280546E4
:100C50000BD130680C22002100F55870F5F78BF9A4
:100C60003368BDF80620A3F860239DF809308AF8A0
:100C700000309DF80A3089F800309DF8083088F877
:100C80000030169B28461C700DB0BDE8F08F9DF813
:100C90000B30BDF80C70ADF806700444E4B2F3B943
:100CA00017B3194A00201168072602464FF00C0CB2
:100CB000062B1BD10CFB00FE51F80EE0BEF1000F1D
:100CC00004D00BFA00F21743BFB201220130102802
:100CD000EED1002A3FF47CAFADF8067078E75A1EDB
:100CE000042A01D9062BDCD0062671E747FA00FE5C
:100CF0001EF0010FEAD00CFB00FE51F80EE0BEF131
:100D0000000F08BF0626E1E72C2D012038B5054667
:100D10004068FFF7ADFC072200284FF0000195F96D
:100D2000000014BF07240624FCF78BFD08B904F06B
:100D3000050495F9010005220021FCF782FD08B9A0
:100D400004F0FB04204638BD4FF0FF307047000030
:100D500010B503780F2B04461AD84068FFF788FCBB
:100D600022780C4902EB42020968002801EB82005C
:100D700051F8222014BF032302231AB903F0010300
:100D800058B210BD032B06BF626842600223F7E72A
:100D90000020F6E72C2D0120704700002DE9F041DE
:100DA000394D0446286896B00E46904600211F46ED
:100DB0000122032300F55870CDE90411CDE9061195
:100DC0008DF80C108DF80D10ADF80E30FCF75BFDB2
:100DD00030B92A68B2F8603343F00303A2F86033F5
:100DE0002A68637A8DF8203002F55871CDE909122E
:100DF000264A94F9083012680B921022ADF8302080
:100E00000DF10E020D9222680E9262680F92D4E9E3
:100E10000301A27A8DF8402001228DF8412011AA09
:100E200082E80300227DE18A8DF8213018468DF892
:100E30004C20FFF731FC08AB15930DF10D03149016
:100E40000093CDF8048003AB04AA39460EA8FCF742
:100E500012FF044668B99DF80C100139F5F76AF8DD
:100E600016AB184410F8483C3370204616B0BDE865
:100E7000F0810C2801BF2A68B2F8603343F0030305
:100E8000A2F86033F1E700BF2C2D0120282D0120AE
:100E9000F8B50679012E054601D80620F8BD0F2EBB
:100EA0002BD80368187A40F303000722002140B2D0
:100EB000FCF7C7FC2B680446187A40F3031007229E
:100EC000002140B2FCF7BDFCA8B1B4FA84F4640977
:100ED00029680B7A086843F3030243F3031352B201
:100EE0005BB29A42C8BF0124FFF7C2FB48B9002C8D
:100EF000D3D10420D2E70124EAE70320CEE705207E
:100F0000CCE7002CFBD10C4F29683B6806EB460070
:100F100003EB80000C22F5F71AF83A680C2303FB68
:100F2000062320465C72012303FA06F6B2F860330A
:100F30001E43A2F86063B1E72C2D012010B40178A4
:100F400001290FD9094B18680C234B43C418002200
:100F5000C250C4E9012200F558705DF8044B10221C
:100F6000FCF778BC00205DF8044B70472C2D012065
:100F70002DE9F04186B050238DF81430037A102B00
:100F8000074630D14368DD7B6DBB0224A84664264A
:100F9000062C14D87A68535D03932A44517843EAA7
:100FA00001230393927843EA02437343CDE9033864
:100FB00063B968468DF80040FFF7C0FF0DE0CDF83B
:100FC0000C808DF81480CDF81080F2E703AB01A8F7
:100FD00001938DF80840FFF75BFF0134E4B2102C59
:100FE00005F10305D4D106B0BDE8F0811FB5026854
:100FF0000379116851B901A88DF80430FFF79EFFFD
:1010000078B9002040B205B05DF804FB02A8029256
:101010008DF80C30FFF73CFF0628F2D8024B185C25
:10102000F0E70320EEE700BFD89C0600881A40B224
:1010300020EAE070C0B2704710B586B00B4B019348
:101040008368029340F21133ADF80C3000238DF821
:101050000E30436804930388ADF8143001A80C46A1
:10106000FCF784FD0323237006B010BDDF9C06004F
:1010700010B50C4B86B01A5605920C460A49FCF77F
:101080005DFE002201460820CDE900020748059ACE
:101090000123E4B202940393446A1846A04706B0C1
:1010A00010BD00BF449D0600F09C060068A6060027
:1010B0000B4B10B51B6A0446984768B1094B0A4AA6
:1010C0002344934209D8094A534341F6F632B2EB1E
:1010D000B31F2CBF0120002010BD0020FCE700BF83
:1010E00068A60600608FF7C8401640005FF74359B6
:1010F0001FB5002300930378013B362B68D8DFE847
:1011000003F01C6767676767676767673436386728
:101110003D404346494C67541C565B6062676765B7
:101120006B1F676767676767676767676767676D8D
:10113000731C1C676D1C1C7B7F000823009347E019
:1011400043788DF8043004238DF805304FF4904334
:10115000ADF806302D4B1B6801A803F55872CDE998
:101160000223FCF7CCFD009032E04023E6E7202389
:10117000E4E790F90130264AD35CDFE740F6B83364
:10118000DCE74FF47A73D9E74FF4FA63D6E741F21C
:101190008833D3E741F27073D0E71E484FF47A7179
:1011A000F4F7C8FE00F5FA60DDE71B4BC6E7174B06
:1011B0001B6803F55873C1E7144B1B6803F55B7399
:1011C000BCE74823BAE7114B1B68B7E7134B009302
:1011D000009805B05DF804FB0023F8E7104A0E49BB
:1011E0000079FCF7F7FABEE740F21743ADF800309C
:1011F00003238DF80230EBE790F90130094ABBE791
:10120000094990F90100FCF799FDACE7382D012060
:10121000549D060018FCFFFFA07008379A99004201
:10122000C0270900449D0600F09C060037B50B4B13
:101230001A6803780C2101FB03235B7A03EB430458
:10124000074B1D6803690093C3684278816805EB0A
:10125000C400FCF745FB03B030BD00BF382D0120B2
:10126000302D0120F0B587B00123047BADF80030AC
:101270000023CDE90133CDE903338DF802308DF839
:10128000143024B1013C012C4ED907B0F0BD0368E5
:10129000002BFAD04268002AF7D0304D80682A60CF
:1012A0002F4A304E10609C81182269463360F4F753
:1012B0004EFE28682C4B2D4F024601464FF0300C55
:1012C0000B6003F5433303F5A073BB4281F808C0FC
:1012D0004C7201F10C01F3D1254B2649442700241F
:1012E000C2F8003303F5C31303F520638B4282F881
:1012F000087382F8094302F10C02F1D14FF0FF3379
:10130000C0E9DB33FF23C0F8743300F55B710622BC
:1013100000F55870FCF7D5FA29683068062201F507
:101320005871FCF7CEFAB0E70C4C2068062200F5A5
:101330005B7100F55870FCF7C4FA0A4B21681B6812
:1013400001F558719A1E0A3332F8024F31F8020B38
:101350009A4200EA04001080F6D196E7382D012069
:10136000302D0120342D01206001C83560518B36AD
:10137000C0AFD235C0FF953608B50A291DD8DFE8C1
:1013800001F0061C1C1C1C0B0E101C1A1A00BDE8D8
:1013900008400068FFF78CBE0422002103E005220C
:1013A000FBE70D22082190F90000FCF74AFA00380B
:1013B00018BF012008BD0E22EFE70020FAE7000069
:1013C000F8B51C4B1B6804467BBB237A102B2FD12E
:1013D0006668F37B012B2BD1174B1868174B1C68E1
:1013E00000F55875023C0022294606F1010C16F85A
:1013F00012302B801CF81270042A43EA072325F8C8
:10140000023B04BFDBB2A0F8683334F8023F35F882
:10141000027C01323B40052A2380E8D1BDE8F84038
:10142000062200F55B70FCF74CBA98470028CCD038
:10143000F8BD00BF3C2D0120382D0120342D0120A6
:1014400070B50546042200680021FCF71CFA2C79CF
:101450001CB1012C21D0002070BD154E29683068C8
:10146000062200F55870FCF72CFA336893F87423C1
:10147000A3F874230F4AA3F87643126803F5587350
:10148000911E0A3231F8024F33F8020B914200EA02
:1014900004000880F6D10120DEE7054B29681868B2
:1014A000062200F55B70FCF70CFA2046D4E700BF7B
:1014B000382D0120342D01207FB50D28114D0392C8
:1014C000A8BF0D200E46587029461C46FCF736FC76
:1014D00094F90130A0700C4855F82310C05CFCF75B
:1014E000F7FA0A4BDB6D0546984704F10C01083406
:1014F00003460191039A009431462846FCF7F5FA19
:1015000004B070BDF09C0600449D060068A606006D
:101510002DE9F0431F4E90F90190736845688DB036
:10152000044688469847002832D1A37C33B92578F1
:10153000194A1A4B05F0070502FB0535184B2846DA
:1015400013F90920F3680B929847637C218909936A
:101550000125002302910821CDE90031CDE90735AD
:10156000CDE90533CDE903330B9AA178B7692B4652
:101570002846B8470B4B13F80910736D0D312846F8
:10158000C9B2984788F8009028460DB0BDE8F083AE
:101590000020FAE768A60600C0270900A0700837F7
:1015A000449D0600549D06002DE9F04F384B394EFE
:1015B00090F902A0D6F800B0914690F901209F560C
:1015C000037888460C2101FB03B333495B7A096831
:1015D00003EB430301EBC3038DB093F902100A92AE
:1015E00004465046FCF7A6FB0A9A042A054641D158
:1015F0005546022DB8BF0225284994F90100DFF8AD
:10160000A4A0FCF79BFBDFED260A0B90B3EE0E0ABD
:101610002846FCF792FA22780A900C20366850434C
:10162000DAF80C2030589047012600224FF47A63F4
:101630000820CDE90723CDE90522CDE90326DDE920
:101640000A13CDE9016000973046DAF81C70B847FC
:10165000DAF85430217B30469847A18994F901008B
:10166000FFF706FDC9F80000304688F800500DB0BD
:10167000BDE8F08F042200210BF55870FCF703F948
:101680003128B9D85546052DB8BF0525B4E700BFA8
:10169000449D0600382D0120302D0120F09C0600CD
:1016A0000000000068A606002DE9F04F7C4E93B0C4
:1016B000CDE901123168039307AF002405460622E5
:1016C00001F558713846C7E901440594ADF8184052
:1016D0000794FCF7F6F8A0464FF0FF392B7AA342A7
:1016E00006D9686805A92044FCF78AF9002876D154
:1016F0009DF91530032B07DC0422002107A8FCF715
:10170000C2F8012840F2CA8007238DF82C30AB7A4A
:101710008DF82D309DF815308DF82E309DF816304F
:101720008DF82F309DF814308DF83030EB7A8DF82D
:1017300031302B7B8DF832306B7B8DF83330482382
:101740008DF834304FF48063ADF83C30336810933B
:101750000E23ADF844302B680A930DF1160205AB49
:101760000DF115010AA80E97FCF764F90728054644
:1017700023D130680622394600F55870FCF7A1F8ED
:10178000484B32681B68B2F8600319880140198021
:10179000B2F86203598801405980B2F8640399880D
:1017A00001409980B2F86603D9880140D980B2F827
:1017B0006813B2F86A2319815A81019A9DF815308D
:1017C0001370029A9DF816301370039A9DF8143026
:1017D00013701C9B28461C7013B0BDE8F08F9DF859
:1017E0001730BDF818200444062BE4B205D1CDE92A
:1017F0000799D2B2ADF8242070E7072B02D1CDE9CA
:101800000788F6E7052B43D14FF0000CD2B26146B2
:10181000012303FA0CFA0CEA030B12AB03EB410EA3
:1018200012EA0A0F3EF82C3C0FFA8AF01DD0BBF1E9
:10183000000F0ED143F0FF032EF82C3CBDF82430EE
:101840001843ADF824000CF1010CBCF1080FDFD1F6
:1018500044E763F0FF032EF82C3CBDF82430184316
:101860000131ADF82400C9B2EDE7C043BBF1000F70
:1018700007D123F0FF032EF82C3CBDF8243018408C
:10188000DFE7DBB22EF82C3CBDF824301840E7E748
:1018900012A901EB430323F82C2C1FE7062334E79E
:1018A000382D0120342D012038B505464068FFF75A
:1018B000FFFB0D2200284FF0080195F9000014BF2E
:1018C00007240624FBF7BDFF08B904F0050495F9C9
:1018D000000007220521FBF7B4FF012803D095F98A
:1018E00000300D2B01DD04F0FD0495F90100032209
:1018F0000021FBF7A6FF08B904F0FB04204638BD21
:101900004FF0FF3070474FF0FF3070474FF0FF301F
:10191000704700000E4B5B6810B50C462BB90D4BA1
:101920001A68537B34B1013B05E0984740B2002868
:10193000F5D010BD01335373537BC3EBC30203EBEC
:10194000C203DBB21D2B34BF04200020F1E700BF2F
:101950003C2D0120342D01202DE9F0470026A4B0B4
:10196000484D8DF80E6004460F469146314644229C
:1019700013A898468DF80F601296E8F749FB314698
:101980002868DFF808A10422FBF77DFF064648B966
:10199000DAF800102868042201F55871FBF791FF6E
:1019A0002B681E7394F908302A68DAF80010032BAC
:1019B00004DD107A10B9B1F868031081CDE9052172
:1019C000314A607A126807924822ADF8202000223E
:1019D000099222680A9262680B92A27A8DF810002E
:1019E0008DF83020D4E9030101228DF8312004AABA
:1019F00011920DAA82E80300227DE18A8DF8113050
:101A000018468DF83C20FFF733FB0DF10F031090C3
:101A10000093CDF804900DF10E0312AA41460AA8D6
:101A2000FCF729F9064680B9637A93B19DF80E1048
:101A30000139F4F77FFA24AB184410F8483C3B70A6
:101A4000397828684822FBF705FF304624B0BDE806
:101A5000F08794F90830286853B1007A3246D3B23F
:101A600040FA03F1C90702F10102F8D54033E6E775
:101A70003A4600F10C01FBF769FE0328E0D1064667
:101A8000E3E700BF342D0120302D0120382D012047
:101A9000034B03EB8101885620EAE070C0B2704727
:101AA000309D060010B586B00B4B019383680293FE
:101AB00040F61703ADF80C3002238DF80E30436862
:101AC00004930388ADF8143001A80C46FCF74EF8D7
:101AD0000823237006B010BD449D060003C8024BC6
:101AE00083E80300704700BF3C2D01200B78037092
:101AF0004B7843708B788370CB78C3700B7903710C
:101B00004B7943718B798371CB79C3710B7A0372F3
:101B10004B7A43728B7A8372CB7AC3720B7B0373DB
:101B20004B7B43738B7B8373CB7BC37370470A7888
:101B30000378534003704A784378534043708A785F
:101B4000837853408370CA78C3785340C3700A794E
:101B50000379534003714A794379534043718A7939
:101B6000837953408371CA79C3795340C3710A7A28
:101B7000037A534003724A7A437A534043728A7A13
:101B8000837A53408372CA7AC37A5340C3720A7B02
:101B9000037B534003734A7B437B534043738A7BED
:101BA000837B53408373CA7BC37B5340C3737047AB
:101BB00010B50B7814786340037054784B78634009
:101BC000437094788B7863408370D478CB7863408B
:101BD000C37014790B796340037154794B79634076
:101BE000437194798B7963408371D479CB79634065
:101BF000C371147A0B7A63400372547A4B7A634050
:101C000043728B7A947A63408372D47ACB7A63403E
:101C1000C372147B0B7B63400373547B4B7B634029
:101C20004373947B8B7B63408373CB7BD27B53402A
:101C3000C37310BDA1F110032DE9F047DCB2102CE5
:101C400006D80123A34003F0013323F080732BB99E
:101C5000002382F8F030FF20BDE8F087531E4418BF
:101C6000A0424FD101F11C039B005FFA83F8C3F33C
:101C70000313013B2B4C82F8F0304FF001090B4667
:101C8000D518B3FBF1F001FB103010F0FF0015F890
:101C900004AC15F803CC15F8027C15F8016C36D1AC
:101CA0004FEAD91014F80CE014F807C0A75D14F837
:101CB0000A604FEA400A504400EBC00089EA0E0E69
:101CC00080EA49005FFA80F9F246581AC0B212F869
:101CD00000E08AEA0E0A02F803A01044043390F8E8
:101CE00001E08CEA0E0C85F801C090F802C087EA8A
:101CF0000C07AF70C078DBB246409845EE70BFD895
:101D00000020A9E710F8015B03F8015FA8E7182994
:101D1000DBD9102801BF14F80AA014F80CC0E75D45
:101D2000A65DD2E764A406002DE9F04F92F8F030EA
:101D300007EE901A89B01746002B00F05C8101462F
:101D40006846FFF735FFAD4CAD4DAE4E4FF0010884
:101D500097F8F030434507EB081259D8A74B9DF888
:101D600000109DF80500595C8DF800109DF80410D6
:101D7000185C595C8DF804109DF80810595C8DF8BA
:101D800008109DF80C10595C8DF80C109DF801108E
:101D90008DF801009DF80900595C185C8DF805006C
:101DA0009DF80D008DF80D10185C8DF809009DF858
:101DB0000A009DF80210185C8DF802009DF80E00D4
:101DC000595C8DF80A109DF80610185C8DF8060015
:101DD0009DF80B00595C185C8DF80E109DF80F10E3
:101DE0008DF80F009DF80700185C8DF80B009DF82A
:101DF0000300185C8DF807005B5C8DF8033017EE6C
:101E0000900A6946FFF7D4FE002009B0BDE8F08FC4
:101E1000694604A8FFF76AFE9DF810E09DF815A03A
:101E20009DF81A909DF81FC016F80AB015F80E30EC
:101E300014F8090014F80C1083EA0B0343404B40DC
:101E40008DF8003014F80E3015F80AB059408BEABE
:101E5000010116F809B015F8099081EA0B018DF817
:101E6000011014F80A109DF819A04B40414016F8D3
:101E70000E009DF814E016F80AB083EA090316F87C
:101E80000C90484015F80C109DF813C083EA090324
:101E90009DF81E908DF80230484015F80E308DF8F0
:101EA000030014F8090014F80C1083EA0B034340F4
:101EB0004B408DF8043014F80E3015F80AB0594034
:101EC0008BEA010116F809B081EA0B018DF80510C3
:101ED00014F80A1015F809909DF81DA04B404140D8
:101EE00016F80E009DF818E016F80AB083EA090308
:101EF00016F80C90484015F80C109DF817C083EAAE
:101F000009039DF812908DF80630484015F80E3000
:101F10008DF8070014F8090014F80C1083EA0B037D
:101F200043404B408DF8083014F80E3081EA030B23
:101F300015F80A108BEA010116F809B015F8099096
:101F400081EA0B018DF8091014F80A109DF811A010
:101F50004B40414016F80E009DF81CE083EA09034F
:101F600016F80C90484015F80C109DF81BC083EA39
:101F700009039DF816908DF80A30484014F809308E
:101F80008DF80B0014F80CB016F80A0015F80E10B6
:101F90004140594014F80E008BEA01018DF80C10F5
:101FA00015F80A108BEA000B8BEA010116F809B04C
:101FB00015F8099081EA0B018DF80D1014F80A103C
:101FC00048404B4016F80E1080EA090016F80C90B5
:101FD0004B4015F80C1080EA09004B408DF80E00BC
:101FE0001146684608F101088DF80F305FFA88F84D
:101FF000FFF79DFDACE6FF2007E700BF64A40600E5
:10200000649D0600649E0600F8B506460F461D4610
:1020100014460CB92046F8BD31462846FFF787FD27
:10202000069A2946FFF780FE013C30B9384629461A
:10203000FFF75CFD10361037EBE70120EBE70000FF
:102040002DE9F04F914692F8F02089B08846002A99
:1020500000F09A81014609EB02126846FFF7A8FDDD
:10206000CA4C9DF800209DF80910A25C8DF8002054
:102070009DF80420615CA25C8DF804209DF8082086
:10208000C34DA25C8DF808209DF80C20C14EA25CC7
:102090008DF80C209DF80D208DF80D109DF8051081
:1020A000A25C615C8DF809109DF801108DF801208B
:1020B000615C8DF805109DF80A109DF80220615CA6
:1020C0008DF802109DF80E10A25C8DF80A209DF884
:1020D0000620615C8DF806109DF80710A25C615C1B
:1020E0008DF80E209DF803208DF803109DF80B103D
:1020F00099F8F070615C8DF807109DF80F10A25CE4
:10210000615C8DF80B10013FFFB28DF80F2009EBD9
:1021100007174F4508D140463A466946FFF748FD44
:10212000002009B0BDE8F08F39466846FFF7FFFC94
:10213000694604A8FFF7DAFC9DF810A09DF811E0AD
:1021400095489DF812C016F80E3015F80A209DF833
:1021500013105A4010F80C305A40904B13F801B04D
:1021600082EA0B0215F80EB0A25C8DF8002013F87D
:102170000A2082EA0B0216F80CB082EA0B0210F871
:1021800001B082EA0B0213F80EB0A25C8DF80520B4
:1021900010F80A2010F80EE082EA0B0215F80CB0D5
:1021A00013F80CC082EA0B0216F801B0695C82EAEF
:1021B0000B02103FA25C8DF80A2016F80A209DF849
:1021C00014A082EA0E0282EA0C024A409DF815E051
:1021D000A25C9DF816C09DF817108DF80F2015F819
:1021E0000A2016F80EB082EA0B0210F80CB082EA50
:1021F0000B0213F801B082EA0B0215F80EB0A25CD4
:102200008DF8042013F80A2082EA0B0216F80CB0AD
:1022100082EA0B0210F801B082EA0B0213F80EB04A
:10222000A25C8DF8092010F80A2010F80EE082EA6E
:102230000B0215F80CB013F80CC082EA0B0216F86A
:1022400001B0695C82EA0B02A25C8DF80E2016F8E0
:102250000A209DF818A082EA0E0282EA0C024A4087
:102260009DF819E0A25C9DF81AC016F80EB08DF822
:10227000032015F80A209DF81B1082EA0B0210F8C3
:102280000CB082EA0B0213F801B082EA0B02A25CE6
:102290008DF8082015F80EB013F80A2082EA0B0218
:1022A00016F80CB082EA0B0210F801B082EA0B02B9
:1022B00013F80EB0A25C8DF80D2010F80A2010F86B
:1022C0000EE082EA0B0215F80CB013F80CC082EA9B
:1022D0000B0216F801B0695C82EA0B02A25C8DF871
:1022E000022016F80A209DF81CA082EA0E0282EA5B
:1022F0000C024A409DF81DE0A25C9DF81EC016F835
:102300000EB08DF8072015F80A209DF81F1082EAFC
:102310000B0210F80CB082EA0B0213F801B082EA4B
:102320000B0215F80EB0A25C8DF80C2013F80A20F1
:1023300082EA0B0216F80CB082EA0B0210F801B028
:1023400082EA0B0213F80EB0A25C8DF8012010F89F
:102350000A2010F80E0013F80C3082EA0B0215F870
:102360000CB082EA0B0216F801B082EA0B02A25C02
:102370008DF8062016F80A20424053406A5C53400C
:10238000E35C8DF80B30C4E6FF20CAE664A30600C8
:1023900064A2060064A0060064A10600649F060013
:1023A000F0B5054685B00E461F4614460CB92046CA
:1023B0000BE029466846FFF799FB0A9A3146284602
:1023C000FFF73EFE013C10B1012005B0F0BD3046E4
:1023D0003946FFF7ACFB69463846FFF787FB1035F7
:1023E0001036E3E72DE9F043CBB00646DDF848911F
:1023F000174698460D4689B3B9F1000F2ED004A8B0
:1024000016F0D0FF164B1968002401F1140304EBF9
:1024100004101A5C424513D11530014404A816F08B
:10242000D1FFA6B93A46294604A816F0D0FF68465F
:1024300004A917F033F8009BC9F80030002003E02E
:102440000134172CE3D103204BB0BDE8F0831022F8
:1024500031460DEB020016F0BAFFE3E70220F3E786
:10246000442D012070B5E8B04FF4D072002104462D
:102470006846E7F7CDFD454A02F110010DF1150060
:102480000B4652F8045B40F8045B8A42F9D1012202
:102490008DF825203D4A0DF1260152F8040B41F834
:1024A000040B9A42F9D102228DF8362003228DF8CE
:1024B000472004228DF85820344A0DF1590152F872
:1024C000040B41F8040B9A42F9D105228DF86920DA
:1024D0002E4A0DF16A0152F8040B41F8040B9A429E
:1024E000F9D106228DF87A20284A0DF17B0152F8A5
:1024F000040B41F8040B9A42F9D107228DF88B2086
:10250000224A23AE10685168354603C508329A4204
:102510002E46F7D108238DF89C307F238DF8AD30FF
:1025200080238DF8BE3081238DF8CF3082238DF843
:10253000E03083238DF8F13084238DF80231852338
:102540008DF8133186238DF8243187238DF83531AA
:1025500088238DF8463189238DF857318A238DF8E9
:1025600068318B238DF879318C238DF88A3154B101
:10257000074B20464FF4D07269461C60F3F7E7FC26
:10258000002068B070BD0220FBE700BF64A5060014
:10259000442D01207E2B01D8FFF724BF0320704774
:1025A00030B5144685B078B1002503AA00920A46DA
:1025B000014628460395FFF715FF18B90398001B3D
:1025C00018BF012005B030BD0220FBE72DE9F04126
:1025D0000D46BEB016469846074668B363B311F081
:1025E0000F042BD1F02201A82146F3F7C4FC144BB1
:1025F000186800F1140204EB0413D15CB1420BD152
:10260000153301AA10211844FFF714FB2C462E1B8A
:10261000F6B244B9204603E00134172CEBD1032075
:102620003EB0BDE8F08101AA08EB0601B819103CE4
:10263000FFF77AFBA4B2EAE70220F1E70520EFE713
:10264000442D0120F0B51E4D2E68034685B0084686
:10265000002206F1140402EB02171101E75D9F420C
:1026600029D183F08004092C9EBF40F24923E34026
:10267000DB430A4494BF03F00103012302F1150474
:1026800093B9CDE90033CDE902337F2210216B46A7
:10269000FFF79CFF06462868102269462044F3F79E
:1026A00056FC304605B0F0BD014610223019F3F754
:1026B0004EFC0026F5E70132172ACCD10326F0E7BD
:1026C000442D012009B1FFF7BDBF022070471FB59F
:1026D0001446A0B100237F2ACDE90033CDE90233AF
:1026E00001D108290DD10A466B461021FFF76EFF74
:1026F00018B969462046FFF7A5FF04B010BD0220B7
:10270000FBE70320F9E72DE9F04F91B081469DF8F2
:1027100068401B9E8A4617469846002B73D0002EB1
:1027200071D01C9B002B6ED0212C6FD8A5B2FF2836
:102730002A46414630460CBF4FF0010B4FF0030BC9
:10274000F3F705FC691E5A46731C89B208F10100B3
:10275000FFF73CFF834600285BD196F80B801C9B5B
:102760004FEAD81883F80080331913F8024C13F895
:10277000031C13F8042C13F8013C240444EA01243C
:10278000144344EA0364B8F1000F0FD1291F012359
:10279000224689B23046FFF703FFB0F1000818BFA8
:1027A0004FF00108404611B0BDE8F08FCDE90100BF
:1027B0000390082251460DF105008DF80490F3F7BF
:1027C000D0FB8DF80D70292259463F0A05A88DF8D7
:1027D0000E70CDF810B0E7F71BFC0C2201A904A87D
:1027E000F3F7B5FB2A4631460DF11B00F3F7AFFBBB
:1027F00002232246E91D04A8FFF7D2FE002808BFE5
:102800004FF00008CEE74FF00208CBE74FF0050885
:10281000C8E74FF00708C5E708B5014630B1044BDB
:1028200008221868F3F793FB002008BD0220FCE79C
:10283000442D0120014B1868704700BF442D012032
:1028400008B5014638B1054B186808221044F3F763
:102850007EFB002008BD0220FCE700BF442D0120C4
:10286000014B186808307047442D012008B5014617
:1028700038B1054B186804221030F3F768FB0020CC
:1028800008BD0220FCE700BF442D0120014B186861
:1028900010307047442D012001207047034B1B6806
:1028A00013B15B6803B11847704700BF4C2D01207E
:1028B000034B1B6813B1DB6803B11847704700BFB7
:1028C0004C2D0120014B01221A707047482D012028
:1028D000002000F071BD000008B5E7F79BF904384F
:1028E000C0B2032896BF024B0020185C08BD00BF91
:1028F000B4A5060000F00EBF80B2E7F793BA80B22D
:10290000E7F752BA38B50C46002340F201211A46C7
:102910000546084600F0BAFE00F030FF0C4B0128D7
:102920000C480CBF83F8C74083F8C04000F0B6FFE6
:1029300021462846002200F083FD074B074819680E
:1029400001F012FBBDE83840044801F06DBA00BF49
:10295000F4CA0120ACCB0120582D0120DCCA012093
:1029600008B54FF0040000F009FDBDE80840022062
:1029700001F090B800F0D3BD80B2E7F721BA80B281
:10298000E7F7E6B908B54FF4C07100231A460846C8
:1029900000F07CFEBDE8084000F0DBBD38B50D4618
:1029A000144600F0B7FE2846E7F7A2FA00F0DCFD77
:1029B0004FF47A710448614301F0D6FABDE838401B
:1029C000014801F031BA00BFDCCA012008B500F0AF
:1029D000D0FF00B208BD08B5E7F717F9033008BD0E
:1029E00010B590B10A4B012219461C68A04206D3CB
:1029F0009C68A04203D201EBC202107910BD0132E3
:102A0000162A03F10803F0D1FEE71F20F6E700BF06
:102A1000B8A50600F0B5BDF814609DF818C09DF883
:102A20001C409DF8205040B1012819D001220023FC
:102A30001344581EB0FBF2F0F0BDBCF1000F0CBF08
:102A400008230023002D03EBC60314BF0225002535
:102A50001833254403EBC5054FF47A736B43E7E75E
:102A6000501F012803F1040302D80C2E38BF0C2696
:102A7000002938D1A2F10B07012F8CBF00270127B5
:102A8000002D14BF1025002505EBC405BCF1000F77
:102A9000A5EB820514BF00241424062A2C444FEA17
:102AA0008200A2F1020502D9083407B1A800002C67
:102AB000ACBF0419041C062A104A515C04F1FF340F
:102AC00094FBF0F403FB04638CBF0C330E330A2930
:102AD00012D89B0001334FF47A72AB405343084A3B
:102AE00052F82120A4E7012904D1A2F10C004742A9
:102AF0004741C5E70027C3E7FFDE00BF7DA506000D
:102B000088A506000128094806D1094B80F8C7109E
:102B10001970B83000F0C2BE90F8BF30012B04D15C
:102B2000034B80F8C0101970F3E77047F4CA012016
:102B3000B8C6002000234FF6FF7110B51A460446B0
:102B4000084600F0A3FD34B10948214601F00CFA13
:102B5000074801F069F9074B1B782BB16FF07F40F4
:102B6000BDE8104000F075BC034B18688001F7E722
:102B7000E8CC0120522D0120542D012000234FF6D6
:102B8000FF7110B51A460446084600F07FFD34B1C7
:102B90000948214601F0E8F9074801F045F9074BDB
:102BA0001B782BB16FF07F40BDE8104000F09EBC59
:102BB000034B18688001F7E7E8CC0120522D012073
:102BC000542D01207FB5574D02A8E6F74BFC2C7819
:102BD000002302A82B70E6F747FC002C61D000F020
:102BE0006AFD044600F04AFF03A8E6F73BFCE7F75E
:102BF00085F9012808BF287003A8E6F735FCE5072A
:102C00000BD5494801F084F90120E7F709F8474B53
:102C10001B6813B11B6803B19847A00711D544483E
:102C2000424E01F075F914F0400F424B3BD01B7837
:102C300013B90120E6F7F4FF336813B11B6903B140
:102C4000984721060AD50120E6F7EAFF374B1B68B3
:102C500023B19B6913B1C4F300209847A2050FD597
:102C6000E6F7D8FF04284CD12F4801F051F9012094
:102C7000E6F7D6FF2D4B1B6813B15B6803B198478D
:102C8000A3060ED52A4801F043F92A4B1B7813B945
:102C90000120E6F7C5FF254B1B6813B1DB6803B1C4
:102CA000984704B070BD1D7895B90120E6F7B8FFCC
:102CB000294640F60210E7F777F840F64410E7F7A8
:102CC000B1F840F00200C1B240F64410E7F76CF8EA
:102CD000194D1A48FF220DF1070100F079FE284630
:102CE00000F090FE3368002BABD09E68002EA8D079
:102CF00095F90D3095F90C209DF807100F48B04755
:102D00009FE7E6F787FF0528BAD1094801F000F9E7
:102D10000120E6F785FF054B1B68002BB0D0DB6870
:102D2000ACE700BF482D0120DCCA01204C2D01205A
:102D3000E8CC0120522D012000CD0120E8CB01205C
:102D40000D4B10B504461870587000F017F85CB1C0
:102D500034214FF4E860E7F727F84421BDE810403C
:102D600040F24170E7F720B814214FF4E860E7F72C
:102D70001BF82421F2E700BF502D012008B50120E7
:102D800000F0ECFC054B18785A78824204D0587059
:102D9000BDE80840FFF7D4BF08BD00BF502D01209B
:102DA000012808B506D0002000F0D8FC034B002213
:102DB0005A7008BDBDE80840FFF7E0BF502D012064
:102DC0002DE9F04F85B089469DF85C109DF844A030
:102DD0006C4CBDF840702170002918BF00276A496B
:102DE000BDF83CB09DF84C80BAF1000F15469DF837
:102DF000482008BFFF220A70064620B1012855D09E
:102E000005B0BDE8F08F614C00F0B9FB0B234FEA31
:102E10004900C4F8E45084F8EC3084F8E060FFF72F
:102E2000DFFD594984F8ED0041F60403B8F1000FC5
:102E3000A4F8BC300B7884F8C03014BFF22301230F
:102E400084F8C1304FEACB0B01238AF0010A84F8E1
:102E5000C23084F8B860A4F8BAB084F8BE6084F8D0
:102E6000BFA0FFF735FD94F8E000003818BF01203F
:102E7000FFF796FF04F1E00000F0C4FC04F1B80095
:102E800000F00CFD424A1068516802AB03C302A86F
:102E900000F02AFA40F2FF1000F054FA3D4B4FF4D4
:102EA000FA525743B7FBF5F51D60A9E700200193DF
:102EB00000F065FB3848354C10F80900019B324A98
:102EC00084F8E060E9B284F8F01084F8F10084F846
:102ED000F230B9F1000F42D10B3D012D8CBF00251E
:102EE000012501230539994284F8F35084F8B8305C
:102EF0003FD8BBF10B0F3CD80C23A4F8C430137897
:102F000084F8C7309DF8583084F8C93084F8C6A0DA
:102F100084F8C880FFF7DCFC94F8E000003818BFA4
:102F20000120FFF73DFF1D4800F06CFC1C4800F03D
:102F3000B5FCF8B200F02FFB94F8C930012B40F239
:102F4000367019D1E6F76EFF00F0FB0140F23670E3
:102F5000E6F72AFF0F4B4FF6FF721A6050E7B9F100
:102F6000010F04D1A5F10C035D425D41B9E70025D5
:102F7000B7E7A4F8C4B0C2E7E6F754FF40F0040096
:102F8000C1B2E3E7522D0120B8C60020F4CA0120E7
:102F900075A50600542D01207DA50600D4CB012087
:102FA000ACCB01202DE9F74F0C9DBDF838809DF882
:102FB0003C909DF840A00F469346064648B1012834
:102FC0004ED040F68900E6F72DFF40F00400C1B274
:102FD0008FE0544C0B2284F8E000580084F8EC2079
:102FE000C4F8E450FFF7FCFC41F60403BAF1000F0B
:102FF000A4F8BC3014BFF223012384F8C1304FEA97
:10300000C808012389F0010984F8C23084F8ED0072
:10301000C4F8E8B084F8B860A4F8BA8084F8BE6058
:1030200084F8BF90FFF754FC94F8E000003818BF14
:103030000120FFF7B5FE04F1E00000F0E3FB04F12E
:10304000B80000F02BFC384A106851686B4603C387
:10305000684600F049F940F2FF1000F073F9B0E75C
:103060003249304CC95C84F8F110EAB29DF8341052
:1030700084F8E00084F8F02084F8F210002B45D1A9
:103080000B3D012D8CBF002501250123053A9A42F5
:1030900084F8F35084F8B83041D8B8F10B0F3ED81B
:1030A0000C23A4F8C430224B84F8C6901B7884F813
:1030B000C7309DF84C3084F8C93084F8C8A0FFF7B9
:1030C00007FC94F8E000003818BF0120FFF768FE05
:1030D000184800F097FB184800F0E0FB94F8F13036
:1030E000062B7FF46EAF40F68900E6F79BFE00F0FA
:1030F000FB0140F68900E6F757FE3846E6F7F8FE92
:10310000149A0E4B1A6003B0BDE8F08F012B04D166
:10311000A5F10C035D425D41B7E70025B5E7A4F8D2
:10312000C480C0E7F4CA012075A506007DA506008D
:10313000B8C60020D4CB0120ACCB0120582D0120F3
:103140002DE9F04104468AB000200D4617461E4680
:10315000FFF726FE204600F0DDFA00244FF00108BC
:1031600003234FF4167229462046CDE90848CDE9DD
:103170000644CDE90444CDE90244CDE90053234699
:10318000FFF71EFE2046FFF7D5FC404600F082FC0C
:1031900000F0FBFE0446204600F0FEFEB04206D3DF
:1031A0000124FFF7DDFB20460AB0BDE8F08100F006
:1031B000E0FB00B28742EEDA0024F2E708B5FFF741
:1031C000DDFD00231A461946184600F05FFABDE8F7
:1031D000084000F057B930B585B001A9044609226E
:1031E00040F29F20E6F7ECFD9DF8043001A8002195
:1031F000CAB2934217D8032B20D85A1C8DF804204A
:1032000004A9022203FB0211200A01F80B0C04A9F5
:1032100002FB031340F29F2003F80A4C092201A984
:10322000E6F796FD0AE002464578927802EB052221
:10323000944201F1010100F10200D9D105B030BD85
:1032400008B5174B1860174800F0CAF8002000F0C6
:10325000B3F8012000F0C9F90021084600F07CFB1A
:103260000421002000F090FA00234FF6FF711A4667
:10327000084600F00BFA40F6AC00FFF7ACFF40F652
:103280008900FFF7A8FF0849084800F0C5FD084974
:10329000084800F0C1FD084B00221A7008BD00BFAD
:1032A0004C2D0120C52804009D280400DCCA012003
:1032B000B1280400E8CC0120482D012008B5E6F72C
:1032C000A9FC38B9E6F7D4FCE6F716FEBDE80840DD
:1032D000E6F7C4BCE6F79EFC0628F7D1F2E70A46FB
:1032E00001460020E6F7AABD08B5014608224FF4C2
:1032F000D860E6F72DFD002008BD000007B5074B9C
:103300001B7840BAADF804002BB9022201A940F2A3
:10331000BC60E6F71DFD03B05DF804FB622D0120E3
:1033200007B5074B1B7840BAADF804002BB9022251
:1033300001A940F2BE60E6F70BFD03B05DF804FBA7
:10334000622D012010B50C4B1B7804469BB94FF43D
:10335000D760E6F767FDC4F3002100F0FE000143EB
:103360004FF4D760E6F720FDE1B240F2B960BDE866
:103370001040E6F719BD10BD622D012013B50446BB
:10338000E6F7BBFD04F0070314F004048DF80730E2
:1033900008BF084B4FF001020DF107014FF0840008
:1033A00008BF1C70E6F782FC0020E6F739FC02B08B
:1033B00010BD00BF602D012007B501228DF8070068
:1033C0000DF107018020E6F771FC9DF807302BB95D
:1033D0000120E6F725FC03B05DF804FB0220F8E7C6
:1033E00007B50190E6F722FC0198E6F701FCE6F745
:1033F0003FFC0020FFF7E0FFE6F702FCE6F707FCE2
:10340000044B002201201A7003B05DF804EBE6F7CC
:1034100007BC00BF602D012013B504460420E6F769
:10342000FFFB230C8DF804300322230A01A983201B
:103430008DF805308DF80640E6F738FC02B010BD77
:1034400010B51446FFF74BFF2046BDE81040FFF7CC
:10345000E3BF13B504460520E6F7E2FB942140F6EE
:10346000AC00E6F7A1FC230C8DF804300322230AFC
:1034700001A982208DF805308DF80640E6F716FC8C
:1034800002B010BD73B5002640F6E2000196E6F7E3
:10349000C9FC00F0FE01054640F6E200E6F784FCB8
:1034A00040F6E500E6F7BEFC00F07F01044640F67A
:1034B000E500E6F779FC6FF07F40FFF7CAFF0422D2
:1034C0000DEB020140F61900E6F77AFC3046FFF7F3
:1034D00073FF294640F6E200E6F766FC214640F617
:1034E000E500E6F761FC019802B070BD13B5044633
:1034F0000520E6F795FB962140F6AC00E6F754FC74
:10350000230C8DF804300322230A01A982208DF8B0
:1035100005308DF80640E6F7C9FB02B010BD07B5CF
:10352000030C8DF80030030A8DF801300B0C49BAFA
:103530008DF80200ADF804100622694694208DF83B
:103540000330E6F7B3FB0620E6F76AFB03B05DF84D
:1035500004FB08B50022C5201146E6F7A7FBBDE82D
:1035600008400720E6F75CBB08B50022D1201146D1
:10357000E6F79CFBBDE808400420E6F751BB07B521
:1035800001228DF807000DF107019F20E6F78EFB61
:1035900003B05DF804FBF82873B5044628BFF8248F
:1035A00001340646640800231F2CDDB203F1010339
:1035B00017D86B00013304FA03F301220DF1070160
:1035C000A0208DF80730E6F771FB46B105EBC40487
:1035D000E1B240F206708DF80710E6F7E5FB02B0A5
:1035E00070BD0334C4F38704DEE707B501228DF80C
:1035F00007000DF107019620E6F758FB03B05DF8D0
:1036000004FB0000134B984207B50BD94EF6E113AB
:10361000ADF80430022201A99820E6F747FB03B079
:103620005DF804FB0C4B984202D94DF6D733EFE717
:103630000A4B984202D94CF2C153E9E7084B984231
:1036400002D948F27513E3E7064B9842E2D946F6F1
:103650006B73DDE700E9A43580F8A9328044E52DDD
:10366000000B6B1B40FC541907B58DF80620042293
:103670008DF804008DF8051095200DEB02018DF8F2
:103680000730E6F713FB03B05DF804FB07B552BA49
:10369000ADF8042040BA082249BAADF80000ADF8F0
:1036A00002105BBA69461046ADF80630E6F7FEFA3E
:1036B00003B05DF804FB07B5022201A91220E6F76A
:1036C0001DFB9DF804009DF8053043EA002003B07F
:1036D0005DF804FB07B501228DF807000DF1070125
:1036E0009D20E6F7E3FA03B05DF804FB07B50B0C89
:1036F000042200F0070049BA8DF80400ADF8061066
:1037000097200DEB02018DF80530E6F7CFFA03B0F4
:103710005DF804FB37B5104D2B7804461BB9FFF755
:1037200071FF01232B7043F6095241F68463B4FB09
:10373000F2F102FB114403EB8433B3FBF2F30422F6
:1037400003EB81331BBA0DEB020186200193E6F7F0
:10375000ADFA03B030BD00BF602D012007B5064BA8
:103760008DF80700187001220DF107018A20E6F795
:103770009DFA03B05DF804FB622D0120014B18781F
:10378000704700BF622D012037B504460D46E6F7AD
:10379000B2FB012803461BD10F2C02464FF000015B
:1037A0000CBF06200420FFF75FFF6FF0100084427B
:1037B000B8BF04460E2CA8BF0E24022201A98E20F9
:1037C0008DF804408DF80550E6F770FA03B030BD6F
:1037D00040F6D800E6F726FB40F01E00C1B240F6E6
:1037E000D800E6F7E1FA0420012300220721FFF7C1
:1037F0003BFF6FF008008442B8BF0446162CA8BFF8
:103800001624DAE713B5224A0446516810686B465D
:1038100003C3204B20781B78834201D0FFF79EFF23
:1038200023781BB1012B2ED002B010BD62681A4B59
:10383000B3FBF2F31A0C8DF800201A0A8DF8012060
:103840008DF80230A268237B8DF8033043F60951CE
:10385000637BB2FBF1F08DF8043001FB102241F6DE
:10386000846303EB8233B3FBF1F303EB80331A0C75
:103870005BBA8DF80520ADF80630082269468B202A
:10388000E6F714FAD0E7236900930422F6E700BFB5
:10389000D4A60600622D01200000093D1FB52B4A69
:1038A000044651681068127A01AB03C31A70284BA2
:1038B00020781B78834201D0FFF750FF23781BB19B
:1038C000012B31D004B010BD637AF12B20D14FF61B
:1038D000FF70FFF713FD48F20500FFF721FD0223FB
:1038E0006288A188ADF8061052BAE188ADF80420CC
:1038F0008DF80B30227AA37A8DF80A20ADF80810E3
:103900008DF80C30092201A98C20E6F7CFF9D9E710
:10391000F22BE5D141F60F50FFF7F0FC41F2210008
:10392000FFF7FEFC0623DBE7A3890A4A5BBAADF882
:103930000430A37B13708DF80630E37B8DF80730DD
:10394000238AADF808300622DDE700BFDCA60600BA
:10395000622D0120612D012007B502228DF804009F
:103960008DF805108F2001A9E6F7A0F903B05DF8E6
:1039700004FB07B5012201A91520E6F7BFF99DF860
:1039800004004042401003B05DF804FB37B5044624
:103990000D46022201A91320E6F7B0F90A4B1B7865
:1039A000012B0DD1094B1B78012B09D140F202707C
:1039B000E6F738FA20709DF805302B7003B030BD63
:1039C0009DF804302370F6E7622D0120612D01205F
:1039D000F7B50D46064600240DF1070128461746A7
:1039E0008DF80740FFF7D2FF2A78BA4207D89DF832
:1039F00007003146E6F74CFA204603B0F0BD01203F
:103A0000FBE7000013B50322044601A91420E6F7E2
:103A100075F9184B1A7822704AB1012A17D014226E
:103A200000212046E6F7F4FA0F2323700DE09DF8FD
:103A3000043023719DF80530A2605B425B10A371D6
:103A40009DF806305B425B10637102B010BD9DF8BB
:103A500004305B425B1023739DF9053002339B10E9
:103A600063739DF806305B425B10A373024B1B68C7
:103A70002361EAE7622D01205C2D012007B50222B7
:103A800040BAADF8040001A91046E6F70FF903B0FB
:103A90005DF804FBE5F71ABD10B49DF804400194ED
:103AA0005DF8044BE5F714BDE5F73FBDE5F75BBDF9
:103AB000E5F765BD094901FB00F310B59B0D002238
:103AC0003D2423B93C2888BF0132104610BD04FBB9
:103AD00013001A4401FB00F39B0DF2E7970C010061
:103AE00070B544F2444505FB00F31B0D00243C2651
:103AF00033B93B2884BF01343C3810600C6070BD82
:103B000006FB13001C4405FB00F31B0DF0E782B01D
:103B100082B00DF1080C0CE90600009ABDF81010F7
:103B200003931344BDF804200A4491B212B2B2F5D3
:103B30007A7FA2BFA1F57A72013312B2036082804C
:103B400002B002B0704782B082B00DF1080C0CE9EF
:103B50000600009ABDF810100393D31ABDF8042094
:103B6000521A91B212B2002ABEBF01F57A7203F165
:103B7000FF3312B20360828002B002B070471FB5FB
:103B80006B4683E80300002303A80293ADF80C30D2
:103B9000E5F756FD009BBDF804100290181ABDF819
:103BA0000C30C91A8BB209B20029BEBF03F57A7175
:103BB00000F1FF3009B2E5F758FD05B05DF804FBF0
:103BC0001FB50446002303A80293ADF80C30E5F7B7
:103BD00037FD01A902906846E5F750FD029B009A67
:103BE000BDF80C101A44019B0B4499B21BB2B3F5FB
:103BF0007A7FA2BFA1F57A7301321BB22046226000
:103C0000A38004B010BD37B50023044601A800937B
:103C1000ADF80430E5F714FD6D46009095E803001B
:103C200084E80300204603B030BD1FB56B4683E82F
:103C3000030002A803A9E5F721FD0298009ABDF848
:103C40000430121A03981B1A98B21BB2002BBEBF85
:103C500000F57A7003B202F1FF324FF47A7000FB84
:103C6000023005B05DF804FB73B54FF47A72054677
:103C7000B1FBF2F4684602FB141601A90094019608
:103C8000E5F7FCFC009B1C44019B33449AB21BB239
:103C9000B3F57A7FA2BFA2F57A7301341BB228462E
:103CA0002C60AB8002B070BDF0B5444B04460E46AC
:103CB0000FCB89B008AD05E90F004148414A2044C7
:103CC000430C03EB90430027002B55D13E4B3F4D57
:103CD000984284BFA0F5A830A0F5C07003AA01A93E
:103CE00088BF0137FFF7FCFE9DF80C303360019868
:103CF00003AA02A9FFF7F4FE9DF80C3073609DF84B
:103D00000830B36045F6DE0305FB07356D0E40F263
:103D1000B5546C430334A7EB940415F00307F46126
:103D200041D13B2C2FD86000FFF7C4FE05EB850284
:103D30000134274B3061033204EBA20202FB033350
:103D40005B0DC3EBC303D31AB36108AB03EB870767
:103D5000420057F8103CD34003F003031C443D23BA
:103D600058430130A4EB600444354FF0FF33F46056
:103D70007561336209B0F0BD02FB13001F44430CB0
:103D800003EB9043A0E7D42C06D8A4F13C004000FC
:103D9000FFF790FE0230C9E7A4F1D5004000FFF71D
:103DA00089FE0730C2E73A2CBDD9D32C02D8A4F142
:103DB0003B00ECE7A4F1D400F0E700BFE8A6060062
:103DC00080B8C303805101007F510100DB66010010
:103DD0004992040070B50446E5F708FC01236372BC
:103DE00026680546E5F722FC2844864203D2E5F71B
:103DF0001DFC284420602068BDE87040E5F710BC39
:103E0000044B1A680AB10021517242611860FFF731
:103E1000E1BF00BF642D01200023C0E90033C0E9E9
:103E2000031303814361704737B5044601A8E5F7E2
:103E300019FB6CB1174D29680A4672B96368236093
:103E40000123238169B9E5F7B7FB2046FFF7D8FFC7
:103E500001A8E5F709FB03B030BD9442F8D05269E0
:103E6000EBE7E5F7E3FB236818442B6820601A684A
:103E70009042EAD35A69596911B95C616161E7E717
:103E80001168884202D913465269F4E75C616261A5
:103E9000DEE700BF642D012070B5E5F7A1FB1B4CE8
:103EA0000546E5F789FB22689AB1461B1146496928
:103EB00029B953692360D368117243B9FEE70B68CF
:103EC000B34286BF5B191B1A00230B60EFE7106932
:103ED0009847002623682BB9206880B970BD1869FF
:103EE0009047F7E71D68E5F7A1FB8542F4D2236808
:103EF0005A692260DA681E72002AF0D1FEE7437A1E
:103F0000002BEBD1BDE87040FFF764BF642D0120AA
:103F100037B5144D044601A8E5F7A4FA2B6803B1A0
:103F200024B901A8E5F7A0FA03B030BD0022A342EE
:103F300022720DD1597A5C6941B15A7224B120467E
:103F40002C60FFF747FFECE7E5F756FB2C60E8E74E
:103F50001A465B69002BE4D09C42F9D16369536136
:103F6000DFE700BF642D012038B505460846E5F7B8
:103F70003FFB04462846FFF7CBFFE5F737FBA0429F
:103F800038BF2046C5E9000038BD08B5E5F74AFB53
:103F9000BDE80840E5F72EBB38B5044650B1E5F75B
:103FA00041FB05462046E5F723FB281ABDE83840CB
:103FB000E5F720BB38BDE5F76BBB72DF704773DFF9
:103FC000704738B5012204460D46B0F81414D0F8F5
:103FD000100402F0BEFC00B1057004F13C0204F5CF
:103FE000826104F15400BDE83840FFF7E6BF80F875
:103FF00030107047F8B504460F4600296BD00028F2
:1040000069D091F87A301BB191F89830002B64D1C7
:104010004FF0000C84F802C007F178060FCE251D82
:104020000FC50FCE0FC596E8070085E8070084F896
:1040300030C0D7F8A4306363D7F8A830A36304F581
:1040400082624FF6FF73C4F826C4A4F82434C4F87F
:104050002024C4F829C422780AB984F8543094F88A
:104060002430002B14BFEE231F2304F15501C4F8A4
:104070001014A4F8143404F21442384602F07AFA08
:1040800040BB94F82430002B14BFEE231F2304F20E
:104090003121C4F81814A4F81C3404F21C4207F1AE
:1040A0003C0002F067FAA8B9A369A4F848304FF4BD
:1040B00080730125A4F8503063692064014684F8B8
:1040C0003C50636404F13C0204F15400FFF775FFB7
:1040D00000B92570F8BD0E20FCE70720FAE7F8B517
:1040E000077804460D46002F00F007810023C0F832
:1040F0002634C0F82934C388817000F226460BB1FB
:10410000012903D0E37943B1022D06D1636BA3B13A
:10411000012284F82D2408209847334604F22C41CC
:1041200013F8012F12B99942FAD117466B1E032BCF
:1041300057D8DFE803F0050B0F1284F82D34ECE7B5
:10414000A3791BB194F8243003B95FB9E3790BB1BB
:10415000002F48D1237A002B47D1637A002B0CBF64
:1041600000250425636BA570002B40D0033D012D75
:104170003DD86279002A3AD094F82E24002A36D10C
:1041800084F83024012284F82F240720984704F172
:104190003C05182200212846E5F73AFFE26A012390
:1041A000511E994284F83C3001D9042A00D1D3B27F
:1041B00094F8242084F8513042B1A36A591E012991
:1041C00002D9042B18BF012384F85230A1780023B0
:1041D00084F8503004291BD8DFE801F0770D223530
:1041E00059000025BEE70225BCE70325BAE70023F6
:1041F00084F82F34CBE7C4E91063C4F820340223D9
:10420000012284F83C30802384F83120A4F848301F
:10421000A378002B5CD1636B002B6AD1002067E090
:104220000223002A84F8313014BF0723032384F8C3
:104230003C302369A4F848300023C4F82034E368F4
:1042400026646364E4E763696364A369A4F848309F
:1042500012B1062384F83C306379B3B194F82E345C
:104260009BB994F8303483B1022384F85030042190
:104270002046FFF7A6FE0028CAD1052384F8313076
:1042800004F58263C4F82034C2E70323F6E7E36948
:104290006364236AA4F8483012B1062384F83C30E2
:1042A000637983B194F82E346BB994F8303453B1F8
:1042B000022384F8503004212046FFF782FE0028B4
:1042C000A6D10623DAE70423D8E784F831309FE744
:1042D000D4F820142A4604F15400FFF76EFE38B9D2
:1042E00094F8301094F85400FFF769FE002892D03B
:1042F000F8BD94F83100984790E70820F8E7038864
:10430000112B10B50C460AD0262B1FD0102B05D12F
:10431000C37B012B02D18388A1F8243410BD002275
:10432000838881F82E24B1F824249A42F6D10B799F
:10433000002BF3D101212046FFF7D1FE0028EDD05C
:10434000A36B002BEAD0BDE810401847037A013B6D
:10435000012BE3D8897805230131B1FBF3F303EB9B
:104360008303C91AC9B2E6E730B50D46041D0FCD67
:104370000FC40FCD0FC495E8070084E8070030BDD7
:10438000F0B50E4685B015460446002858D003788F
:10439000002B53D009B9002A52D0102200216846C0
:1043A000E5F736FEBEB985BB04F582656E462A4642
:1043B00004AF334603CBBB42106051601E4602F18E
:1043C0000802F6D1C4F820540022294604F1540012
:1043D000FFF7F3FD17E0D4F820341B6804F1550112
:1043E0008B4294F8243008BF04F24311002B14BF11
:1043F000EE231F2301AA30460091ADF8043002F0ED
:10440000B9F80028CFD005B0F0BDD4F820349B68AF
:1044100004F231218B4294F8243008BF04F21F319A
:10442000002B14BFEE231F2303AA28460291ADF8E8
:104430000C3002F09FF80028B6D0E4E70820E2E74D
:104440000E20E0E730B50B4B19680B4B0022914270
:1044500001D1002009E09D788478A54206D11D880D
:104460000488A54202D1054B186830BD01320433DF
:10447000EDE700BF702D0120742D0120682D012073
:104480002DE9F84F90F8C6A24FF0760B04460AFBD0
:104490000B0088469146FFF7D5FF074670B3D4F866
:1044A000CC52052D2AD804EBC5165A46A6F8D2924E
:1044B0000BFB0A4106F53570E5F782FDB8F1000FF8
:1044C00014BF0023022386F8D0320D4BC6F84C737C
:1044D0001A6801359542C4F8CC521D460ED104F538
:1044E00034760027F36F304698472B6801379F4298
:1044F00006F18006F6D30023C4F8CC32BDE8F88F6D
:10450000702D012030B5A1B004460D467C2200215B
:1045100001A8E5F77DFD03238DF80430044BADF8C9
:1045200006501B6802940BB101A8984721B030BD1A
:10453000682D01202DE9F041074691F8C602762347
:104540004FF00008A0B081F8C88200FB03100C46B1
:104550001546FFF777FF064660B17C22414601A869
:10456000E5F756FD01238DF80430ADF806500297AB
:1045700001A8B04729462046FFF7C4FF20B0BDE898
:10458000F081000030B504468BB020220D4602A811
:104590000021E5F73DFD94F8C53294F8C62213B327
:1045A000013B7621DBB25143122000FB031323446D
:1045B0005B8A01339BB2ADF80430762303FB0242E1
:1045C00002A91389ADF8063003238DF80830019B4A
:1045D000CDE90543064B0493064B2A46186803F0C1
:1045E00071F90BB030BD762303FB0243DB88E2E7B1
:1045F000354504008C2D0120F0B5044689B02022F9
:104600000E4668460021E5F703FD94F8C732244AB8
:1046100001331268DBB2934284F8C7324FF00003D3
:1046200037D294F8C6521F4884F8C5320135EDB22E
:10463000762715FB07F2A11850F8250084F8C6521A
:10464000A0500B711848194BA25A1949C01AC0083A
:104650000004334640F0040007F085FF07FB0545E2
:1046600002238DF800300123ADF810302B68CDF80F
:104670001230104B0293104B03941868324669466F
:1046800003F020F918B132462146FFF753FF09B075
:10469000F0BD84F8C83231462046FFF733FFF6E715
:1046A000702D0120742D0120D83207003032070010
:1046B000F8A60600354504008C2D01202DE9F047B1
:1046C000044688B00D461646002120226846E5F7CC
:1046D0009FFC94F8C62294F8C512762312FB03F2CD
:1046E000A018122790F804C017FB012301F1010E56
:1046F0000A33E645234411D004F11C0900F1220ECF
:104700000CF1FF389144CAB294450BD988451B89F6
:104710000ED102899A421BD1002312E01B89028923
:10472000934215D101232B70002008B0BDE8F0871B
:1047300007FB01FA01333EF80A2093421DD109EB31
:104740000A0394F8C522013284F8C5220131DAE760
:1047500001339BB2ADF810300A4B029300210A4B93
:10476000297004218DF80010ADF812201868039408
:104770003246694603F0A6F8D7E7013A9BB292B2F7
:10478000E8E700BF354504008C2D012010B570B15D
:10479000026862B1436853B10649002008600649C7
:1047A00001240C7005490A60054A136010BD0E20F3
:1047B000FCE700BF702D01206C2D0120682D012029
:1047C0008C2D012010B5044680B10C4B1B787BB1B9
:1047D000FFF738FE70B90A4A1368052B0CD809494F
:1047E000246841F823400133136010BD0E20FCE71C
:1047F0000820FAE70020F8E70420F6E76C2D0120F6
:10480000702D0120742D0120F0B50F468BB00446A9
:10481000002848D0274B1B78002B46D0264B1B681E
:10482000002B42D090F8C812002940D14FF4BA6250
:10483000224E0191E5F7ECFB0199202202A8E5F751
:10484000E7FB3068394603F01DF950BB1C4BC4F838
:10485000CC0284F8C502A4F8C6021A4D18681A4B97
:104860001A492060ED1AED082D0482B23B4645F04E
:104870000400A4F8CA7207F076FE2068CDF81A008A
:1048800002238DF808300125114B3068ADF818501F
:104890003A4602A90594049303F014F808B984F881
:1048A000C8520BB0F0BD0E20FBE70820F9E711203D
:1048B000F7E700BF6C2D0120702D01208C2D012009
:1048C000742D0120D832070030320700F8A6060008
:1048D000354504002DE9F0430C4685B0054660B12E
:1048E00059B1A54B1B7843B10388322B79D007D837
:1048F000112B00F03481302B2AD005B0BDE8F083B5
:10490000332BFAD18288B1F8CA329342F5D1C688E6
:1049100091F8C6C291F8C572002E00F0E5807626A7
:104920001CFB06F6A119002309798DF80F307B1CBA
:104930008B4200F0098184F8C5320DF10F01204649
:10494000FFF7BCFE68BB9DF80F30002BD5D0FEE012
:104950008288B1F8CA329A42CFD191F8C6328748DC
:10496000874E762213FB02F3361ACA5ACF18F6087E
:10497000EB88360446F0040033BB824907F0EAFDB9
:104980002B69C7F8063094F8C432AA7A1344062B70
:104990000CDC84F8C432A9882046FFF7F3FD002818
:1049A000ABD0AA882146FFF7C5FDA6E7062346F04F
:1049B0000200754984F8C432019007F0C7FD7349BD
:1049C000019807F0C3FDE6E7714907F0C3FDAA8827
:1049D00000212046FFF754FDA9882046FFF70CFE72
:1049E0008BE78288B1F8CA329A4286D1C38891F89F
:1049F000C672002B56D1762617FB06F601EB060889
:104A0000837A98F804904B44062B26DC88F804300F
:104A100009EBC90306EB43034A4605F10C0C23449A
:104A2000002198F8040082420CF10A0C03F11203F1
:104A300027D31223013A03FB024294F8C6321644EC
:104A4000762202FB0343728A1B899A422AD20628E5
:104A500028D0A98884F8C5029EE7062388F8043088
:104A60004748464B8A5B4B49C01AC008000440F0D7
:104A70000200019007F06EFD4749019807F066FDBE
:104A8000C6E76046013250F80AED43F808ECD0F86A
:104A900004E043F804EC0089188059809980D9809B
:104AA0001981BEE7002384F8C532AA880DF10F01F1
:104AB0002046FFF703FE00287FF473AF9DF80F3008
:104AC000002B3FF41AAF76235F432D482B4BE25B5C
:104AD000C01AC008AB880004304940F0040007F059
:104AE00042FDAA88012174E7762303FB0CF112230F
:104AF00003FB0713B0F80AE023447645BFF40FAF79
:104B0000C189A1F52451082908D8DFE801F014175C
:104B10000507070707071A0081899982998A39B121
:104B2000D98A29B1198B19B1598B00297FF4F7AEB5
:104B300001360630E1E78189D982EFE7818919835F
:104B4000ECE781895983E9E701238DF80F300B4B9E
:104B50000B48A25BC01AC008AB880004BCE7B1F8E0
:104B6000CA3282889A4201BF002381F8C8324FF6C8
:104B7000FF73A1F8CA32C0E66C2D01203032070065
:104B8000D832070040A7060059A7060078A70600FC
:104B9000BDA70600DAA7060020A806007AA806002E
:104BA0000F4B0322C3F80825A3F5F0330022C3F806
:104BB0000022C3F8102101221A61D3F81021002A23
:104BC000FBD000220749C3F810215A601A600A80FE
:104BD000D3F8142522F47022C3F81425704700BFBF
:104BE00000F00140AC2E012008B500F099FC084B04
:104BF00001200022C3F80805C3F81025C3F81425C6
:104C0000A3F5B0331861FFF7CBFF024B187008BD56
:104C100000F00140AE2E012038B51E4C1E4D21780B
:104C2000286800F087FC20B11C4B01221A80042068
:104C300038BDFFF7B5FF1A4B2A68C3F80C25217859
:104C4000C3F81015D3F8242522F0FF02C3F8242559
:104C5000D3F8242542F07102C3F82425114AC3F881
:104C60001C250122C3F8302540F20312C3F82C059D
:104C7000C3F834250C4A127803391206012988BF7B
:104C800042F0C14242F48472C3F81425074AC3F8C3
:104C90001825CDE7B9C60020B02E0120982D01209F
:104CA00000100040002941769B2D0120FF000300E9
:104CB0000F49104AB0B10B6823F0004323F0FF0303
:104CC00043F0004343F07D030B60136823F000437F
:104CD00023F0700343F0004343F060031360064B7E
:104CE00018707047054B0B60136823F00043F5E71D
:104CF0003C1700407C170040AF2E012034300040AC
:104D000038B5044600F00CFC1C4B40F25B62C3F863
:104D100038251B4AC3F83C251A4A12685200023251
:104D2000C3F80825184AC3F8042501200022C3F857
:104D30000021C3F80002D3F8002242F00202C3F8B7
:104D400000221D46114A4CB113780BB1FFF7B0FF9A
:104D50000023C5F80C3101236B6038BD0C4909787C
:104D6000C3F80C151378002BF7D00A4BD8605860A5
:104D7000C3F84041C3F84441EFE700BF00100040D2
:104D800055555500A82E0120A42D0120902D01205D
:104D9000B02E012000900040024A0123136042F827
:104DA000083C704740100040064B0022C3F81C210D
:104DB00001225A61D3F81C21002AFBD0D3F8480500
:104DC000C0B270470010004038B54FF08043002259
:104DD000C3F8002101221A60D3F80021002AFBD079
:104DE000264B1B68002201244FF480315C600425AF
:104DF000DC60C3F80425C3F84021C3F84421C3F89C
:104E00004821C3F84C21C3F8041340F6C411C3F879
:104E10000042C3F81055C3F840154FF48271C3F82F
:104E200044151C60164B1A60164B40F2E2415C6060
:104E3000DC60C3F80425C3F84021C3F84421C3F85B
:104E40004821C3F84C21C3F84015C3F844250E4A45
:104E50004FF40071C2F880110722C3F81025FFF744
:104E6000DBFE48B9094B1870094B1C70094B1860E0
:104E7000094BC3F8404538BD2846FCE7BCC60020B6
:104E8000942D01200090004000E100E09A2D0120C7
:104E9000AE2E01209C2D012000E0014070B5774E20
:104EA000774C784B1B78042B0BD1D4F80421012AC2
:104EB00007D10021C4F804117349097809B1734975
:104EC0000A61D4F80C21002A67D0714A002102201F
:104ED000042BC4F80C11C2F8800160D16A4B1B7816
:104EE000012262606BB1694B40F2E240C3F84005B9
:104EF0003F20C3F84405DA60C3F84011C3F84411F9
:104F00001A60D4F80034012B09D1624A3178127842
:104F1000D01E012801F00F0315D8022B19D94FF428
:104F2000817200213046E5F773F8D4F80031012B87
:104F300035D10022C4F80021534A12787AB3534A7B
:104F4000D36013602BE0053A012A02D811F00C0F50
:104F5000E5D1727853B95049504820F011F9002832
:104F6000DDD14F4A138801331380D8E7012B10D0CD
:104F7000022B10D0032BD2D1FF2148480023DDB2F1
:104F80009542EED210F8015B8D4203F10103F6D099
:104F9000C5E70F21F1E75521EFE7042BC5D0414BC1
:104FA0001B68D3F84021002A40D00022C3F84021DA
:104FB000364BD3F84031012B1DD1FFF7F5FE3A4BAC
:104FC0001B78002B4CD05F2802D90020FFF770FE21
:104FD000FFF7E2FE2D4B40F2E242C3F840250021EC
:104FE00001225A60DA60C3F840111A60284B4FF46E
:104FF0000072C3F88021254DD5F84431002B3FF4D1
:1050000050AFFFF7D1FE5E288CBF00200120FFF7D4
:105010004FFEFFF7C1FE0023C5F84435C5F8443103
:105020001B4B4FF40072C3F8802139E7D3F84411C9
:105030000029BDD0C3F844211C4B93F90030002B4C
:1050400009DB5A09012103F01F0301FA03F360325F
:105050000F4941F82230164B18680130186070BDB6
:10506000144B1B684FF6F072134204D0B3F5003FA7
:1050700001D20120AAE75E28FBD9A9E7A42D0120CF
:1050800000100040AE2E0120902D01200090004025
:1050900000E100E0B9C60020DCA80600A62D012032
:1050A000AC2E0120BCC60020AF2E0120BAC60020C5
:1050B000942D012074150040044B00211A781970BA
:1050C000034B1B8803601046704700BF9A2D0120D8
:1050D000982D012010B50B4B1B7810F0300FC4B287
:1050E00018BF44F0C004012B01D9002010BD064BAD
:1050F0002046197800F01EFA0028F6D1034B012053
:105100001C60F3E7AE2E0120B9C60020B02E0120AE
:10511000054B1B78012B024603D80449044800F0D4
:1051200023BA0020704700BFAE2E0120BAC600206F
:10513000BCC600202DE9F047AA4BAB4E01221A70E5
:10514000AA4A337800240746810B14801546002BA9
:1051500000F0B381002940F0EB80C4B2FFF744FDBA
:105160003B0A092B08D8DFE803F005192376797E7E
:1051700007070791032C01D90123A7E09C4B0024CA
:105180001C609C4B03221A709B4B9C4A1C7013683A
:1051900023F0004313602046BDE8F0870F2CEBD8C6
:1051A000002C934B14BF102200221A600024F2E757
:1051B000231F032B15D88F4B03221A708E4B8F4A57
:1051C00000201870136823F000431360FFF770FD90
:1051D0008B4B01221A618B4B1870BDE8F047FFF72B
:1051E0001BBDA4F10803032B13D8824B04221A70B1
:1051F000814B824A01241C70136823F00043136022
:105200000020FFF755FD7E4B1C617E4B00221A707B
:10521000E3E7A4F10C03032B17D8764B05221A7091
:10522000754B03221A70754A136823F0004323F468
:105230007F4343F0004343F444431360724B1B68C5
:10524000002BCAD16F4B0122E1E7103C032C93D80D
:10525000684B0622E3E7032CA8D98DE7032C8BD8F3
:1052600016232B80A2E7032C02D84FF4FF73F8E734
:10527000231F032B02D844F29023F2E7A4F1080382
:10528000032BF2D90C3C032CF5D975E77FB27E2FA6
:1052900005D15E4BD8221A604FF46C73E1E77F2F83
:1052A00005D15A4B08221A604FF48263D9E77F3444
:1052B000E4B2932C12D9554B1A685300D82A03F440
:1052C000FF7306D143F4007343F001032B800424E1
:1052D00061E7082A08BF43F48063F5E717F1270F59
:1052E000D7DB072FDDDC4A49012251F8224063B2A7
:1052F0009F4219DA013ADB1B51F8222050B2002BF1
:10530000A0EB0707B8BF5B42002F5BB2B8BF7F427C
:10531000BB42ACBF174627463C4B1F603B4B1B684C
:105320005B0003F4FF739CE701320F2ADDD1F5E740
:1053300003295FFA81F90FD1012B03D101232B80BF
:10534000022428E7334B1B886FEA43436FEA534339
:105350001380FFF749FC1EE7012BEFD124492E4CA7
:10536000DFF890800A682D4BC0F3850CC0F3052050
:10537000206098F8004002F0C002033C07F00307E9
:1053800042EA0C02012C0A601F608A4615D8032FDE
:1053900015D1FF2119601F490024B9F1010F0C80BC
:1053A00013D14FF4817221461D48E4F731FE48467F
:1053B000FFF7A6FC04233370EDE6032FEBD027287C
:1053C000E9D9012028800446E5E61968144B032931
:1053D0005A7027D80139022939D8DFE801F052592B
:1053E0005D0000BF9A2D0120AE2E0120982D0120D6
:1053F0009C2D0120B9C600209B2D012040170040A4
:1054000000900040902D012088170040B02E012010
:10541000DCA90600AC2E0120A82E0120A02D012021
:10542000A42D0120FF297FF4A7AEBCF1020F3ED0CE
:1054300036D83FF4B0AE2046FFF762FC00F072F8B9
:10544000324B0122C3F800221A600323B3E7002184
:1054500019702F482F49E4F7B3FD0020FFF750FCE7
:1054600098F800102C4ADAF800301068042945D06A
:10547000032945D0052922D0062943D00022DB008C
:1054800020E0012119700F212148E4F7C1FDE4E774
:10549000022119705521F7E704211970FF21F3E764
:1054A000BCF1030F7FF477AEFFF732FE01E0FFF7A8
:1054B00011FE00287FF47AAE5EE605246BE69B01C0
:1054C0004FF434721344042908BF5B0840F2712280
:1054D000F93311468B4202F27122FAD80F4BC0F811
:1054E00040150A4A00F5A070C3F81005C3F814254A
:1054F0000122C3F804250223337057E65822BEE781
:105500005022BCE71B014FF4E772DBE700100040BC
:10551000A62D0120DCA80600BCC6002000F001403A
:1055200070470000024B4FF40072C3F850267047DA
:1055300000100040831E062B0CD958B1A0F1E202E6
:105540001A2A03D8074BD340DB0703D420F02000EE
:10555000D82805D10339032994BF002004207047BF
:1055600004207047014404042AB9104B0360082347
:105570000B7001207047012A03D10D4B03600923F2
:10558000F6E7022A03D10B4B03600A23F0E7032A54
:1055900003D1094B03601A23EAE7042A03D1074B1E
:1055A00003601B23E4E70020704700BF0080004039
:1055B0000090004000A0004000A0014000B0014069
:1055C00037B505460C46E1B1D8B10388502B18D148
:1055D0004B7CB3B1C2884B899A4212D1038A022B09
:1055E0000FD10B686BB1123001F00FFDAB88ADF835
:1055F000063080F001008DF80400236801A92046E0
:10560000984703B030BDA8DF7047ADDF7047AEDF0D
:105610007047B0DF704762DF70473CDF70473DDFA7
:1056200070470000054B0649024606481B1ADB0876
:105630001B0443F0040006F08DBF00BFA832070032
:1056400020AA0600303207002DE9F041044688B058
:1056500038B10388512B25D006D8102B16D0112B2A
:1056600018D008B0BDE8F081532BFAD12F4DC28875
:10567000EB889A42F5D12B7E002BF2D000F0BEF9D8
:105680000028EED06B6902209847EAE78288274B12
:105690009A80E6E7254B81889A889142E1D14FF6BE
:1056A000FF72F5E7214DB0F80480AB889845D8D15A
:1056B0008679022ED5D10289EB889A42D1D1837B9B
:1056C000043B022BCDD9102200210DEB0200E4F7A0
:1056D0009FFC01AF69898DF8106002AA40460296CE
:1056E0000397FFF792FF0646D0B9384601F091FCC8
:1056F000B0B19DF81630ADF8146043F001038DF899
:105700001630A88804A9FFF784FF1128F9D0BDF846
:105710001430002BA5D104F1080000F00BF9A0E72C
:1057200040F2FD13ADF81430EBE700BFB42E0120BA
:105730007FB50322ADF8022020228DF80420124A02
:105740008DF80610D188ADF8081000230221CDF89D
:105750000B308DF80F30ADF80C300DEB01038DF8E8
:1057600005008DF80A100493908801AB02A90593F7
:10577000FFF74DFF20B9BDF80230032B18BF0C20F6
:1057800007B05DF804FB00BFB42E01200F4B10489A
:105790001049C01AC008000410B540F0040006F01B
:1057A000D5FE4FF0FF310020FFF739FF044658B90E
:1057B000B121FFF732FF044630B9074B01205B6986
:1057C0009847022007F056F8204610BD30320700F7
:1057D000A832070048AA0600B42E0120F0B51B4BE2
:1057E00087B002AC024603F11007254618685968D5
:1057F000264603C60833BB423446F7D122B3144BC6
:1058000012685A614FF6FF719980002119760AB922
:10581000104A5A610E4800F053F898B901204FF62B
:1058200059630D4A8DF8060001A9ADF80430FFF761
:10583000EAFE38B906492846FFF7EDFE10B90448DC
:1058400000F058F807B0F0BD0E20FBE77AAA06007A
:10585000B42E012025560400B62E01204FF0030C73
:1058600000DF704714490B6870B523B34B6813B35E
:105870000831984708281ED0104C2368254658B98F
:10588000587601210220FFF753FFA0B123685B691E
:105890000320BDE87040184700225A7606210220F6
:1058A000FFF746FF18B1236803205B6998472B6810
:1058B00002205B69EDE770BDF02E0120EC2E012087
:1058C00018B1034B1860002070470E20704700BFCE
:1058D000EC2E012008B504F0AFFB38B90448FFF7FF
:1058E000BDFF18B9BDE8084004F0DCBB08BD00BF2F
:1058F000F02E012010B588B0044620220021684611
:10590000E4F786FB22460323ADF8003012F8063B8D
:105910008DF8023042F60103ADF80C301723ADF8D4
:10592000043060884FF001336946049301F075FB41
:1059300008B010BD70B50546007B2A4C01280ED07A
:10594000022824D00221287BFFF7F2FE18B1236839
:1059500003205B699847236802205B6909E023689C
:105960005E7E4EB10621FFF7E3FE48B323685B6914
:105970000320BDE87040184718760146FFF7D8FEAF
:10598000F0B1236811281E7628D00421DBE76A7B5A
:10599000531E132B24D8144E05F10E01301DE4F7CD
:1059A0000FFB6B7BB36123685B7E002BEDD10F494E
:1059B000304651F8083B984718B9236801225A76B7
:1059C00070BD0F28E1D10A4B0A480B49C01AC00824
:1059D000000440F0010006F0B9FDD6E70621B2E769
:1059E0000521B0E7EC2E0120D02E0120F02E012061
:1059F00030320700A83207008AAA060008B5044B17
:105A00001B6800205B699847BDE80840FFF7BEBEF1
:105A1000EC2E0120ACDF7047AEDF7047B0DF70477F
:105A2000F0B515468BB004460F46D0F87801A9882A
:105A30006A461E4613F0E3FD10B1636803B1984750
:105A4000009A3AB30021CDE90111EB89ADF80810B5
:105A5000BDF84010ADF80C300120C91A1E448DF875
:105A60000400ADF80E1032448DF80A0001A9A88890
:105A70000492FFF7D3FF10B1636803B1984723681E
:105A800043B107228DF814203A680692099505A9BA
:105A9000204698470BB0F0BD2DE9F04186B0054691
:105AA0000C4616468988D0F878016A461F4613F0DE
:105AB000A6FD10B16B6803B198470098F0B1228A37
:105AC000E389BDF8301013448B4217DC04F112084F
:105AD00041463844E4F774FA2B687BB104228DF810
:105AE000042032680292E289ADF80C20228AADF8D7
:105AF0000E20CDE9048401A92846984706B0BDE8E8
:105B0000F081D0F87CC12DE9F0411324069E1C8061
:105B1000BCF1000F24D1D0F880C1BCF1000F3DD101
:105B2000D0F884C1BCF1000F52D1002016E01C88CF
:105B300025441D80857CFCB2A542ECD90EFB0405F2
:105B40000137B5F814803CF834508845EFD142F65F
:105B50004D23012013809070D4703580BDE8F08112
:105B600000274FF00A0EE5E71C8825441D8090F8B9
:105B70007850FCB2A542D3D90EFB04050137B5F825
:105B80007A803CF834504145EED142F64D231380E3
:105B900002239370D47001203580DFE700274FF097
:105BA0000A0EE4E71C8825441D8090F8DE50FCB204
:105BB000A542BAD90EFB04050137B5F8E0803CF8E0
:105BC00034504145EED142F64D2313800323E0E7E4
:105BD00000274FF00A0EE8E770B5138A022B86B053
:105BE00004460E46154612D1036883B102F1120035
:105BF00001F00BFA002814BF022303238DF80430B0
:105C0000336802930595236801A92046984706B09A
:105C100070BD30B587B004460D46D0F8780189884C
:105C200001AA13F0ECFC10B1636803B19847019A24
:105C3000BAB101210023CDE90233ADF812108DF87D
:105C40000810ADF80C308DF80E10EB89A888ADF86F
:105C5000103002A90592FFF7E1FE10B1636803B1AD
:105C6000984707B030BDF0B50388502B8BB0054680
:105C70000C464FD0512B00F0FB80102B37D1818880
:105C8000D4F87801002304AA049313F0B8FC10B1EF
:105C9000636803B19847049848B3D4F87C1169B39A
:105CA000A67C00231322B34223D3D4F8801121B160
:105CB00094F878600023B34222D3D4F8841121B140
:105CC00094F8DE600023B3421FD30021E4F7A0F96B
:105CD000618961B1049B01221A70A888CDE905236E
:105CE00005AAFFF797FE10B1636803B198470BB0A0
:105CF000F0BD31F8337001333A44D4E71322D4E7CE
:105D000031F8337001333A44D5E731F83370013359
:105D10003A44D8E7C188B4F86E01022300228842D1
:105D2000ADF80C30ADF80E201ED1A988D4F878015A
:105D300004AA13F064FC10B1636803B19847049A95
:105D4000002AD4D02B8A012BD1D1AB7C0BB1012BF3
:105D5000CDD18DF8143053702368002BC7D009952E
:105D600005A920469847C2E7608988421AD1A988C8
:105D7000D4F8780104AA13F042FC10B1636803B1AF
:105D80009847049A002AB2D02B8A012BAFD1AB7C62
:105D90001BB1012BABD1062100E005218DF81410B9
:105DA0001370D9E7B4F85201884208D142F6222391
:105DB00005932A4605A92046FFF70EFF97E7B4F89A
:105DC0004E01884204D142F62222059208220AE0BE
:105DD000B4F856318B420FD142F6322305930A2391
:105DE000ADF80C300122ADF80E20009205AA29462C
:105DF0002046FFF751FE7AE7B4F862318B4202D1B8
:105E000042F63323D4E7B4F85E318B4218D0A07C3D
:105E1000134604F10E060A27DAB2904217D80DF1A4
:105E20000E03009305AA03AB2046FFF76AFE002885
:105E30003FF45DAFBDF80E300093BDF80C30D5E7F0
:105E400042F6332305930B23ADF80C30BEE7013344
:105E500007FB03FC36F80CC08C45DDD142F64D2320
:105E6000ADF8143001238DF816308DF81720A0E717
:105E70000022ADF8102082790223012AADF80E30FD
:105E80007FF435AF01896089884204D129462046D4
:105E9000FFF7BFFE2BE7B4F84E01884204D142F66B
:105EA00022220592082209E0B4F856318B420ED125
:105EB00042F6322305930A23ADF80E30ADF81020D8
:105EC00000922A4605A92046FFF7AAFD0FE7B4F87D
:105ED0005E318B4206D142F6332305930B23ADF896
:105EE0000E30DFE704AB009305AA0DF10E03204648
:105EF000FFF707FE00283FF4FAAEBDF8103000931C
:105F0000BDF80E30DDE72DE9F04186B00C46BDF856
:105F1000308016461F46054600284FD0002B4DD036
:105F2000837C8B424CD94FF6FF7398454AD0ADF82D
:105F30000220D0F8780101AA414613F060FB90BB23
:105F4000019AD5F87C311332019201465FFA80FC48
:105F5000A4452BD301B1019233F83430B3422BD393
:105F6000324639460198E4F72BF80A2101FB045424
:105F70000023A28ACDF80B308DF80F30ADF8082041
:105F8000ADF80C3001220DF1020302A94046CDE923
:105F900004378DF80A20FFF73FFD20B9049B1B88CA
:105FA000B34218BF0C2006B0BDE8F08133F83010C2
:105FB00001300A440121C9E70C20F4E70E20F2E782
:105FC0000720F0E70820EEE7F0B50C4687B016464C
:105FD0001D460746A8B3A2B34FF6FF739D4232D0C9
:105FE000ADF80210D0F8780101AA294613F007FB9A
:105FF00028BB0198082C00F10200019003D822462A
:106000003146E3F7DDFF0023B7F84E21CDF80B3022
:106010008DF80F30ADF80820ADF80C3001220DF1ED
:10602000020302A92846CDE904368DF80A20FFF7BD
:10603000F3FC20B9049B1B88A34218BF0C2007B0B7
:10604000F0BD0E20FBE70820F9E7A8DF7047ADDFC1
:106050007047AEDF704762DF7047F0B505468BB022
:106060000C4600295CD000285AD00388502B32D02F
:10607000572B6CD0102B53D181886069002301AA63
:10608000019313F0BCFA02232189A888CDF80CD023
:1060900002AA0293FFF7DBFF002841D1A369002B7E
:1060A0003ED0039800F0B1FF002839D0019E0EB118
:1060B000012333701822002104A8E3F7A9FF02236B
:1060C0008DF81030AB88ADF81830A36905940796A9
:1060D00004A8984724E08188606902AA13F08FFA27
:1060E0001822002104A8E3F793FFAB882189ADF8BB
:1060F0001830EB88029A05949942079217D12E8A9C
:10610000022E14D162B105F1120000F07EFF029B55
:1061100040B101221A708DF81060A369002BD7D10D
:106120000BB0F0BD187003238DF81030F5E7A2898D
:106130009A42F5D1A369002BF2D000228DF81020ED
:1061400005F1120208922A8AADF82420C0E781885E
:10615000606902AA13F053FA01460028E0D1029FB9
:106160003B78002BDCD0A669002ED9D0182204A8D9
:10617000E3F74EFF01238DF81030AB880594ADF89E
:106180001830079704A8B047CAE70000F0B53A4BAB
:106190008FB002AD04460A4603F1100C2F46186872
:1061A00059682E4603C6083363453546F7D1002C9F
:1061B0005FD0002A5DD01368A36121463846FFF7FF
:1061C0004AFF002853D12246012512F8023B8DF8E0
:1061D000063001A92846ADF80450FFF736FF002825
:1061E00045D10146202206A8E3F712FF22460223EA
:1061F000ADF8183012F80C3B8DF81A30BDF8243089
:106200001E4E6088079623F44F6323F00F0343F478
:1062100040632B4306A9ADF824308DF829508DF842
:106220002A5000F0FAFE10BB0146202206A8E3F730
:10623000EFFE22460323ADF8183012F8043B8DF828
:106240001A30BDF824306088079623F4875323F072
:106250001F0343F480532B43ADF8243006A940F2CA
:1062600001138DF82950ADF82A3000F0D6FE0FB09A
:10627000F0BD0E20FBE700BF60AB0600F40001009C
:10628000F0B50F4687B016461C46054610B3406968
:1062900001AA194613F0B3F9D0B94FF6FF739C4227
:1062A0001AD0019BC3B11B78C3B13388F42B17D824
:1062B000AB88CDF80B008DF80F00ADF8083002A9BF
:1062C00001232046CDE904678DF80A30FFF7C1FEAF
:1062D00007B0F0BD0E20FBE70520F9E70820F7E73F
:1062E0000720F5E762DF70472DE9F0410C4686B0E4
:1062F00005461422002101A8E3F78AFE23782BBB70
:10630000A288012A22D1A1792A7891421ED194F83B
:10631000088022461E4618469C461F461946884558
:1063200017D8BCF1000F01D0ADF816701EB1ADF852
:106330001200ADF81430EB6843B16288ADF8062066
:1063400000228DF8042001A92846984706B0BDE830
:10635000F081B2F80EE0BEF1020F05D0BEF1030FDE
:1063600006D001311232DAE7D78A4FF0010CF8E794
:10637000D08A138B0126F4E7F0B5184B87B002AA38
:1063800004460D4603F1100C174618685968164666
:1063900003C6083363453246F7D1ECB1E5B1AB68CB
:1063A000D3B121463846FFF79DFF98B923788DF881
:1063B00006300123ADF804304FF6FF7363802B687D
:1063C000E3606B682361AB68A0802081636101A8F2
:1063D000FEF7F8F907B0F0BD0E20FBE78FAB060023
:1063E00010B5034686B0084649B343B349884FF613
:1063F000FF72914223D09C888C4220D119881129A8
:106400001FD039291BD18288CAB15989914216D12E
:10641000C268A2B101218DF8041003F11001DB89DB
:106420000391ADF8103001A990470B480B4B0C4974
:10643000C01AC008000440F0040006F087F806B057
:1064400010BDC368002BFAD002218DF804104280E1
:1064500001A99847F3E700BFE83207003032070090
:1064600070AB060050B141802AB15388C3801388B5
:10647000838093880381406901F004BB0E2070473C
:106480006DDF704779DF70477DDF704764DF7047ED
:106490002DE9F04F85B000250E9CBDF83CB0B4F856
:1064A00000A00191074690461E46A9463A884A45F3
:1064B0000DDC45B12388013BA3EB0A039BB2FF2B04
:1064C0003AD806F80A30002005B0BDE8F08F7A68A7
:1064D00052F82900039000220DF10B0103A8FFF7E9
:1064E000D5FF0028F0D19DF80B20424521D122880C
:1064F000002D14BF0020022002EB08010144594581
:106500001ADC3DB9013292B2019B2280B354228839
:106510000132228022880DF10B01324403A8FFF7DB
:10652000B5FF0028D0D121889DF80B200A44228095
:10653000012509F10109B9E70C20C5E72DE9F3416F
:10654000089FBDF824801546CDE900780222044654
:106550001E46FFF79DFF50B93346102229462046BC
:10656000CDE9087802B0BDE8F041FFF791BF02B075
:10657000BDE8F0812DE9F04F00231788138090F8D3
:106580002D3085B006460D4614465BB3082F01D862
:106590000C2028E102A8FFF773FF002840F02381B8
:1065A0002388DDF809100822EA54238801339BB2BE
:1065B0001B222380EA54238801339BB2EA182380EC
:1065C000E950BDF80D30938023889DF808200633EC
:1065D0009BB212F0FE0218BF01222380EA542388E6
:1065E00001332380B378FBB123880433BB42CFD877
:1065F00002A8FFF747FF002840F0F5802388032218
:10660000EA54238801339BB219222380EA54238859
:10661000BDF8082001339BB2E9182380EA54120A1E
:106620004A70238802332380F2789AB12388D91CD8
:10663000B942ADD80221E954238801339BB201212C
:106640002380E95423880B449BB22380EA54238897
:106650000B4423807268AAB12388D91CB94297D809
:10666000022192F90020E954238801339BB20A21C8
:106670002380E954238801339BB22380EA54238882
:10668000013323803389002B40F0A180338A5BB132
:10669000CDE900472B460722032106F11000FFF742
:1066A0004DFF002840F09F80338B5BB1CDE9004760
:1066B0002B461522142106F11800FFF73FFF002892
:1066C00040F09180326A002A40F09080D6F8248011
:1066D000B8F1000F30D0B8F804302188981C8A1C1B
:1066E0000244BA423FF654AFFE283FF651AF03339F
:1066F0006B54238801339BB2FF222380EA54238802
:1067000001339BB22380B8F80020EA54E918120A3A
:106710004A702088023080B22080B8F804205AB134
:10672000D8F8081000296BD02844E3F749FC2388E7
:10673000B8F804201344238096F82C30002B40F046
:106740009A80307800284ED03388012B58D0228888
:1067500002F1020CBC453FF61BAF012805D173784E
:10676000023313449F42FFF413AF023FBF1ABFB27C
:1067700002A905EB0C00ADF80870FFF785FE90BB91
:106780003178BDF80830022900F0BA8072789A4258
:1067900002D3BB4240F2B280012940F0B38097425D
:1067A00093B2C0F0AF80ADF808300821BDF80830D2
:1067B000FE2B3FF6EDAE22880133AB542288013226
:1067C00092B22280A9542288134423800BE0CDE9A1
:1067D00000472B460622022106F10800FFF7AEFE15
:1067E00000283FF453AF05B0BDE8F08FB4F800C007
:1067F0000CF10603BB423FF6CBAE1188052901D848
:106800000720F0E76FF4486E01EB0E039BB24FF2E6
:106810007D3E7345F4D95388052BF1D96FF4486058
:10682000181880B27045EBD94FF6FF70814203D043
:10683000834201D09942E3D8052305F80C30238820
:1068400001339BB212212380E954238801339BB288
:1068500023801188E954E818090A4170238802331B
:106860009BB223805288EA54E918120A4A7023889E
:10687000023323802AE7B36A002BC1D04FF000090E
:106880004FF00C0A4FF0160B96F82C305FFA89F295
:1068900093427FF656AFB16A0AFB02F201EB02089F
:1068A000B8F80430981CFE283FF672AE20880333F7
:1068B0002B54238801339BB2238005F803B023882F
:1068C00001339BB223808A5AEA54E918120A4A70AB
:1068D0002088023080B22080B8F804205AB1D8F85D
:1068E000081000298CD02844E3F76AFB2388B8F805
:1068F00004201344238009F10109C5E7092155E764
:10690000BB42FBD9ADF808704FE730B5C8B1F2B162
:106910000024651C8D4206DA1588A54212D8051997
:106920006D789D420ED1A14211D9005D48B1013868
:1069300080B230B10234A3B210FA84F4A14206DB73
:10694000138030BD055D01352C44A4B2E1E7002081
:10695000F7E713B513460022ADF806200DF1060245
:106960000446FFF7D2FF10B1BDF80630E01802B0C0
:1069700010BDF7B500230646ADF80630144612B92F
:10698000002003B0F0BD09230DF10602FFF7BDFFA3
:10699000BDF806700546002FF2D00028F0D0204642
:1069A000E4F782F8A8420246EAD1F11920461EF027
:1069B000E7FBB0FA80F04009E3E72DE9F04387B048
:1069C000002306460C461046ADF8063002AA1023F6
:1069D0000DF105018DF80530FFF758FD1EB90020B7
:1069E00007B0BDE8F0830028F9D19DF80550042DCB
:1069F0002BD0102D2BD0022DF2D10323BDF8062071
:106A00007AB90DF1060221463046FFF77EFFBDF848
:106A100006302BB92B460DF106023046FFF775FF05
:106A20000446BDF80670002FD9D09DF805800025DA
:106A3000C146AC42D3D9E819424602A930441EF0FF
:106A40009FFB38B14D44ADB2F3E70523D6E70625E9
:106A50000723D3E70120C3E775DF704776DF704770
:106A60007ADF70477BDF7047034B1A8882420CBF86
:106A700018460020704700BF182F0120024B9B6969
:106A800003B11847704700BFFC2E012073B585B2D3
:106A90002846FFF7E9FF044670B1164E027A337BB1
:106AA0009A420BD200F10A012846FFF7D5FFE8B160
:106AB000112801D0FFF7E2FF02B070BD002303727E
:106AC000337C43B13B212846FFF7C8FF30F0080371
:106AD00001D0FFF7D3FF7369002BEDD000228DF8B2
:106AE0000420ADF8065001A89847E5E7237A013362
:106AF0002372E1E7FC2E012037B50B46497A0F4A95
:106B000071B9D2E901141D7A0246002D18BF214641
:106B1000586806F0F8F908B1FFF7B0FF03B030BDD0
:106B2000002119725369002BF8D00122ADF806003C
:106B30008DF8042001A89847F0E700BFFC2E012043
:106B40004B8802889A4213D842889A4210D3808890
:106B50008A8840F2F313984294BF031AC31A9342EF
:106B600006D800F2F310904234BF00200120704795
:106B7000002070470388122B70B5014659D004D805
:106B8000102B1ED0112B44D070BD502BFCD12F4B9D
:106B9000C288DB899A42F7D1038A022BF4D1868816
:106BA0003046FFF761FF05460028EDD001F11200E5
:106BB00000F02BFA38BB686806F0BDF90028E3D076
:106BC00009E0C37B012BDFD14FF6FF70FFF74CFFCD
:106BD000054620B90420BDE87040FFF74FBF1C4AAE
:106BE0008E880680002303721368C0F80A30536849
:106BF000C0F80E3010310A30FFF7A2FF134B687255
:106C0000DB89002BC0D129463046BDE87040FFF734
:106C100073BF8088FFF728FF04460028B4D040687F
:106C200006F089F908B1FFF729FF4FF6FF732380BB
:106C3000AAE786883046FFF717FF05460028A3D04D
:106C400008310A30FFF77CFF6872DCE7FC2E012078
:106C50002C2F0120F8B5064648B305460FCD154F39
:106C60003C460FC495E8070084E807003068124CE2
:106C70003C60B0B1FFF7F4FEC0B93268136823601E
:106C8000536863600D480E4A4FF6FF7303800D4B47
:106C900040F8043F002106F02BF9002818BF03201C
:106CA00004E02046FFF7DEFE0028EBD0F8BD0E2002
:106CB000FCE700BFFC2E01202C2F0120182F012003
:106CC0008D6A0400382F0120F7B5174601900E4653
:106CD00091B1019C6CB100252C46294601A803F016
:106CE00072F918B13946A8B2B04701340135142DF4
:106CF000F3D1204603B0F0BD0C46FAE70AB103F029
:106D000041B903F056B973B50191019C06466CB1C7
:106D100000252C46294601A803F055F918B106EBC9
:106D2000440301349D800135142DF3D13046346085
:106D300002B070BD2DE9F04703888488103B8CB009
:106D400005460A2B21D8DFE803F006412020202049
:106D5000202020624600324EB368DB430093716806
:106D6000684603F0D3F8009901A8FFF7CCFF0DF1B6
:106D700008094FF00008019B984509D3132C15D939
:106D8000284AF0210420E2F797FC0CB0BDE8F08718
:106D900039F802AB00270137514606EB870003F0B4
:106DA00008F91E2FF7D108F10108E4E71E48214633
:106DB00003F0E8F81D48214603F0E4F8EB7B022BD2
:106DC000E3D11B48214603F0DDF8DEE716482146F3
:106DD00003F0EFF8D9E7027A16483F2A4FEA121576
:106DE000214694BF00220122FFF788FF022D94BFA5
:106DF0000022012210482146FFF780FF012D0F4895
:106E000094BF002201222146FFF778FFBDE7037AF5
:106E1000002BBAD1427A0748C2F3C0022146F3E7F9
:106E2000582F01209FAB0600602F01205C2F01200E
:106E3000642F0120702F01206C2F0120682F01206A
:106E40001328014602D8024803F0BDB8002070475D
:106E50005C2F012007B50190FFF7F2FF019930B1D7
:106E6000044803F0B0F8002814BF0220012003B04A
:106E70005DF804FB642F012007B50190FFF7E0FFE8
:106E8000019930B1044803F09EF8002814BF022095
:106E9000012003B05DF804FB602F012007B50190CD
:106EA000FFF7CEFF019928B1044803B05DF804EB69
:106EB00003F089B803B05DF804FB00BF682F012020
:106EC00007B50190FFF7BCFF019928B1044803B052
:106ED0005DF804EB03F077B803B05DF804FB00BF86
:106EE0006C2F012007B50190FFF7AAFF019928B187
:106EF000044803B05DF804EB03F065B803B05DF837
:106F000004FB00BF702F012010B50446FFF798FF67
:106F1000002814BF2046142010BD000008B5182119
:106F2000024803F059F8C0B208BD00BF582F012035
:106F300070B50A4E054630460C4603F044F858B189
:106F40002846FFF77DFF38B10734294606EB840059
:106F5000BDE8704003F037B8002070BD582F012005
:106F6000F8B50B4F054638460C46164603F02BF88D
:106F700060B12846FFF764FF40B107343246294626
:106F800007EB8400BDE8F840FFF7B8BEF8BD00BFCE
:106F9000582F0120034B9B680A4601461846FFF70D
:106FA00093BE00BF582F012073B50B4D01920446CC
:106FB0000E460146284603F006F850B1063405EBAC
:106FC0008404019A6068314602B0BDE87040FFF762
:106FD0007BBE02B070BD00BF582F0120AADF7047F2
:106FE000002301380B70042806D8DFE800F0030600
:106FF000080A0C0011230B7070472123FBE7312393
:10700000F9E71223F7E72223F5E7007800F0010003
:1070100070470078C0F340007047F0B58B7891B0AE
:107020000C46012B38BF012300278DF80E30054692
:107030000B88607CADF80C3069461646ADF80070E0
:107040008DF80270FFF7CCFFA07C0DF10101FFF776
:10705000C7FFE27B237B217D43EAC203227C43EA14
:1070600002139DF80220B94222F0190203F019031D
:1070700014BF02210121134361F342031C2239464C
:1070800009A88DF80230E2F7C3FF637B13F0300FDD
:1070900014D00DF10901E07CADF8087002AA8DF85A
:1070A0000A70FFF79DFF11238DF808309DF80A3014
:1070B0000E92012161F342038DF80A30637B8DF853
:1070C0002430A37B8DF825300023CDE906330893C7
:1070D00003AB0493A388ADF81C30A368CDF814D09B
:1070E0001BB1E288ADF818200893A36973B301A916
:1070F0000022ADF804208A701A88ADF82C205A8836
:10710000ADF82E205A680D91187B0A92FFF768FFA0
:10711000A3690DF10501587BFFF762FFA269917A1F
:10712000137A43EAC103D17A927B43EA01139DF8B3
:107130000610002A03F0190321F0190114BF0222DE
:1071400001220B4362F342038DF80630E36903B179
:107150000C93334604AA09A92846FFF73FFF11B054
:10716000F0BD90DF7047A5DF7047B5DF70470000C6
:107170007FB51E4B1E4CE41AE40824040E46034659
:107180000A4605461B4944F0040005F0ECF90023CB
:107190006A4602A92846ADF80860ADF80A60039374
:1071A0000093ADF80430FFF7DCFF0646D8B105F0D8
:1071B000E5FD44F0010403460F492A46204605F048
:1071C000D2F9BDF80020BDF8023052EA030103D025
:1071D0000A49204605F0C7F9BDF804201AB108494C
:1071E000204605F0B7F9304604B070BD30320700D4
:1071F0001033070049AC060078AC0600C2AC0600AC
:1072000001AD060030B5A8B14FF0F71303601B23A2
:107210008163037100F13001F72517240022C58036
:1072200004818272C2720373437308308842F6D1BC
:10723000002030BD0E20FCE730B1A1F11703E02B98
:1072400004D80180002070470E2070470720704747
:107250002DE9F04F8588052D87B006460C4627D8C6
:107260000388242B4FEAC50700F0F58023D8112BA3
:1072700000F0B580232B00F02A81102B67D03C440E
:10728000A37AABB1E1882846FFF76DFF002840F0F4
:1072900033810123A072E372A048A14BE288A14987
:1072A000C01AC00800042B4640F0040005F05BF94A
:1072B00007B0BDE8F08F3A2B00F09C80552BDED153
:1072C000974B964EB0F806809749F61AF6083604A2
:1072D00004EB070946F0040043462A46039005F0F4
:1072E00042F94246B9F806300398172A38BF1722E8
:1072F0009A4228BF1A46002189F80A10A9F80820E6
:107300008A49009505F039F9B9F806102846FFF7C3
:107310002CFF38B105F032FD8549024646F00100E8
:1073200005F018F999F80B30002BA8D1A36B002BAE
:10733000A5D040F67722ADF81020B9F80820ADF8B6
:107340001250ADF8142004A92046984797E701EBA6
:1073500007080B7988F80C30C37B012B27D0022B50
:1073600029D0B8F80620B8F80830934214D26C4BF4
:107370006A4E7049F61AF608360446F00409484683
:107380002B4605F0F0F8B8F806102846FFF7EBFE9C
:1073900098B9012388F80B3098F80C1098F80D3044
:1073A0008B42BFF46CAF2846FFF7E2FE67E70B881D
:1073B000A8F80630D5E74B88FAE7112808D1012351
:1073C0005D4988F80A302A46484605F0C3F8E3E7E5
:1073D00005F0D4FC5949024646F00100F5E7CB1907
:1073E000F722DA8017221A8100225A8141F61B32D5
:1073F0009A8144E701EB07084289B8F8063047480C
:107400004F499A4228BF1A46454BC01A172A4FEADD
:10741000D00038BF172200042B46A8F8082040F0FF
:10742000040005F0A0F8A36B7BB198F80B2062B1C3
:1074300040F67722ADF81020B8F80820ADF81250C9
:10744000ADF8142004A920469847002388F80B3093
:1074500088F80A3013E7B0F808A0B0F80AB0B0F81E
:107460000C80B0F80E90027A2D4B2C48C01ACE1921
:10747000C00800042B4640F00400324972730390A8
:1074800005F071F8304903985A4605F063F82F4922
:107490000398524605F05EF82D4903984A4605F0D8
:1074A00059F82C490398424605F054F8A36B002B79
:1074B0003FF4E5AE00228DF815204DF67A22ADF8A6
:1074C0001020727BADF812508DF814203BE790F835
:1074D0000880134B11482049C01AC00800044346D5
:1074E00040F004002A4605F03EF8E319B088197B05
:1074F000414528BF414657E711283FF4D9AE05F072
:107500003DFC064B0D49024605481B1ADB081B04CF
:1075100043F0010005F01EF8CAE600BF1033070073
:1075200030320700AAAF060052AE06008CAE06004D
:10753000CBAE060057AD060094AD0600E6AD0600E2
:1075400017AE0600FAAE060029AF06003BAF0600F4
:107550004DAF06005DAF06006DAF06009BDF7047C4
:107560009DDF70479EDF7047A1DF7047A3DF704744
:10757000AEDF704730B5048800239AB2944206D932
:10758000456835F813508D4203F10103F5D11046DB
:1075900030BD00008B6910B50C46198810291DD824
:1075A000023105F00EF96060D0B1A169002302221A
:1075B00005F049F9A269E16912886068022305F0C3
:1075C00042F9084B084862680849C01AC00800041C
:1075D00040F0040004F0BEFF002010BD0920FCE7CD
:1075E0000420FAE73032070018330700FCAF06002A
:1075F00010B50C46C98A102915D805F0E2F860606C
:1076000098B1E28AA169002305F01DF9084B0948E9
:1076100062680949C01AC008000440F0040004F080
:1076200099FF002010BD0920FCE70420FAE700BF05
:107630003032070018330700FCAF06002DE9F04395
:107640008BB006460022C068204CDFF88C80DFF843
:107650008C900DF1060105F051FA1D4BE41AE40877
:107660002404054644F0040415B10BB0BDE8F083D2
:10767000BDF806204146204604F06CFFBDF80670B8
:10768000B368142202FB073702A92A46384605F0E0
:1076900035FA104D38B1F06800220DF1060105F001
:1076A0002DFA0546E0E79DF8083059F823303BB144
:1076B000039805F070F8039A2946204604F04AFF23
:1076C000002202A9384605F019FAE3E7183307004B
:1076D0003032070045B0060023B0060070B3060044
:1076E0007FB50646124C1348241A1546E408327832
:1076F0000B4620043DB9104940F0040004B0BDE839
:10770000704004F030BF039100950C4940F0010037
:1077100004F033FFB46844B1039BF1681A4628466D
:10772000234604B0BDE87040184704B070BD00BFE8
:10773000183307003032070068B00600A3B0060017
:107740002DE9F041524B534FFF1AFF083F0447F019
:1077500004068EB080460D4630464F4904F0F6FED2
:10776000012206A9404605F0C9F90446D8B99DF89A
:107770001830052B00F28680DFE803F00318293566
:107780003E474649304604F0E1FEBDF82A20BDF8E8
:1077900028102846FFF7E8FE0446112C59D140492D
:1077A000304604F0D3FE0EB0BDE8F08102A9BDF86A
:1077B0002E2007980C91002305F04FF830463949E8
:1077C00004F0C4FE0AA92846FFF7D0FEE4E73046DD
:1077D000354904F0BBFEBDF828100DF12A022846F9
:1077E000FFF7BCFED8E73046304904F0AFFE0AA9E7
:1077F0002846FFF7B5FECFE730462D4904F0A6FE38
:107800000AA92846FFF7AEFEC6E70DF1060402AB53
:10781000214607980D930222002305F01EF8BDF8BB
:1078200006200D9907980C94022305F016F82149BB
:10783000BDF80670304604F089FE0AA92846FFF715
:1078400097FE04460028A8D1BDF80630BB4218BFF9
:107850000C249DF81820184B53F822303BB10798A0
:1078600004F099FF079A1549304604F073FE06A903
:107870000022404605F042F92246294606A8FFF7B5
:107880002FFF90E70E4947F0020004F05FFEE0E7AB
:107890003032070018330700EDB006000DB10600C6
:1078A000DAB1060020B1060034B106005CB1060072
:1078B00083B10600B5B1060070B3060045B00600FE
:1078C000BFB106002DE9F047614B1546614AA3EBB5
:1078D00002094FEAD9094FEA094949F00407064667
:1078E0000C4638465C4904F031FE26B94FF00E09CB
:1078F0004846BDE8F087002CF8D03046FFF79EFEE2
:107900002378052B00F2A08029463046FFF732FE8F
:107910003388834200F098804FF0140808FB00F889
:10792000B068404405F0E3F8B0B12378052B6CD87B
:10793000DFE803F00327313C46504849384604F05D
:1079400005FE628A218A2846FFF70EFE112854D1CF
:107950004349384604F0FAFD424A237852F823306E
:107960009246002B58D1B0682146404405F023F8D8
:10797000814600285AD1B06829464044FFF7E0FE0E
:10798000B6E73846384904F0E1FD04F11001284615
:10799000FFF7ECFDDAE73846344904F0D7FD218AD9
:1079A00004F112022846FFF7D9FDCFE738463049E7
:1079B00004F0CCFD04F110012846FFF7D1FDC5E726
:1079C00038462C4904F0C2FD04F110012846FFF7A7
:1079D000C9FDBBE7A3692849B3F80090384604F015
:1079E000B5FD04F110012846FFF7C2FD0028ADD116
:1079F000A3691B884B4518BF0C2002462946204628
:107A0000FFF76EFE4FF0000972E749F002001B49D4
:107A100004F09CFD0020F0E7306900283FF466AFD9
:107A200021469847814600289DD061E723785AF87F
:107A30002330002B9FD0606804F0ADFE62681049CF
:107A4000384604F087FD96E74FF0070950E700BF7E
:107A5000183307003032070044B206000DB10600AB
:107A6000D7B2060070B3060020B1060065B206006A
:107A70005CB106008EB20600B6B20600BFB10600C9
:107A800045B00600F8B50D46044600283AD0FFF789
:107A9000D5FD29462046FFF76DFD238883422FD16F
:107AA000194B1A481A49C01AC008000440F00400D3
:107AB0002A4604F04FFD218800234FF6FF709AB24A
:107AC000914203D8206904F064FE06E0626832F84F
:107AD0001320824203F10103F1D0208800234FF6E6
:107AE000FF769AB2824201D30420F8BD61685A0041
:107AF00001EB43078A5AB24203F10103F1D13D8001
:107B00000020F2E70E20F0E73032070018330700BC
:107B10003DB3060037B50C4608B301B30588112DF7
:107B200015D181882046FFF725FD2388ADF8060092
:107B3000834214D0112D14D163684FF6FF7223F8DD
:107B400010200DF10601E06804F035FF07E0A5F113
:107B500030031F2BE5D9A5F150031F2BE1D903B04A
:107B600030BDA368142202FB0030FFF7E9FDF6E701
:107B7000B0DF704766DF704710B5002104464088CB
:107B8000FFF7F8FF034608B9237210BD112801D191
:107B90000123F9E76368BDE81040184728B103786E
:107BA000DE2B04D14180002070470E207047082052
:107BB0007047F0B5054685B00C46F1B1E8B10B78D9
:107BC000DE2B1AD182884B889A4204D10B7A13B1EA
:107BD0000846FFF7D1FF2B88112B32D0512B0ED046
:107BE000012B0AD12B7A012B07D1A98862889142F7
:107BF00003D123722046FFF7BFFF05B0F0BDAE886A
:107C00006388B342F9D1AF79022FF6D1AD7B2B1F38
:107C1000022BF2D8002110226846E2F7F9F9052D6F
:107C200014BF4FF4C0730023694630468DF80070CE
:107C3000ADF80430FFF79CFF0028DED0636898475A
:107C4000DBE76388AA889A4204BF4FF6FF7363801C
:107C5000D3E78ADF70478BDF70478CDF7047000007
:107C600030B590F8343089B004460D465BB390F8D7
:107C70003E300193FFF7EFFF1422002103A8E2F743
:107C8000C7F904F13602019B04F14001A81CFFF77B
:107C9000E4FF0E4B0E4905460E481B1ADB081B0479
:107CA00043F00400019004F051FC05230A490198B7
:107CB0008DF80C302A46049504F04CFC1DB1236D60
:107CC0000BB103A8984709B030BD00BFF0320700E0
:107CD00088B306003032070093B3060090F84000E6
:107CE000C0F3C0007047FFF7B6BFF8B50D460446B5
:107CF000002856D0026500213422E2F789F9002DD0
:107D00003BD02B7984F834302B7B84F83E302B68C1
:107D100003B304F1400203F10807186859681646D6
:107D200003C60833BB423246F7D1186830609B88DF
:107D3000B380AA68CAB11368C4F836305368C4F86F
:107D40003A3004F15403C4F85431FF23A4F85831F5
:107D50000020F8BD236C03F0E30343F4200343F455
:107D60008273236450236364E3E70623E3861823C6
:107D7000A3634FF4C873A387E3E7236C84F83450FC
:107D800003F0E30343F4200343F48273236450239A
:107D900063640623E3861823A3634FF4C873A387A1
:107DA000CFE70E20D5E700002DE9F04F80468FB0D9
:107DB00038F8082B1B2A06460C4600F0E7801D2ADF
:107DC00015D0102A31D1002109A8E2F721F90623A4
:107DD0008DF82430B388ADF82C3004F140030D93B6
:107DE000236DCDF82880002B40F0EF801DE010229D
:107DF000002109A8E2F70CF904F1400320460D9395
:107E0000FFF76CFF04F5AA7B90B102238DF82430B4
:107E100009A8236DCDF82880984759460020FFF720
:107E200018FF41462046FFF71BFF0FB0BDE8F08F5B
:107E300094F83230029394F82A9094F82130019308
:107E400094F831300393B9F1000F47D094F829A08A
:107E500004F12207054606F10B01EAB252452CD384
:107E60004FF000094D460127019B4BB194F820A02B
:107E7000B18C0137FFB2224604EB4A1A524530D189
:107E8000039B002B5ED094F83230019394F830308D
:107E90000493049AB18C013704EB8202FFB22346AB
:107EA00005924FF0000A059A9A422ED1019B002BB1
:107EB0003BD0049B534545D13AE0B27A387852081A
:107EC000B2EB500F07D10622781C04911DF058F92F
:107ED000049900287CD001350737BEE74D464F4650
:107EE000C2E7306A04920191FEF743FD049A0199BA
:107EF00020320028C2D09DF82C30013543F0010318
:107F0000EDB28DF82C308146BAE703F12C02306ACD
:107F1000CDE90613FEF751FDDDE9061340B3019AE2
:107F20000AF1010A5FFA8AFA2ABBBAF1000F09D0F6
:107F30009DF82C30DDF80C90013543F00403EDB2D0
:107F40008DF82C30029BCDF82880B3B1AF4219D107
:107F50000023414620468DF82430FFF781FE236D33
:107F60000BB109A8984759460020FFF772FE5CE75D
:107F7000019A002A9DD1043395E7B9F1000F01D091
:107F8000029BE6E703238DF82430E8E71422002162
:107F900009A8E2F73DF8337A012B7FF446AF104B86
:107FA00010481149C01AC008000440F0040004F051
:107FB000CDFA236D002B3FF438AF04228DF8242036
:107FC0004034327A0D948DF8282009A898472CE780
:107FD0009DF82C3043F002038DF82C30012542E748
:107FE00030320700F0320700A9B3060081DF704786
:107FF00084DF704773B5402322490193002291F832
:108000008133002B3BD10132062A01F56171F6D193
:108010001D4A1E4E137033701D4D1E4B1E49ED1A26
:10802000ED082D0445F0040004F090FA1B4B1C4AA7
:108030001C491D4802F02AFB044640B11B49024678
:1080400045F0010004F086FA204602B070BD1849E0
:10805000124801AA02F076FB044610B11549024607
:10806000EEE7134A0F484023114602F08DFB044609
:1080700010B111490246E3E701233370E4E711240C
:10808000E2E700BF40370120F8360120D436012056
:108090002033070030320700C7B30600904F01209D
:1080A000584C0120B4C4060088330120DFB3060019
:1080B0000037012017B406004FB4060013B541F293
:1080C000185200211348E1F7A3FF02F0C7FB124B3F
:1080D000124A9B1ADB081B04044690B943F00400C3
:1080E0000F49019004F032FA0E49019804F02EFA7B
:1080F0000D4B1C700D4B1C7002B0BDE81040FFF71B
:1081000079BF02460A4943F0010004F023FA2046F1
:1081100002B010BD40370120203307003032070085
:10812000AEB40600C6B40600D42F0120D436012018
:1081300087B40600084B10B51C785CB90748084B9B
:1081400008491B1ADB081B0443F0010004F0FEF988
:10815000204610BD0448FCE7D43601203032070029
:1081600020330700E0B40600003701202DE9F04F6E
:108170002B4B1D7885B0002D50D12A4C2A4B2B4E0D
:10818000DFF8C4A02A4FE41AE408240444F00209EA
:1081900044F0030496F880331FFA85FB43B9013598
:1081A000062D06F56176F5D1002005B0BDE8F08F0B
:1081B000204B1B784FF02008CDF80C8063B396F865
:1081C000813303B303AB00931B491C483B46324643
:1081D00002F0FCFAB8B91649194843463A4602F08B
:1081E000D3FA40B9174920462A4604F0B3F9394674
:1081F0005846FFF7FBFE002386F8803386F881336C
:108200000028CCD0D1E75146484604F09FF9202100
:10821000384602F043FCE4E70320ECE70320C4E720
:10822000D42F0120203307003032070040370120CF
:10823000D8360120D4360120584C0120FC2F0120D3
:10824000B4C4060022B5060059B506002DE9F04178
:1082500003888788112B92B0054604D0182B09D0CB
:1082600012B0BDE8F0814FF46170304B78430022CA
:10827000C252F5E72E4B2F4C2F49E41AE408240490
:1082800044F0040004F062F92B7BDB071AD52B4B7A
:108290002B491B78002B2B4B1A6808BF002122B1F9
:1082A000384601919047019902463846FFF7A0FEF3
:1082B000024638B1244944F0010004F04BF9234B45
:1082C00001221A70A9682248402302AA02F05CFA2F
:1082D000064648B102461F4944F0010004F03AF94D
:1082E0001A4B01221A70BBE7DFF8708018484FF470
:1082F000617505FB078502AA4023294602F0FEF9B5
:10830000024670B1144944F0010004F023F985F8E5
:1083100081634FF4617000FB0780012380F8803394
:108320009EE7012385F88133F3E700BFC03A0120BF
:1083300030320700203307008BB50600F8360120E5
:10834000D52F0120FC360120AAB50600D42F01202C
:10835000B4C406004FB40600DEB506004037012065
:10836000F8B5074D074E074600243378A34200DCDA
:10837000F8BD55F8043B384698470134F5E700BF8F
:108380001853012027530120074B1B7810B50446D2
:108390004BB112F0A9F8204601F046FD2046BDE899
:1083A000104011F031BC10BD2653012008B1FFF779
:1083B000D7BF7047FFF7D4BFFFF7D2BFFFF7D0BFDB
:1083C00010B512F0E1F980B104F0D8FC304C314A1C
:1083D000314903463148241AE408240444F00100DA
:1083E00004F0C1F80323184610BD12F059FC50B137
:1083F00004F0C4FC264C274A294903462748241A7E
:10840000E4082404EAE701F0DFFC50B104F0B6FC14
:108410001F4C204A234903462048241AE408240418
:10842000DCE700F053FF50B104F0A8FC184C194AE7
:108430001D4903461948241AE4082404CEE711F024
:1084400045FB50B104F09AFC114C124A17490346FF
:108450001248241AE4082404C0E711F017FD03466B
:1084600050B104F08BFC0A4C0A4A114903460B48F0
:10847000241AE4082404B1E70E4A4FF6FF71118074
:108480000D4A10600D4A10700D4A01211170AAE7C3
:108490004833070008B8060025B60600303207004A
:1084A0004FB6060079B60600A2B60600CCB60600A6
:1084B000F6B60600245301202C5301202853012036
:1084C00026530120084B1B7853B1084A1378022B1E
:1084D00008D8074941F82300013313700020704782
:1084E000082070470420704726530120275301209D
:1084F00018530120034B1B780BB101F0B3BC0820CB
:10850000704700BF2653012008B5054B1B782BB1DF
:1085100001F0C8FC082808BF112008BD0820FCE7AE
:108520002653012009B101F0BBBC7047034B1B78F7
:108530000BB111F03BBF0820704700BF265301204C
:10854000034B1B780BB101F080BB0820704700BFC4
:1085500026530120084B1B7810B504464BB120462A
:1085600012F039FA044612F034FA0028F7D1204606
:1085700010BD4FF6FF74FAE7265301202DE9F04FA6
:108580001E46484B2DED028B93F8009089B0834630
:1085900088461446B9F1000F78D0002978D0002819
:1085A00076D00B680193002B74D0072E72D84FF64B
:1085B000FF770025BA420D6005D11046FFF7CAFFCC
:1085C000B842044660D006F001030025029306F08D
:1085D00002030393CDE9045504ABCDE9065508EE3B
:1085E000103A06F0040A06F00306002E54D00023C9
:1085F00006AA07212046079312F012F9052818D081
:1086000038BB0746029B2BB1079B5B7C13F0FC0F2A
:1086100018BF4F46039B73B1079B5A1C113312F8C6
:10862000011B41B99A42FAD1BAF1000F22D04F464C
:1086300004E04F46E6E7BAF1000F13D0002318EE2E
:10864000102A09212046059312F0EAF8052805D0E2
:1086500028B109B0BDEC028BBDE8F08F4F46059BF9
:108660001B683BB137B9019A2BF815406B1C9A4235
:108670001D4607D92046FFF76DFF4FF6FF7398425E
:108680000446B2D1C8F800500020E2E70820E0E735
:108690000E20DEE70720DCE7BAF1000FE3D0374613
:1086A000CCE700BF26530120034B1B780BB111F020
:1086B00069BE0820704700BF2653012070B5234BC8
:1086C0001B7888B0002B3ED0214E01234FF6FF705F
:1086D000337012F080F94FF6FF739842044616D0BB
:1086E0001E462046FFF7E0FF054628B304F046FB90
:1086F000184D194A19490094034619482D1AED08D6
:108700002D0445F0010003F038FF032511E000259A
:108710001422294603A83570E1F77AFC0C230DEBEF
:1087200003008DF80C30ADF81040ADF80E40FFF7A7
:1087300017FE284608B070BD204612F04CF9B04232
:108740000446CED1F5E70825F3E700BF2653012004
:10875000145301204833070010B8060021B7060063
:10876000303207002DE9F04F87B081460193334B3B
:108770001B7888461646002B5ED04FF6FF7012F02D
:108780002AF900250423CDE9025302AB059304AA7C
:1087900003AB06210446049512F042F8072849D09D
:1087A0004FF6FF77BB464FF0FF3AF0B1052825D0D2
:1087B0004FF6FF739C422DD1A34529D0A7420CBF91
:1087C00005200020B9F1000F01D0A9F800B0B8F1E0
:1087D000000F01D0C8F8005006B13780019B0BB1E3
:1087E000C3F800A007B0BDE8F08F029BAB4224BFE6
:1087F000A3461D4653453CBF27469A46204612F0E5
:10880000EAF803AB04AA0621044612F009F8CCE703
:108810000520D7E704F0B2FA094D0A4902460A4892
:108820002D1AED082D0445F00100234603F09BFEB0
:108830000320D7E70520D5E70820D3E726530120FA
:108840004833070069B706003032070038B50C4CD2
:108850000C4D00231A4621462846FFF783FF0528C2
:108860000AD14FF6FF732B8000232360431F584229
:108870005841054B187038BD0028F7D10120F8E7A2
:10888000105301202453012028530120F0B5044641
:1088900087B0808811F008FD23786080083B032BA7
:1088A00020D8DFE803F002213166637A5BB93F4AE2
:1088B000116851B1E068814207D113603C4AA18838
:1088C0001180E3600EE0012B0CD13A4B1B784BB1C9
:1088D000374BA2881B889A4204D1237A062B01D1F8
:1088E000FFF7B4FF20465DE0637A002BFAD12F4AF0
:1088F00011680029F6D0E0688142F3D12E49136057
:108900000A68013A0A60DCE72C4F3B7873B901250D
:10891000284B1B7833B1264BA2881B889A4201D181
:10892000FFF794FF002DDDD107B0F0BD4FF6FF70CB
:1089300012F051F84FF6FF7398420546E7D112F056
:108940004CF8A8420646E2D100251422294601A887
:108950003D70E1F75DFB0C2320468DF80430ADF847
:108960000860ADF80660FFF7FBFC01A8FFF7F8FC14
:10897000CEE7124B1A78002AB4D00021142201A8A5
:108980001970E1F745FB0D238DF804304FF6FF73A6
:10899000ADF80830ADF806302046A3680393FFF722
:1089A000DFFC01A8FFF7DCFCBEE700BF2C53012071
:1089B0002453012028530120105301201453012077
:1089C0002DE9F041374B1B7888B00546002B64D069
:1089D000354B364C93E80300237801AF87E803005A
:1089E00043B1334B1C68984654B11124204608B05B
:1089F000BDE8F081FFF72AFF2378002BF5D0F0E7E0
:108A00002C4A2D4E12883368AA421DD1F3B114228C
:108A1000214603A8E1F7FCFA082328468DF80C301C
:108A200011F042FC0623ADF814309DF81C30ADF86F
:108A30000E0064F3000303A8ADF8105006948DF8FF
:108A40001C30FFF78DFCD1E75A1C28D00133184A9F
:108A500033603946284611F04FFF04460028C5D040
:108A60000023C8F800303368112803F1FF33336066
:108A7000BBD08628BAD00728B8D004F07FF90F4CB5
:108A80000F4902460F48241AE408240444F0010068
:108A90002B4603F068FD0324A8E70824A6E7132467
:108AA000A4E700BF2653012000B806002853012088
:108AB0002C53012024530120105301204833070078
:108AC000B1B706003032070076DF704773B5054650
:108AD00079B901A9FFF734FD43F20202904204D0B4
:108AE00018B1264AB121E0F7E7FD9DF804309B0755
:108AF00023D400212846FFF707FD0646E8B11128D8
:108B00001BD01F4C1F4BE41AE4080D284FEA044405
:108B100015D144F002041C4920462A4603F01AFDF0
:108B200013212846FFF7D0FF38B104F027F9174981
:108B300002462B46204603F016FD02B070BD0B28FE
:108B400006D113492A4644F0020003F003FDF4E77E
:108B500043F20203984202D10E492A46F3E704F099
:108B60000DF90D4902462B4644F0010003F0FBFCD1
:108B7000024AE0213046E0F79FFDDEE720B806001C
:108B80006033070030320700D6B8060047B9060048
:108B90007EB90600DCB9060026BA06002DE9F041D0
:108BA000037886B00446142B49D8DFE813F015008B
:108BB00048003A004800480048004B004800AF0019
:108BC0004800AF00480048004800480048004800FE
:108BD00048004800B300D9008088FFF7F1FE8628DE
:108BE00001D0112811D16549654A0B68A08822F887
:108BF000130001335A4202F0070203F0070358BF83
:108C000053420B6000F0D2F819E0132803D85D4BF3
:108C1000C340DB0713D45C4A40F25B11E0F74CFD24
:108C20000DE0037A012B0AD884881422002101A8C0
:108C3000E1F7EEF901A8ADF80840FFF7AFFF06B085
:108C4000BDE8F081514E3378002BF8D1504B514D97
:108C5000514F5249ED1AED082D0445F003084046E6
:108C600003F074FC3B78002B42D101A802F018FEFF
:108C7000044620B1444A4FF4C071E0F71DFDBDF831
:108C80000A30002B14BF012200223A702ED101AA13
:108C900019461846FFF766FD044690B9BDF8042052
:108CA0003F49404603F056FCBDF80400FFF7FCFCCA
:108CB000044620B1344A40F28B11E0F7FDFC012359
:108CC0003B70052C05D1374945F0010003F03EFC0F
:108CD000B5E7062C03D1344945F00200F6E73CB174
:108CE000294A4FF4CC712046E0F7E6FC002CA6D1CF
:108CF00002F080FD10B901233370A0E748F207624B
:108D000090429CD0204A40F2A51187E7224B0122D5
:108D10001A7094E71D4B1A4D00241C701E4B1C70DA
:108D2000164B1F684FF6FF76E3195A4202F007020E
:108D300003F0070358BF534235F81380B0450BD0FA
:108D40001422002101A825F81360E1F761F901A8B8
:108D5000ADF80880FFF722FF0134082CE4D16EE75C
:108D60000A4B00221A70836848F20D6293423FF466
:108D700049AFB3F5064F7FF462AF43E734530120A8
:108D8000C2C60020C100080020B8060030530120F0
:108D90003032070060330700C0C6002061BA060009
:108DA0007CBA0600A6BA0600C4BA06007FB5142233
:108DB000002101A8E1F72CF9062301A88DF8043061
:108DC000FFF7ECFE07B05DF804FB000030B5027859
:108DD00085B00446142A00F2E680DFE812F02B008A
:108DE0002B0015002D002B002B00460053006000C7
:108DF0007B009600A400B800C1002B00CC002B0023
:108E00002B002B002B00D70040886B4DFEF722F87B
:108E10006A4B227A6A49ED1A6A4BED0853F8223000
:108E2000694A00932D0452F82020638845F003001E
:108E300003F0A3FB05B030BD40885F4DFEF70AF894
:108E40005E4B6249ED1A63890193227A5D4B53F8B8
:108E5000223000935C4A638852F82020ED082D04EC
:108E600045F0030003F095FBE4E75348534B5849A2
:108E7000C01AC008000440F0020005B0BDE8304050
:108E800003F064BB806803F079FF4B4B5149024605
:108E90004A481B1ADB081B0443F001003EE0474B25
:108EA0004548617A4C4D227AC01A4C4B53F8211038
:108EB000237C13F0010F4A4B18BF2B46CDE900135A
:108EC000C008484B484953F82230A288000440F0BB
:108ED0000300C7E7017A434B828853F82130407A78
:108EE0003E49039251F8205020690293324C03F01E
:108EF00045FF3249641AE4082404CDE90050DDE955
:108F000002323A4944F00200ACE72B482B4BA288CE
:108F10003749C01AC008000440F0010005B0BDE8A0
:108F2000304003F017BB82888068029203F026FF6E
:108F3000214C029A2F4903462048241AE4082404AD
:108F400044F0010005B0BDE8304003F00CBB1A4806
:108F50001A4B2949C01AC008000440F003008CE7EE
:108F6000806803F00BFF144B2449024613481B1A78
:108F7000DB081B0490E7114B0F4862882049C01A98
:108F8000C0080004A38840F00200DBE7806803F01B
:108F9000F5FE094B1B49024608481B1ADB081B0457
:108FA00043F00200BAE70448044B1749C01AC0084E
:108FB000000440F00200B1E76033070030320700E0
:108FC00003BB0600CCBE0600C0BE060040BB0600C8
:108FD00092BB0600A8BB06003F95060090BE0600A7
:108FE000D3BB060098BE0600DFBB060022BC06000D
:108FF0006CBC060093BC0600C0BC0600D3BC0600D7
:10900000F7BC060033BD060062BD060010B504467D
:10901000FFF7DCFE217821B96088BDE81040FFF73A
:1090200055BD072912D10A480A4B0B491B1ADB0808
:109030001B0443F0010003F089FAA06830B1BDE8D9
:109040001040064A4FF49371E0F736BB10BD00BFE5
:10905000303207006033070080BD060020B80600EC
:1090600010B50378032B04461DD10F480F4B6288BF
:109070000F491B1ADB081B0443F0020003F06AFAD5
:1090800060881321FFF720FD43F20202904203465D
:1090900009D033F0080306D0BDE81040054A4FF46C
:1090A0001D71E0F709BB10BD3032070060330700C7
:1090B00029B9060020B806000388102B03D1808848
:1090C0000021FFF703BD70477EDF70477FDF7047E9
:1090D00085DF704786DF704710B50378182B04468C
:1090E00002D1FDF71BFF207010BD10B5044640886B
:1090F00011F0ACF8A0802046BDE8104000F00ABE98
:1091000010B586B004461422002101A8E0F780FFC4
:1091100004230DEB03008DF80430ADF80640FFF793
:10912000E4FF06B010BD30B587B005460C461422EA
:10913000002101A8E0F76CFF072301A88DF8043097
:10914000ADF806500394FFF7D0FF07B030BD000024
:10915000F0B587B004460F4616460021142201A838
:109160001D46E0F755FF03238DF80430094BADF899
:10917000064019788DF80C7000222046ADF80E607C
:109180008DF81050FDF7ECFE01A8FFF7AEFF07B019
:10919000F0BD00BFD3C600207FB502238DF8043098
:1091A0000388ADF8063043798DF80D1013F0040FE5
:1091B00014BF0123022301A88DF80C30FFF795FF9F
:1091C00007B05DF804FB000070B5154B0E4686B085
:1091D00014460A4619780546FDF7C2FEF6B1114B52
:1091E000221E197818BF01222846FDF7B9FE631E1A
:1091F0005A425A410C4B28461978FDF7B1FE142209
:10920000002101A8E0F704FF012301A88DF8043034
:10921000ADF806508DF80C40FFF767FF06B070BD43
:10922000D3C60020D5C60020D4C600202DE9F047C3
:109230001D4B0F46197804469046FDF779FE01460E
:1092400078B31A4B20461978FDF772FE002804F512
:1092500080704FF0070180B214BF4FF001094FF04A
:10926000020911F0DBFD064698B1052811D003F084
:1092700085FD0F4D0F4902460F482D1AED082D04AC
:1092800045F00100234603F06EF931462046FFF712
:109290004AFF43463A4649462046BDE8F047FFF7B5
:1092A00057BF43463A46F7E7D5C60020D4C600204C
:1092B00088330700D8BE060030320700024B0A7818
:1092C0001978FDF74DBE00BFD2C60020F8B5154F86
:1092D000154E164D164C3846FFF7FEFE3046FFF78A
:1092E000FBFE2846FFF7F8FE2046FFF7F5FE3B7829
:1092F000182B08D03378182B05D02B78182B02D0D8
:109300002378182B0BD10B4B0B480C49C01AC00803
:10931000000440F0010003F019F90320F8BD00201B
:10932000FCE700BFD3C60020D5C60020D4C600206D
:10933000D2C60020303207008833070041BF060044
:109340002DE9F0418AB00D4690460446FDF782FDB6
:1093500020220646002102A8E0F75AFE012E08D17D
:10936000424B002219782046FDF7FAFD35B98527D2
:1093700016E0002EFAD143F202014AE0204610F036
:1093800065FF4FF6FF73984212D100272B78DB0759
:1093900022D4374BCDF814800993012E18BF002535
:1093A000394602AB2A462046FFF790FE014630E0E0
:1093B000012EEAD12D4F20463978FDF7B9FD00285E
:1093C000E3D12046FFF79CFE39782046FDF7B0FD3B
:1093D0000028DAD18527D9E7852FDED004F5807003
:1093E00007216B46012280B211F0A6FC112801462C
:1093F0000FD090B103F0C2FC1E4D1F4902461F481A
:109400002D1AED082D04234645F0010003F0ABF8BA
:10941000032108460AB0BDE8F08101985022E0F728
:10942000F7FD01990B46204603F8346B029301F1D6
:10943000180306934B1C079311310D4BCDF8148084
:10944000099310F015FF0028A7D003F097FC094DF1
:109450000B49024609482D1AED082D04234645F014
:10946000020003F080F80821D3E700BFD2C6002035
:109470003853012088330700B0BF060030320700A0
:1094800012C00600F0B585B005460E461446FDF73D
:10949000E1FC012866D0022868D156B93146284639
:1094A000FFF712FE0428044600D11124204605B01F
:1094B000F0BD324B224619782846FDF751FD28466B
:1094C00010F0C4FE4FF6FF73984207463BD0002CC5
:1094D00039D102AA072111F02BFC0446002848D1FB
:1094E000039991F84430DB0721D501F1340446316A
:1094F00022462846FFF7ECFD044610E0112C0ED062
:1095000003F03CFC1E4C1F4902461F48241AE40885
:10951000240444F001003B4603F025F80324002214
:10952000B4FA84F149092846FFF74EFEBEE701F17F
:1095300018042A310846019110F0D8FE019900283C
:10954000D6D10B24EBE731462846FFF7BDFD327834
:1095500002F00102C2F10202042814BF04461124E1
:10956000D2B2DDE7002E99D134469FE743F20204E0
:109570009CE70528C2D11124D1E700BFD2C6002044
:109580008833070060C00600303207002DE9F0473D
:109590000388113B8CB004460D2B70D8DFE813F024
:1095A0000E006F00230044006F006F006F006F001B
:1095B000C70076016F006F006F00B100037A8488E6
:1095C0003D2BBC4B2046197841F23D0518BF4FF4A6
:1095D0008855FDF7ADFC002851D0002229462046D1
:1095E000FFF724FE4BE08088FDF734FC012801469C
:1095F00008D1227AA08802F00102C2F10202D2B29E
:10960000FFF7E2FD34F8045F1422002107A8E0F719
:10961000FFFC043405238DF81C30ADF81E5009946E
:1096200007A8FFF762FD2AE000F11007384610F0A6
:109630007EFE4FF6FF7398420546A08822D110F0B7
:1096400005FE0546A08800220121FFF7BDFD4FF66B
:10965000FF739D421AD100260023A0881A46314686
:10966000FFF738FD0828074629D19348934B9449C2
:10967000C01AC008000440F0020002F067FF0CB0FE
:10968000BDE8F087294610F073FEDBE707AA072143
:10969000284611F04DFB0028DDD1A37ED907DAD58D
:1096A000089E96F84430DA0701D53436D4E73946B7
:1096B00006F1460010F027FE0028F6D1CBE798B15E
:1096C00003F05CFB7C4E009502467C48A3887D49F4
:1096D000361AF608360446F0010002F04EFFA08864
:1096E0003946FFF720FDCAE7A37EDB07C7D5002E6A
:1096F000C5D1A088334641F206023146FFF728FD66
:10970000BDE76C4B80881978FDF712FC01460028F4
:10971000B5D1142207A8E0F77BFC12238DF81C308A
:10972000A388ADF81E30237A8DF8243078E7614B9A
:1097300090F8088085881978B8F1000F40F098807B
:10974000061D42462846FDF70BFC617A11F0040124
:1097500003D13046FFF720FD91E705F580791FFA28
:1097600089F905AB01220721484611F0E5FA0746C1
:1097700098B103F003FB504C534902464F48241A5A
:10978000E40824042B4644F0010002F0ECFE3946C4
:109790002846FFF7C8FC4146DBE7284610F056FD97
:1097A0004FF6FF7398420446824630D10146069830
:1097B00010F02FFD50450446804600F09B80DFF8F6
:1097C00014A10146284610F0D3FD9AF8001028464F
:1097D000FDF7AEFB8046D0B92846FFF791FC9AF81A
:1097E00000102846FDF7A4FB01460028B1D04846EA
:1097F0002246072111F064FB814650B90121A8E7F8
:109800002146284610F0B4FD4FF00108EFE7B846B6
:10981000EDE786280DD11422002107A8E0F7F8FB18
:10982000062307A88DF81C30ADF81E50FFF75DFC2D
:10983000E4E703F0A3FA204F2449009402461F48AE
:109840003F1AFF083F042B4647F0010002F095FE47
:1098500049462846FFF767FC00213046FFF79CFC8D
:10986000B8F1000F3FF40BAF204610F08BFD06E778
:10987000427A284602F003020392FDF759FB039A4D
:1098800000283FF4FCAE41462846A9E6104B8088EC
:109890001978FDF74DFB054600287FF4F0AEA0884F
:1098A000FDF7FCFA0146A088B1B9012341F2060296
:1098B00024E700BFD3C600208833070030320700FA
:1098C000B1C0060021C1060091C106001EC20600FB
:1098D000D5C60020D2C60020114B2A461978FDF7C4
:1098E0003FFB02238DF81C30A388ADF81E30ADF885
:1098F000245095E611F05CF84045044680D1094BB0
:1099000009480A49C01AC008000440F0010002F0EA
:109910001DFE04212846FFF706FC394619E700BF63
:10992000D3C600203032070088330700ECC10600A0
:1099300058B3027802F08203802B25D0C2F30213C1
:10994000042B21D802F0F203322B1DD0417883780A
:10995000994219D8062917D9102B15D8C17811F0BA
:10996000040311D1007943070ED4084301070BD437
:10997000D30700F0030003D4B0FA80F04009704729
:10998000003818BF012070470020704770B5154699
:109990000E46142200210446E0F73AFB284610F058
:1099A00055FC2670A0806580204670BDFEF7FEBC89
:1099B00010B50378182B044602D1FDF7AFFA2070DA
:1099C00010BD0000F0B531F0080387B006460D4623
:1099D000174627D0112925D01D4C1E4BE41AE40848
:1099E0000D294FEA044421D102461B4944F00200EC
:1099F00002F0B0FD3246032101A8FFF7C7FF9FB177
:109A00003B7803F00103C3F10203DBB28DF80C30A5
:109A100000238DF8103041F20113ADF80E3001A88B
:109A2000FFF7C4FF07B0F0BD0223EFE7084603F0DD
:109A3000A5F90A490246334644F0010002F093FDBD
:109A40003246072101A8FFF7A1FF0395E7E700BF12
:109A5000803307003032070085C206003AC3060093
:109A60002DE9F043054689B0914698460E4601BB64
:109A70003F4BCDE904111B68039303AC94E8070046
:109A80006F4687E807002A4605212046FFF77EFF3C
:109A90002046CDE90567FFF789FF364B009F1B780D
:109AA00043B99DF809302BB90526304609B0BDE809
:109AB000F08300274A4639462846FFF7E3FCA0F129
:109AC00011035A425A412C4B044619782846FDF797
:109AD00047FA112C20D8072C02D80CBB26463DE0B3
:109AE000A4F10803092B1BD801A252F823F000BFF0
:109AF000DD9A0400219B0400219B0400DD9A0400F0
:109B0000219B0400DD9A0400219B0400219B04009A
:109B1000219B0400439B040043F202039C42DDD0DE
:109B2000204603F02BF9154E154902461548361A02
:109B3000F608360446F001002B4602F014FD032619
:109B40000CE0114B324619782846FDF709FA0F4B05
:109B50004A4619782846FDF703FA0026B8F1000FA7
:109B6000A3D03A4621462846FFF72CFF9DE700BFC9
:109B7000805301207D530120D8C600208033070088
:109B8000A5C3060030320700D7C60020D6C6002085
:109B900013B50A4B19780446FDF7CAF9084B019032
:109BA00019782046FDF7C4F9019A014601232046A1
:109BB00002B0BDE81040FFF753BF00BFD6C600207B
:109BC000D7C600202DE9F0411B4B88B00027CDE916
:109BD00004771B68039303AD0446884695E80700A5
:109BE0006E4686E80700224605212846FFF7CEFE8E
:109BF0002846CDE90586FFF7D9FEFEF79BFA0099C6
:109C000002462046FFF79CFBA0F111035A425A413D
:109C10000A4B054619782046FDF7A2F9084B3A464B
:109C200019782046FDF79CF9009A29462046FFF74F
:109C3000C9FE08B0BDE8F08180530120D9C60020DC
:109C4000D8C600200021FFF7BDBFF7B507460C4678
:109C5000002945D0FDF710F90546002842D03846C6
:109C600010F0F4FA06464FF6FF70301AA5F1020321
:109C700018BF01205D425D41237845EAC00523F00D
:109C800009031D4325703846FDF708F9237860F372
:109C9000410323703846FDF713F9237860F38203FC
:109CA00023703846FDF71EF90546B8B93846FDF76A
:109CB000F5F850B16A460721304611F039F858B925
:109CC000019B93F8440000F00100237860F3041333
:109CD0002370002003B0F0BD2846F6E70120F4E72A
:109CE0000E20F7E743F20200F4E713B5E0230C4639
:109CF00001A98DF80430FFF7A8FF9DF80420237810
:109D000028B993430CBF0120002002B010BD0020F1
:109D1000FBE7000013B50378052B044605D0122B92
:109D200009D02046FFF742FE03E081684088FFF734
:109D300049FF02B010BD134B1A68FAB14088FDF715
:109D4000ADF80146E0B1227A6088C2F34003C2F365
:109D500000019B00C2F3800243EAC10343EA0213FD
:109D600001A98DF80430FFF7C0FF80F00100C2B2F6
:109D7000002160880123FFF773FED2E70121F8E795
:109D80000246F6E78053012008B503780B2B0FD865
:109D9000072B0FD9084B094918780022FDF704F961
:109DA000074B084918780022BDE80840FDF7FCB8C9
:109DB000132BEFD008BD00BFD9C60020459C04007E
:109DC000D8C60020919B040038B5FEF777F9044609
:109DD000D0B90E480E4DFFF7EBFD0E48FFF7E8FD3A
:109DE0000D48FFF7E5FD2846FFF7E2FD2B78182B1D
:109DF0000AD10A4B0A480B49C01AC008000440F0B7
:109E0000010002F0A3FB0324204638BDD8C6002081
:109E1000D9C60020D6C60020D7C6002030320700A1
:109E20008033070041BF060010B50446FFF7AEFBC4
:109E30002046FEF70BFA074B074918780022FDF77A
:109E4000B3F8064B06491878BDE810400022FDF72C
:109E5000ABB800BFD9C60020459C0400D8C600207E
:109E6000919B040010B5044630B90A4B18600A4BA8
:109E700001221A70002010BDFFF75AFD38B1074BC0
:109E800022681A6022791A71024A1360EFE70720EC
:109E9000F1E700BF805301207D530120785301205A
:109EA000FFF70CBA00230A461946FFF7D9BD10B5D3
:109EB000034653E8000F0A4643E8002494F0000FDD
:109EC000F7D110BD10B5034653E8000F40EA010278
:109ED00043E8002494F0000FF6D110BD10B50346FE
:109EE00053E8002F42EA010043E8000494F0000F19
:109EF000F6D110BD10B5034653E8000F00EA010289
:109F000043E8002494F0000FF6D110BD10B50346CD
:109F100053E8002F02EA010043E8000494F0000F28
:109F2000F6D110BD10B5034653E8000F00EB010257
:109F300043E8002494F0000FF6D110BD10B503469D
:109F400053E8002F02EB010043E8000494F0000FF7
:109F5000F6D110BD10B5034653E8002FA2EB010067
:109F600043E8000494F0000FF6D110BD0121FFF783
:109F7000A9BF0121FFF7B2BF0021FFF7BBBF00213E
:109F8000FFF7C4BF01F01F024B090121914000EB14
:109F90008300FFF7A3BF4B0910B501F01F04012197
:109FA000A14000EB8300FFF78DFFE04000F00100CF
:109FB00010BD01F01F0301229A404B0900EB830002
:109FC000D143FFF7A3BF4B0901F01F0150F8230055
:109FD000C84000F0010070472DE9F0474F1E7F098F
:109FE00080460E460137002558F8254008EB8509C4
:109FF000E44394FAA4F4B4FA84F44FEA451A202C0A
:10A0000006D10135AF42EFD834462046BDE8F0878F
:10A010005444A642F5D921464046FFF7BCFF00282C
:10A02000F3D0D9F80040E44394FAA4F4B4FA84F4E9
:10A03000E5E713DF7047000038B540F6F873134CBE
:10A040001D68134BE41AE4086A1C4FEA044403D168
:10A05000104B1D686B1C11D02A460F4944F00300B9
:10A0600002F078FA2846FFF7E4FF054620B10B49D5
:10A0700044F0010002F06AFA284638BD084944F06D
:10A08000010002F063FA0425F6E700BFA8320700DA
:10A0900030320700141000100AC4060035C4060050
:10A0A00068C4060038B50B4B0B4C0C4A0C49E41A3B
:10A0B000E408240444F0030002F04CFA0748FFF7D8
:10A0C000B8FF054620B1074944F0010002F03EFA0E
:10A0D000284638BD30320700A83207000070020061
:10A0E00080C4060035C4060008B5094B1B7853B17F
:10A0F000002011F03FF8012011F03CF8BDE80840C5
:10A10000032011F037B8BDE8084011F047B800BF90
:10A1100084530120F8B57B4C237805461BB10023FE
:10A120002370FFF7E1FF172D00F28880DFE805F0CC
:10A130000C17174354657680888D888D959A9A9A66
:10A140009A9AC4C9D1D9E4E4FFF7CEFF6E4802F071
:10A15000F2FE6E4B002204461A702046F8BD002025
:10A1600010F0E0FFF8B1002011F004F8022D0CBF50
:10A170004FF4E1614FF47A61644B1D704FF400407D
:10A180004FF4FA740025E0FB01454FF47A72002386
:10A19000204629461CF0BCFA00220146BDE8F840E2
:10A1A000594802F0B0BE10F0D1FF022D0CBFC821FB
:10A1B0004FF4C871E0E7002010F0B4FF40B1002078
:10A1C00010F0D8FF4FF44871504B03221A70D5E7B6
:10A1D00010F0BCFFC821F7E7002010F0A3FF38B152
:10A1E000002010F0C7FF4FF47A61484B0422EDE7DE
:10A1F00010F0ACFF4FF4C871F7E7002010F092FFA9
:10A2000048B1002010F0B6FF404B05221A7041F60D
:10A210009A110022C2E710F099FFF5E7002010F034
:10A22000DBFF3A4B06221A70002240F6CD41B5E71B
:10A23000002010F08BFF354B07221A7000248CE7AA
:10A240000120207010F0C8FFEEE70120207010F010
:10A25000C3FF00224FF48041A0E710F0AEFF2B4B6C
:10A260000C22EAE72A482B4E02F065FED5F11105D3
:10A2700004461CD0D8B9012D13D0C8235D434FF438
:10A2800000474FF4FA7000214FF47A720023C7FBA5
:10A2900005011CF03DFA224601461D4802F033FE3E
:10A2A0000446022010F052FF0123337055E70220CC
:10A2B00010F060FF0023F8E7FFF716FF134B1222A0
:10A2C000BBE7FFF711FF002010F040FF0F4B1322F8
:10A2D000B3E7FFF709FF012010F038FF0B4B142202
:10A2E000ABE7FFF701FF002010F030FF012010F076
:10A2F0002DFF064B1522A0E710F05FFF034B1D70EA
:10A300009CE700BFCC530120A8530120CD5301206E
:10A310008853012084530120032801D810F076BF10
:10A3200000207047044B1B6813F0010301D0FFF7B6
:10A33000F1BE1846704700BFC8530120BFF35F8FBE
:10A34000014B00221A60704714CD012008B501218D
:10A350000448FFF7ACFDBFF35F8FB0FA80F040090F
:10A3600008BD00BF14CD0120094B98420DD00AD87A
:10A3700068B1084948F2165248F24253884214BF65
:10A380001046184670470449F4E748F202507047F7
:10A39000080CF0008408F0002023F0002DE9F041C3
:10A3A000037AA4B00546884673BB4668B06816F0C9
:10A3B000BFFA04238DF8083005F10C07B279044682
:10A3C00039460DF10900DFF7FBFDFFF7BFFFE8B1EC
:10A3D000B27901231A4402A92046CDE9007815F08C
:10A3E000ADFEFFF7ABFFFFF7BFFF044628B901231F
:10A3F0002B72204624B0BDE8F081B2790DF109013D
:10A400003846DFF7DDFDF4E70024F2E748F20454B4
:10A41000EFE7000070B54B6886B0054698680E46B9
:10A42000144616F085FA0590FFF790FFA8B10023B7
:10A43000CDE9015304F10C03059A0A49009328461B
:10A4400006F1080315F0C4FFFFF778FF012323721C
:10A4500006B0BDE87040FFF787BF48F2045006B071
:10A4600070BD00BF19A6040010B5436804469A7970
:10A470000C30DFF7A5FD0020207210BDF0B5047A86
:10A480004768A5B005460E4644B900F10C01BA79FB
:10A490003046DFF795FD204625B0F0BDFFF756FFAB
:10A4A00000B3BB79013302AA0421019305F10C002A
:10A4B00001AB15F007FF0446FFF740FFBA79019B97
:10A4C000511C994211D19DF80830042B0DD10DF18A
:10A4D00009013046DFF774FD204625B0BDE8F040A5
:10A4E000FFF742BF48F20450D6E748F21650D3E7D0
:10A4F00070B5202386B0CDE9043304460E461546D8
:10A50000FFF724FF90B10B4B0294CDE9004306F115
:10A51000080205AB04A905F1080016F04DF9FFF794
:10A520000DFF06B0BDE87040FFF71EBF48F20450B3
:10A5300006B070BD19A60400083001F1200351F8DF
:10A54000042B40F8042B9942F9D10020704700F108
:10A550000803283053F8042B41F8042B8342F9D127
:10A560000020704770B5402386B016462022CDE902
:10A57000042304460D46FFF7E9FE90B10B4B02940D
:10A58000CDE9004306F1080204AB05A905F1080076
:10A5900016F076F9FFF7D2FE06B0BDE87040FFF77F
:10A5A000E3BE48F2045006B070BD00BF19A6040017
:10A5B000083001F1200351F8042B40F8042B994294
:10A5C000F9D10020704700F10803283053F8042B1C
:10A5D00041F8042B8342F9D10020704708B5074B9E
:10A5E00000221A60BFF35F8F16F018FA014618B9FF
:10A5F000BDE8084000F076B9032008BD14CD012065
:10A60000002110B5084600F06DF9044608B916F0AF
:10A6100039FA204610BD000008B5104600F041FA96
:10A6200038B1044A044B48F2025188420CBF10462C
:10A63000184608BD080CF0000F0CF00028B139B125
:10A640000023C1E900301846704748F210507047A7
:10A6500048F21350704738B1006848F240538842BE
:10A6600014BF18460020704748F21050704730B1B0
:10A6700019B10B68934205D30A600020704748F275
:10A680001350704748F21450704700002DE9F04114
:10A69000884600AF06461146404614461D46FFF761
:10A6A000CDFFF8B929464046FFF7C8FFD0B998F862
:10A6B00004200F4B53F82230BBB156B90D4931F885
:10A6C000121031B107316A46C908A2EBC1029546A2
:10A6D0006E462A4621463046984718B9064B2360F5
:10A6E000063B2B60BD46BDE8F08148F20350F9E718
:10A6F000DCC40600C0C406007652464D70B505465F
:10A700000C461E46FFF79AFF70B9AB796AB1B342A7
:10A710000ED12979094B53F8213063B111462046F7
:10A72000984708B9064B236070BD48F21050FBE70C
:10A7300048F21150F8E748F20350F5E710C506005B
:10A740007052464D2DE9F0410D460D49044616461E
:10A75000FFF781FF90B967683146BA792846FFF75D
:10A7600086FF58B93A79074B53F8223023B129466E
:10A770002046BDE8F041184748F20350BDE8F0819B
:10A780007052464D44C50600F0B530B14079B3B1C2
:10A79000C9B18AB948F2135313E01846F7E7441ECB
:10A7A00000254E5D0F5D575516550135013CA542FC
:10A7B000F7D91B1A014402448342F0D20BB148F28C
:10A7C00011531846F0BD48F21053FAE72DE9F8434B
:10A7D0000D4600AF04461D49284616469846FFF729
:10A7E0003AFF48BB1A493046FFF735FF20BBD5F882
:10A7F00004907368994522D199F80520396A40463A
:10A80000FFF735FFC0B999F80430124A52F8239087
:10A81000B9F1000F16D054B90F4A32F8133033B1E2
:10A8200007336A46DB08A2EBC3039D466C464346EA
:10A83000324629462046C847BD46BDE8F88348F25F
:10A840004150F9E748F20350F6E700BF7652464D13
:10A850007052464D78C50600A8C50600F8B50A4FE7
:10A860000A4C0B4DE41B0121E40829700026A64286
:10A8700003D102232B700020F8BD57F836309847DB
:10A880000028F9D10136F2E72832070030320700FC
:10A89000CE53012070B5094E094CA41BE4080025D5
:10A8A0000436A54203D1074B0020187070BD56F83E
:10A8B000353098470028F9D10135F2E728320700F2
:10A8C00030320700CE530120054B1A78022A04D0FB
:10A8D0001878431E5842584170470120704700BF06
:10A8E000CE53012070B506460D466A46194B9A4272
:10A8F00005D3FFF7E9FF78B94FF4054070BD164B5B
:10A9000016481749C01AC008000440F0010001F0C1
:10A910001DFE48F21950F1E7124C236823B1124B87
:10A920001A68124B9A420FD086B97DB91048114966
:10A93000206010F051FE0028E0D10B4B0B4A1A604A
:10A9400023680D4A1A60D9E70020D7E748F217506C
:10A95000D4E700BF00E4032030320700A83207002C
:10A96000C0C506009C6C0120B85401206572E54BFF
:10A97000D0530120BC5401206169614D094B0A4A42
:10A98000196891420AD1094A1068094A016891423E
:10A9900004D1002202601A6010F03EBE48F202505C
:10A9A000704700BFB85401206572E54B9C6C0120D4
:10A9B0006169614D10B56C46154B9C420FD3DAB9F5
:10A9C000144B1C68144B9C421BD1E8B91348134626
:10A9D000BDE810400A460068114910F055BE114B01
:10A9E00011481249C01AC008000440F0010001F0EB
:10A9F000ADFD48F2195010BD0029E1D148F21050C8
:10AA0000F9E748F20250F6E748F21750F3E700BFC3
:10AA100000E40320B85401206572E54B9C6C0120D2
:10AA2000BC54012030320700A8320700C0C5060020
:10AA300073B513460D460446F8B111B3144A1168B4
:10AA4000144A914220D1144E01932A46014630689F
:10AA500010F0FCFD48F27152904210D100221146D4
:10AA60001046FFF7A7FF50B9019B30682A462146E0
:10AA700002B0BDE8704010F0E9BD48F2135002B0DA
:10AA800070BD48F21450FAE748F20250F7E700BFF1
:10AA9000B85401206572E54B9C6C01200122FFF740
:10AAA000C7BF0022FFF7C4BF70B5064D064600249D
:10AAB00055F8043B0BB1304698470134042CF7D1CC
:10AAC00070BD00BFAC6C0120033080B240F2FE3399
:10AAD000984230B51FD8134B1A783AB91C895D8952
:10AAE0002C440444A4B2B4F5806F0AD91A7DAAB9E3
:10AAF0009A8BDC8B2244024492B2B2F5806F0DD85F
:10AB000001220A801446142202FB04335A8910449D
:10AB10005881002030BD48F20860FBE748F206602B
:10AB2000F8E700BFE06C01200B4A0C4B5188142061
:10AB300000FB0131CB6833B9042049681070012251
:10AB4000074801F065B807490523137002238B807D
:10AB5000012209680023F3E7C46C0120E06C0120A6
:10AB600088D10020A86D012007B500230549009376
:10AB7000054A09680548082300F0B4FF03B05DF8F2
:10AB800004FB00BFA86D0120E8C5060088D10020A5
:10AB900007B5002301460093034A0448082300F048
:10ABA000A1FF03B05DF804FBE0C5060088D10020DA
:10ABB00013B500230C4600930146084A08480423B5
:10ABC00000F090FF38B90749142303FB0414012354
:10ABD000237402B010BD48F20D60FAE7DCC5060030
:10ABE00088D10020E06C012037B50A480A4B426842
:10ABF0009C88196853880325033305709BB2002095
:10AC000000909B0001EB8401044800F06BFF03B04F
:10AC100030BD00BFC46C0120A86D012088D1002088
:10AC200010B50146044810F03AFB1C2204460021EE
:10AC3000DFF7EEF9204610BD946D012068B102687F
:10AC4000084B9A4209D14068074B984207D001331C
:10AC5000984214BF03200120704703207047002052
:10AC6000704700BFDEC0ADDEFE011EF14388033336
:10AC700000EB830399420BD382884FF6FF739A420D
:10AC800008D0038833B18068431C5842584170474C
:10AC900002207047012070472DE9F0410D46022344
:10ACA000154F2B80164600F5805100F108044FF037
:10ACB00001088C420ED2236801330BD02046FFF7E7
:10ACC000D5FF48B10EB186F80080022809D14FF4B3
:10ACD00080632B80BDE8F081A3683A68934200D975
:10ACE0003B602B886288033313442B8063880333D3
:10ACF00004EB8304DDE700BFD86C012038B5144BAA
:10AD000014220D4602FB00302B68446804F5805184
:10AD1000A3B15C88033403EB84048C4215D223680E
:10AD2000013312D02046FFF7A1FF012808D00228E6
:10AD30000BD00028F1D12C60012038BD0834ECE79D
:10AD40006388033304EB8304E7E70020F5E700BFE3
:10AD5000E06C0120426873B504460D466AB3244B8B
:10AD6000D9688A4229D31B699A4226D812F0030374
:10AD700023D120490089098988421ED12068916821
:10AD800088421AD11C494868824203D900F5805094
:10AD900082420DD389698A420CD901F580518A42D9
:10ADA00008D201222A80B3FA83F0400902B070BDB4
:10ADB0001A46F7E748F20963F5E700232B801E46A1
:10ADC0000196288801A9FFF799FF30B92B88013334
:10ADD0009BB2012B2B80F3D9E8E7019B226899688D
:10ADE0009142EED16360034B1B892381DEE700BFF4
:10ADF00088D10020C46C0120E06C01202DE9F843CB
:10AE00001C461D4B1B7806460F46154673B382B38E
:10AE10007CB3DFF86C804FF01409A388012B02D9B2
:10AE200048F2096020E009FB03F318F803302BB95E
:10AE3000A0882146FFF762FF20B92060A388013374
:10AE4000A380EAE723681EB1998832889142EFD146
:10AE50001FB119883A889142EAD19A68C5E900235E
:10AE6000064B1B892B810020BDE8F88348F2016066
:10AE7000FAE748F20460F7E7BC6C0120C46C0120DB
:10AE8000E06C012008B5074B5888191DFFF736FF05
:10AE900018B1BDE80840FFF7A7BEBDE80840FFF7BE
:10AEA00043BE00BFC46C01202DE9F04FA44FDFF872
:10AEB000B49289B00646B8463B6823B9A1484946D2
:10AEC00010F027FA3860D8F8005029784B1E052B6F
:10AED00007D8DFE813F022007C007C000E010E0191
:10AEE000650148F20E641422002103A8DFF790F8F0
:10AEF00041F61D539C4208BF0024D8F8003004944A
:10AF00001A78013A052A00F2F881DFE812F0E4012C
:10AF1000E8010802180224022E022EB18A4B0022F8
:10AF20005A604FF40644DEE72B79032B1DD8DFE887
:10AF300003F015022B3685490B78022B08461AD0F0
:10AF40000B7D022B4FF0010317D114225343C2187B
:10AF50000020C8545068FFF71BFE03E001232B714B
:10AF6000FFF702FE002800F0BE80774B00225A60F7
:10AF700048F20D64B7E70023E7E7734A1370002334
:10AF8000536041F61D54AEE7714972480023022216
:10AF90002B718A800968012200F03AFEE2E76C4CCE
:10AFA00000262E712068694DFFF7F2FD6A4BD4F838
:10AFB00000C05A8814235343EA18EE5451682160A4
:10AFC000A188C2F804C011810222A280CAE7B5F8A4
:10AFD00014A0AA7DDFF874B1AEB1022AEB8806D9BD
:10AFE000142101FB0AB1DA1C088902440A811422E7
:10AFF00002FB0ABAC3F57F43BAF80A20FD331344B3
:10B00000AAF80A308DE7142303FB0AB318895C6899
:10B0100004EB8004062A69D8DFE802F0274E3644A4
:10B020001D5A040041F61D54AA7DEB88022A06D958
:10B03000142101FB0AB1DA1C088902440A81142296
:10B0400002FB0ABAC3F57F43BAF80A20FD33134462
:10B05000AAF80A3047E74148414900234360AB69F9
:10B060000360FFF777FE00285BD00223AB75002357
:10B0700000930423EA182146364800F033FD0028E7
:10B0800031D048F20D64CFE72B69002B14BF0323A6
:10B090000123AB750023009305F10C02042304F196
:10B0A0000801E9E70123AB750022EB8800922A69C9
:10B0B0009B0004F10C01DFE703290CBF05230623E5
:10B0C000AB7500230093042305F10802E118D3E7D0
:10B0D0000623AB75224B1988204B5868FFF768FD93
:10B0E00004460028A0D109B0BDE8F08F48F20E64F4
:10B0F0009AE7002E7FF415AF2B79012B34D0022B69
:10B100003FF43FAF002B7FF4ECAE02232B710DF127
:10B110000A01EB68039303A8CDE90466FFF71AFE62
:10B1200010B948F20964DEE60498BDF80A10838875
:10B13000EB8003882B81FFF73BFD044629E000BF2D
:10B14000DC6C0120946D0120BC6C0120E06C0120BE
:10B15000A86D012088D10020C46C0120A06C0120C2
:10B16000B46D0120D46C0120DFF818A203AA534665
:10B170003146A81DFFF742FE044670B9BAF8041024
:10B180000498FFF715FD044648F209639C423FF41A
:10B19000F8AE002C7FF4A7AEA5E7CAE90066F3E796
:10B1A000002E7FF4BEAE724B1A7BBAB11E731A78B2
:10B1B000013A062A3FF695AE01A151F822F000BFF0
:10B1C0006BB2040091B20400AFB20400B5B2040047
:10B1D000E3AE0400BBB20400CDB204001A78072A23
:10B1E000E5D801A151F822F009B20400AFB1040082
:10B1F000AFB104002FB2040043B2040067B20400F0
:10B2000067B204002BB204001A895A4901321A812C
:10B2100000225A801A730A78B2FA82F252099A729C
:10B220000A7DB2FA82F25209DA72012207E052492B
:10B2300058688A884088033202448A8002221A7041
:10B24000B5E74C4C5A884C49142505FB0242086866
:10B25000546850608888108102200C60888000212A
:10B2600011740622EBE70722E9E79A7A32B9DA7A13
:10B270008AB900221A705A805A6082E63D4900223B
:10B280009A72CA68002AF2D1097C0029EFD05A804C
:10B29000FFF7F8FD51E70022DA72364A116A0029F9
:10B2A000E7D192F82420002AE3D00122EFE7FFF74C
:10B2B0009BFC42E7FFF738FC3FE72E4A5B881421EE
:10B2C00001FB03235868FFF763FC36E700225A604E
:10B2D000FFF74AFC31E700238DF80C300DE0012226
:10B2E0008DF80C201A89ADF818209A88DB68059330
:10B2F000ADF81A2000238DF81C3003A8FFF7D4FB0B
:10B30000002649461D48C8F8006010F02DF81C487A
:10B310000121FEF71FFE00287FF4CEADE3E60222F6
:10B320008DF80C201A89ADF818209A88ADF81A20EB
:10B33000DA689B7D05929A1F53425341DBE7032253
:10B340008DF80C20DA88ADF818201A89DB68ADF882
:10B350001A200593D1E704228DF80C20DB88ADF884
:10B3600018300023ADF81A30F3E70523B4E700BF27
:10B37000C46C0120E06C0120A86D0120946D0120B7
:10B38000A46D0120B86D01204068FFF78DBD00005D
:10B3900008B505480121FEF7C5FD18B9BDE808400C
:10B3A000FFF782BD08BD00BFA46D01202DE9F34168
:10B3B0009846374B1B7806460D46002B5CD000297B
:10B3C0005DD009884FF6FF7399425BD06B88002BE4
:10B3D00058D06B689B0758D14AB92F890DF10201EB
:10B3E0003846FFF771FB30B102B0BDE8F081138839
:10B3F0005788ADF8023001A8FFF712FC044660B987
:10B40000BDF80230234A142101FB03235889033875
:10B41000C01B588148F20760E6E780F800800023EF
:10B420008375BDF8023083826B68036101211A487D
:10B43000FEF784FD2B882381B8F1030F6B88A3806E
:10B4400004BF0423A3754FF0000508BF3368E06014
:10B4500008BFA3611148E780658101A90FF049FF8A
:10B4600036B1E36833600E4B75601B89B57233816A
:10B47000FFF78EFF0020B7E748F20160B4E748F21B
:10B480000460B1E748F20360AEE748F20260ABE760
:10B49000BC6C0120E06C0120D86C0120946D01206F
:10B4A000C46C012008B5034607480268042A08D086
:10B4B0000168064A42F821300121FEF73FFD0020D5
:10B4C00008BD48F20B60FBE7B06D0120AC6C0120B9
:10B4D0002DE9F04F89B01422002103A8DEF798FD72
:10B4E0007A4A137803F0FF01009190463BB103A81C
:10B4F000FFF7DAFA0027384609B0BDE8F08F101DD3
:10B50000FEF734FD0028F5D140F6F8734FF0805275
:10B510001B685C1C08BF6E4B6E4C08BF1B68116932
:10B520005269581C08BF02FB01F3A3F58042226157
:10B53000A3F5E0436849E3600022204600F02EFABC
:10B54000019407460028D6D164496548DFF8A4B1C4
:10B550001C238C220FF06EFEBA463D464FF00309C5
:10B560003C46019BDE6856443046FFF767FB0128E6
:10B5700062D0032817D000283DD15A494FF0140C4F
:10B580000CFB04FC01EB0C0201F80C0056600CF102
:10B5900010020CF1080C0A4430466144FFF77CFBB2
:10B5A00045F0020545E03268531C02D04E4B9A42EA
:10B5B00034D1321D06F58051106801302ED104328D
:10B5C0009142F9D1DBF800203AB902220123CBF8ED
:10B5D0000060ABF8042000930BE014226243414B5F
:10B5E000022099189854414A4E60548001340881D1
:10B5F000A4B245F001050AF5805ABAF5405FB0D112
:10B60000B9F1010F98BF0025EDB2022D03D0062D30
:10B6100031D0002D39D148F20A676CE73149142244
:10B620006243881809F1FF394660032088541FFAE5
:10B6300089F90134A4B2DEE7009B6BB1294B1422D7
:10B640006243991802209854DBF800204A60274A88
:10B65000088154800134A4B200222549CBF800604F
:10B660003046FFF719FBBBF80420022A0CBF042266
:10B6700008221543BFE7012388F8003003A8002300
:10B68000C8F80430FFF710FA35E702A8FFF7C8FA48
:10B69000C8B10123013D03700A2D09D8DFE805F088
:10B6A00006080608070807080F110F00002303719A
:10B6B00002A90B480FF01DFEFFF76AFE1BE70323EC
:10B6C000F5E70223F3E748F2076714E7BC6C0120B3
:10B6D0001410001088D10020DCC70600086D01207E
:10B6E000946D0120E06C0120DEC0ADDEC46C012051
:10B6F000AC6D0120A86D012073B50D460446C8B19C
:10B70000C1B10DF10601FFF725FBB0B10C4BBDF83F
:10B7100006006668142202FB003001210C30FEF79F
:10B720000DFC63682E600C336B600123A372002054
:10B7300002B070BD48F20460FAE748F20960F7E72A
:10B74000E06C012013B50446A8B10DF10601FFF726
:10B7500001FB98B10C4ABDF80630142101FB03230C
:10B76000DA6872B1A27A62B1DA680020013ADA606E
:10B77000A07202B010BD48F20460FAE748F2096016
:10B78000F7E748F20560F4E7E06C012002230022AD
:10B79000FFF70CBE18B103230022FFF707BE48F2E3
:10B7A00004607047114B1B7813B50446ABB14FF6DC
:10B7B000FF73984214D001A8FFF732FA98B105231D
:10B7C000037001230371C48001A909480FF091FDA2
:10B7D000FFF7DEFD002002B010BD48F20160FAE77D
:10B7E00048F20360F7E748F20760F4E7BC6C012019
:10B7F000946D01200F4B1B7807B5A3B101A8FFF78B
:10B800000FFA98B10623037001A90B480FF071FDE0
:10B810000A4B1A780AB101221A73FFF7B9FD00200A
:10B8200003B05DF804FB48F20160F9E748F20760F5
:10B83000F6E700BFBC6C0120946D0120C46C0120B0
:10B8400007B5ADF80600ADF804100DF1060001A92A
:10B85000FFF7D4FA03B05DF804FB07B51346ADF863
:10B8600006000A4600200DF10601FFF7C7FA03B0F3
:10B870005DF804FB07B51346ADF806000A460DF166
:10B8800006000021FFF7BAFA03B05DF804FB20B10F
:10B8900019B103680B600020704748F204607047DC
:10B8A0002DE9F84F3B4B1B780446002B6CD0002849
:10B8B0006DD0DFF8E4A012220021DEF7A9FB0323FC
:10B8C00023804FF0000BD04614274FF00109DAF81F
:10B8D0000410BAF80A50BAF808600846FFF7AEF943
:10B8E000032808BF2388628804BF03F1FF33238045
:10B8F00007FB0B832E44DB681344638023891D44BC
:10B9000063892581B6B233446381C6F58066A38915
:10B91000B6B2B34201F1080538BFA68101F58051E6
:10B92000A94229D92B68013326D02846FFF79EF972
:10B9300001280AD0022815D00028F1D1A3880133AC
:10B94000A3800AE04FF0010BC1E7E3880133E380F5
:10B95000E3896A8803331344E3816B88033305EB7F
:10B960008305DDE7E38884F810900133E380E38901
:10B97000491B03EBA101E1810AF1140ABBF1000F9D
:10B98000E0D00020BDE8F88F48F20160FAE748F205
:10B990000460F7E7BC6C0120E06C012013B50B4696
:10B9A000114680B9104B1148114AC01A0E23C00825
:10B9B0000093104B0004104940F0010000F0DDFD41
:10B9C0000E2002B010BD4BB9074B08480B4AC01AF5
:10B9D000C0080E2300930004064BECE703601B68CD
:10B9E00002B0BDE810401847303207002833070086
:10B9F000F0C5060086C70600F5C5060024C6060089
:10BA0000F7B580B92D4B2E482E4AC01AC0080E2417
:10BA10002D4B009400042D4940F0010000F0ADFDD5
:10BA2000204603B0F0BD4AB9244B2548284AC01A25
:10BA3000C0080E24244B00940004ECE7D0F800C0AA
:10BA4000BCF1000F09D11D4B1D48224AC01AC00885
:10BA500008241D4B00940004DDE74BB9174B184830
:10BA60001D4AC01AC0080924174B00940004D2E7ED
:10BA70008D0709D0114B1248184AC01AC00810246B
:10BA8000114B00940004C6E7C568A9420BD34D1EB4
:10BA9000EC180569AC4206D8DCF80840A44603B0AF
:10BAA000BDE8F0406047054B05480D4AC01AC00884
:10BAB0001024054B00940004ADE700BF30320700AE
:10BAC00028330700F0C5060098C70600F5C5060034
:10BAD0002AC606001EC6060031C6060035C6060088
:10BAE0004CC606002DE9F34188B93D4B3D483E4A1E
:10BAF000C01AC0080E243D4B009400043C4940F09D
:10BB0000010000F03AFD204602B0BDE8F0814AB9DC
:10BB1000334B3448374AC01AC0080E24334B0094C4
:10BB20000004EBE7D0F800E0BEF1000F09D12C4B88
:10BB30002C48314AC01AC00808242C4B0094000439
:10BB4000DCE74BB9264B27482C4AC01AC008092409
:10BB5000264B00940004D1E74568D5F80480B3FB78
:10BB6000F8F508FB15354DB11D4B1E48244AC01A87
:10BB7000C00809241D4B00940004BFE78D0709D0BD
:10BB8000174B18481F4AC01AC0081024174B0094BE
:10BB90000004B3E712F0030F09D0114B11481A4A01
:10BBA000C01AC0081024114B00940004A6E7C56811
:10BBB000A9420BD34D1EEC180569AC4206D8DEF83D
:10BBC0000C40A44602B0BDE8F0416047044B054874
:10BBD0000E4AC01AC0081024044B009400048DE7DC
:10BBE0003032070028330700F0C50600AAC7060058
:10BBF000F5C5060072C606001EC6060031C6060060
:10BC000078C60600A2C60600BAC60600DDC6060053
:10BC1000F7B580B92A4B2B482B4AC01AC0080E240E
:10BC20002A4B009400042A4940F0010000F0A5FCD2
:10BC3000204603B0F0BDD0F800C0BCF1000F09D120
:10BC40001F4B2048234AC01AC00808241F4B0094E9
:10BC50000004E8E74AB91A4B1A481F4AC01AC0083C
:10BC600009241A4B00940004DDE74768D7F800E088
:10BC70000EF1FF370F4209D0114B1248174AC01A74
:10BC8000C0081024114B00940004CCE7C768B942E7
:10BC90000CD304694D1E0EFB0255A54206D8DCF8F4
:10BCA0001040A44603B0BDE8F0406047044B05488F
:10BCB0000B4AC01AC0081024044B00940004B2E7D9
:10BCC0003032070028330700F0C50600BDC7060064
:10BCD000F5C506001EC6060031C6060004C70600EC
:10BCE0002AC7060070B550B90E4D0F4C0026641BD4
:10BCF0001423B4FBF3F4B44208D1002010E003682D
:10BD0000002BF1D0BDE87040DB6918472B6813B9F0
:10BD100001361435EFE7DB69284698470028F7D04D
:10BD200070BD00BF88D10020B0D1002029DF70474E
:10BD300028DF704770B503689E6886B004460D46DC
:10BD40006EB1142200216846DEF762F9A3680593FC
:10BD5000237901952BB1012B0DD06846B04706B071
:10BD600070BD01238DF8003023690293E3680393CB
:10BD700063690493F1E702238DF80030E3681B0345
:10BD80000293F5E70846704700207047024B187A87
:10BD9000003818BF012070475C6E0120034B187AF1
:10BDA0000122B0FA80F05A74400970475C6E01209D
:10BDB00008B510461A46DEF703F9002008BD00005A
:10BDC00008B5142200210448DEF722F903480FF0D9
:10BDD00044FA002008BD00BF5C6E01204C6E0120BB
:10BDE00010B5094C094B43602046FEF7BFF840B937
:10BDF00003F042F9064920741C2306488C220FF0F8
:10BE000019FA002010BD00BF5C6E0120D0C70600EB
:10BE1000C06D01204C6E012070B5244C244E237A55
:10BE200025463BB9234924480FF073FA306008B91E
:10BE3000606070BD022334682B72237973B1012BCB
:10BE400024D020460321FFF775FF00232B726B607F
:10BE500018491948BDE870400FF086BAD4E90523A7
:10BE6000D21AB2F5805FD4E9031028BF4FF4805294
:10BE70009208012A38BF012219441844FFF756FFDF
:10BE800050B11128DDD101232B72D2E7D4E903038D
:10BE90001844FFF74DFFF3E72B7C002BC9D1014677
:10BEA000BDE87040022000F009B800BF5C6E0120C0
:10BEB000746E0120706E01204C6E012038B5831E17
:10BEC000012B45D8234C237A002B41D0022B09D1DA
:10BED000032830D0204B00221B68E2601A793AB167
:10BEE000012A22D0637C7BBBBDE83840FFF794BFBA
:10BEF000D3E905128D1AB5F5805F94BF521902F58A
:10BF000080529A619142EDD102284FF0000308BFA0
:10BF100019462372104B18BF0D211868FFF70AFF4E
:10BF20000E490F480FF020FADCE71A6901321A6156
:10BF30005B699A42E7E7E3680133082B01D8E360C5
:10BF4000D0E70023E360DFE7BDE8384003F084B8C2
:10BF500038BD00BF5C6E0120746E0120706E012040
:10BF60004C6E012000F0FD03012B08D1044B002290
:10BF70005A74421E504250411874FFF74DBF70472B
:10BF80005C6E012010B5064C201DFDF7EFFF28B9AF
:10BF9000637C1BB9BDE81040FFF73EBF10BD00BF7A
:10BFA0005C6E01202DE9F34180460D46104801A941
:10BFB00016461F460FF073F90446B0B1182200214F
:10BFC0000430DEF725F82D0B0123237101A9084861
:10BFD000C4F80080A760E56066610FF08AF9FFF79A
:10BFE000D1FF002002B0BDE8F0810420FAE700BFD5
:10BFF0004C6E01202DE9F74381468846104801A97F
:10C0000017461E460FF04BF90446B8B1182200211E
:10C010000430DDF7FDFF00250A9BA36001A9C4E9F8
:10C02000037807482571C4F8009066610FF061F944
:10C03000FFF7A8FF284603B0BDE8F0830420FAE725
:10C040004C6E012008B50FF09EFB0448042100F05F
:10C0500027FB034B01225A7108BD00BFA033070024
:10C06000DCC60020037813F0040216D003F00303AB
:10C07000012B03D0022B09D0012070470A680088E9
:10C080000232C0F3831002440A60F5E70B6842886D
:10C09000023303EB92130B60EEE71046704700008B
:10C0A0002DE9F04F87B000230446861C0DF10700F0
:10C0B0000F4615468DF8073002F0C0FE404A516821
:10C0C0003960936803F580735B1A924602F21C474D
:10C0D00002F5836902F21448B3421AD30020002DFE
:10C0E00069D004F00F039B0143F0050363F30F00D5
:10C0F000DAF80430DAB203321E444AF822009DF81E
:10C100000700CAF8046002F0BDFE012007B0BDE8D8
:10C11000F08F01213846FDF711FF4846FDF729FF52
:10C120004046FDF726FFDAF808000290C0B203305F
:10C130000AEB800002A9FFF795FF029B30BBDAB241
:10C140000AEB8202D16803919A1C0133DBB20AEB3D
:10C1500083030292D3F80CB001F00303012B22D029
:10C16000022B15D083464046FDF706FF10B1029B17
:10C17000CAF8083059463846FDF7E0FEDAF80830CC
:10C18000DAF8042003F580739B1AA5E7D8B2CEE74E
:10C19000BDF80E30C3F3891303334FEA1B4B02EB98
:10C1A00093030293DFE7BDF80C30C3F383134FEA28
:10C1B0001B4B1344F5E7A40544F0060098E700BFC5
:10C1C000486F0120064B074810B501221A7000F095
:10C1D000E0FA044610B9044800F04AFD204610BDBC
:10C1E000486F01201432070024C8060030B50A4CFD
:10C1F00071B10A4A0A49121BD20800239A4201D19E
:10C20000002030BD31F82350854202D00133F5E7DC
:10C21000034654F83300F4E730320700A033070038
:10C22000B0D10020094B013903EBC000032909D824
:10C23000DFE801F00A020406072070470079704722
:10C240004079704700207047022070473032070065
:10C25000154B1B7837B504460BB918B90024204696
:10C2600003B030BDDEF720FC0130009001230F4801
:10C270006A4601A900F005FD05460028EED12146D9
:10C28000009A0198DDF79CFEDDE90023134407487E
:10C2900003F8015C009900F02BFD0099034800F0C1
:10C2A0003EFD019CDBE700BF486F012024C806006B
:10C2B000034BD3E90130C31A58425841704700BFBD
:10C2C000486F01202DE9F04186B0FFF7F1FF0546E8
:10C2D000002840F0E680744CC4F81804BFF34F8F78
:10C2E000A3680293DBB2033304EB830002A9FFF7D8
:10C2F000B9FE029B18B1D4F81824002A55D0DAB23E
:10C30000991C013304EB8202DBB204EB8303D26895
:10C31000DB68049302F00303022B039202914FD1D6
:10C32000BDF80E306148C3F38917502F3E4628BF31
:10C33000502666F38F1306F10801ADF80E3000F0B9
:10C3400040FA0546002800F0978000F069FA0023C3
:10C3500003A90822284600F076FA0299CB43DBB203
:10C360000133C9B20331B6EB830F4FEA830804EB04
:10C37000810122D908234246A6EB0806284600F090
:10C3800062FAF6B24A4908F108033246284600F03C
:10C390005AFA029B033703EB97070297D4F8183435
:10C3A000002B41D1D4F8106451E062689A4299D8C8
:10C3B000A260284606B0BDE8F08108233246E5E7D2
:10C3C000012B59D1BDF80C303848C3F3831106292D
:10C3D00028BF062161F3891302318900ADF80C30C2
:10C3E00000F0EFF90546002846D000F019FA0023C6
:10C3F000082203A9284600F026FA0026BDF80C20E2
:10C40000C2F38312B300964203F10803C6D2029925
:10C410004A1CC9B20331029204EB8101042228466E
:10C4200000F011FA0136E9E7284600F0FDF9FFF7C0
:10C430003FFF80F00100C5B2BBE7F3685B7923B131
:10C44000336829461B6830469847F3681E68002EFB
:10C45000F3D1284600F0E8F90DF107008DF80760E8
:10C4600002F0ECFCD4F818340BB9029BA3609DF8E1
:10C47000070002F007FDDAE7D4F8104454B90D4B79
:10C480000D480E49C01AC008000440F0020000F038
:10C490005DF8CCE7236820469B689847E3681C68F2
:10C4A000ECE7002585E700BF486F01201432070044
:10C4B000546F012030320700A83207000CC8060074
:10C4C0002DE9F34704460E46924601A9012218467B
:10C4D0009946FFF7E5FD1B4F10B3019D4FF0000893
:10C4E000AA1CC84508EB020123D117480021FDF71B
:10C4F000DEFC80F31000000440EA1440E4006B1CF2
:10C5000004F03804DBB2EDB244F0010407EB83031E
:10C51000033544EA881444EA8624D86047F8254065
:10C520003B781BB1FFF7CEFE0028FBD102B0BDE87F
:10C53000F087C9B207EB81015AF82830CB6008F1C7
:10C540000108CEE7486F01206473012000231A46DA
:10C55000FFF7B6BF07B50123019201AAFFF7B0FFAD
:10C5600003B05DF804FB07B5CDE9002302236A465A
:10C57000FFF7A6FF03B05DF804FB1FB5CDE901236B
:10C58000069B039301AA0323FFF79AFF05B05DF80A
:10C5900004FB1FB5CDE90023069B0293079B039381
:10C5A0006A460423FFF78CFF05B05DF804FB7FB5F6
:10C5B000CDE90123089B0393099B04930A9B0593F0
:10C5C00001AA0523FFF77CFF07B05DF804FB7FB5E8
:10C5D000CDE90023089B0293099B03930A9B0493D4
:10C5E0000B9B05936A460623FFF76AFF07B05DF8C9
:10C5F00004FB00002DE9F7430446D01C884616468C
:10C6000001A900228008FFF74BFD234D80B3019F55
:10C61000B81C0190C0B2C0F58073B6EB830F00F177
:10C6200003004FEA830905EB80002AD832464146D1
:10C63000DDF7C6FC19480021FDF739FC80F3100036
:10C640007B1CDBB2FFB2220C05EB8303033742EA0B
:10C650000040E400D86004F0380455F8273044F076
:10C66000020444EA865203F47C131A4345F8272057
:10C670002B781BB1FFF726FE0028FBD103B0BDE8E5
:10C68000F0834A464146DDF79BFCA6EB090208EB26
:10C69000090105F10C00CBE7486F0120647301200C
:10C6A00030B50F49D1F8102403460020144634B9A0
:10C6B000DC6820714AB9C1F81034226030BDE468EA
:10C6C0002579854206D02468F1E7D2681168216097
:10C6D0001360F3E701300A28E8D14FF0FF30EDE7AF
:10C6E000486F0120084A38B50123D2F8104413706E
:10C6F0001D4604B938BDE3685D71236820465B6858
:10C700009847E3681C68F4E7486F01202DE9F84F6B
:10C71000B0F806A04579D2F800B09DF828900AFB41
:10C7200005F5043D88460BEB0301A94203F104041F
:10C7300088BFA5EB030BB4FBFAF607460AFB1644C9
:10C74000C2F800B04EB9AAEB04055D4528BF5D46AE
:10C75000BBF1000F04D1BDE8F88F3F68013EF1E75F
:10C76000043408EB06003C442A46B9F1000F0DD012
:10C770002146ABEB050BDDF723FCDA452E443F6881
:10C7800055464FF0000428BF5D46E1E701462046CC
:10C79000EFE70EF0F9BDF8B546790146721E054681
:10C7A000002393422D6803D30024A64202D8F8BD8B
:10C7B0000133F6E70F6828460EF021FE01343946B2
:10C7C000F3E72DE9F843068ACD1C07460EF0F3FD8A
:10C7D000043E35440446B5FBF6F5F0B14FF48073E2
:10C7E000EDB28380C680013D076081464FF00008AE
:10C7F000A84512D238460EF0DEFD064648B16379F0
:10C800000133637108F10108C9F80000076081462F
:10C81000EEE72046FFF7BFFF34462046BDE8F88329
:10C8200001210430FDF78ABB10B501210446043014
:10C83000FDF790FB10F0FF0F04D12046BDE810403B
:10C84000FFF7A9BF10BD1FB503920022009203AAF3
:10C85000FFF75CFF05B05DF804FB1FB503920122F2
:10C86000009203AAFFF752FF05B05DF804FB33DF27
:10C870007047000070B5274D044601212846FDF79A
:10C8800016FBBFF35F8F2E4638B9042C0AD0224B1B
:10C890001A781AB1BFF35F8F286070BD1F4A1470F9
:10C8A00001221A701E4C1D4D6368BBB9FFF71AFFB9
:10C8B000FFF708FD0028FBD1184B1B78023B012B2A
:10C8C00014D8BFF34F8F1749174BCA6802F4E062C0
:10C8D0001343CB60BFF34F8F00BFFDE71B68287881
:10C8E000984798B120460EF009FFDDE702F0C4FB3F
:10C8F00018B1FFF7BCFF20BFFDE74FF080430122D6
:10C90000C3F80025BFF34F8F20BFFDE7BFF35F8F54
:10C910003060C2E70C740120097401200874012002
:10C920000074012000ED00E00400FA0502681368BD
:10C930005268934291BFD01A80680130801888BF36
:10C94000C01A7047F8B5154602681768166852682D
:10C95000964284BF82680132961B0B46C2684168CA
:10C96000B542044607FB02110BD86A431846DDF7AF
:10C9700027FBA3683D449D4288BF002523681D60B6
:10C98000F8BD06FB02F73A461846DDF719FBE268E8
:10C990006168AD1B6A433844DDF712FBEEE70368BC
:10C9A00081681A685B688B4234BF01330023D31A55
:10C9B000584258417047F7B5002304460DF107006F
:10C9C0000D468DF8073002F039FA2046FFF7E7FFF1
:10C9D00010B1237C002B3CD12268A66853685168B3
:10C9E000B14234BF01310021516030B11168A068FB
:10C9F000814234BF013100211160E2686068511E3C
:10CA0000072920D8DFE801F004101F141F1F1F188A
:10CA10002A78C2542046FFF789FF23689A68824229
:10CA200000D29860002415E02A8820F81320F1E74E
:10CA30002A6840F82320EDE7D5E9006700EBC30042
:10CA4000C0E90067E6E7294602FB0300DDF7B8FA14
:10CA5000E0E704249DF8070002F014FA204603B032
:10CA6000F0BD30B585B0054601911446AAB100234A
:10CA70000DF10F008DF80F3002F0E0F92846FFF7B6
:10CA800055FF844228BF0446019928462246FFF7F5
:10CA900059FF9DF80F0002F0F5F9204605B030BDB2
:10CAA00037B5054600240DF107008DF8074002F068
:10CAB000C5F92B681C609DF807005C609C6002F063
:10CAC000E1F903B030BD13B5002304460DF10700B2
:10CAD0008DF8073002F0B2F92046FFF727FF044631
:10CAE0009DF8070002F0CEF9204602B010BD0368A1
:10CAF00018685B68C31A58425841704773B50023E1
:10CB000005460DF107000C4616468DF8073002F079
:10CB100095F92846FFF7EBFF002832D129680B680A
:10CB20002EB90A68A868824238BF561C0E60EA68AF
:10CB30006968501E07281ED8DFE800F0040E1D1299
:10CB40001D1D1D16CB5C237000249DF8070002F00C
:10CB500099F9204602B070BD31F813302380F3E715
:10CB600051F823302360EFE701EBC301D1E9002343
:10CB7000C4E90023E8E703FB02112046DDF720FAB1
:10CB8000E2E70524E1E710B58468FFF79CFF201A6F
:10CB900010BD2DE9F341044616460191FFF7F3FF5E
:10CBA000236801991A685D68AA429CBFA268013295
:10CBB000551B8046E26858686368AE4202FB00304D
:10CBC00017D87243DDF7FCF92368A1685A6832442C
:10CBD0008A4296BF5A680026B6185E602046FFF764
:10CBE000A5FE23689A68824238BF986002B0BDE80B
:10CBF000F08105FB02F73A460191DDF7E1F9E268C1
:10CC000001996068751B6A433944DDF7D9F92268D8
:10CC1000B0455560E2D25368A1688B4234BF0133FE
:10CC200000231360DAE773B505460E461446AAB131
:10CC300000230DF107008DF8073002F0FFF82B7C80
:10CC40007BB9AB689C4228BF1C4628462246314629
:10CC5000FFF79FFF9DF8070002F014F9204602B08D
:10CC600070BD2846FFF78FFF844228BF0446ECE7DB
:10CC7000836800225A60C3E904229A60DA601A606D
:10CC800070472DE9F0410646884617461D4683B990
:10CC9000B0687268D0E9033402F1010C191B6145D8
:10CCA0000ED100243C600DB3FDF769F90020BDE80A
:10CCB000F0818068FDF75AF90028E9D01120F6E7E5
:10CCC00003EA02012240914238BF64443A682CBF13
:10CCD000ACEB0104E41A944228BF144632683C606D
:10CCE0000A441C44C8F80020C460DFE72846DEE799
:10CCF000034680685B68826810B504690133234489
:10CD00009B1A8B4209D31144C0E90211FDF734F993
:10CD1000002814BF0020082010BD0420FCE7806814
:10CD200008B582680369D21A8A4207D31944C0E958
:10CD300004110430FDF723F9002008BD0420FCE7AE
:10CD400010B50D49A1F59472914201D800200FE071
:10CD50008C1AE30F03EBE4035B1002EBC30452F8FD
:10CD60003330834205D802D204F10802ECE7606850
:10CD700010BD2146E8E700BF30CD060008B5FFF73B
:10CD8000DFFF024B002808BF184608BDF3CB0600A2
:10CD9000D0E90223D1E90201994208BF90422CBF99
:10CDA000012000207047000008B50B4800F0B9FAD8
:10CDB0000A4B0B49D3E900231218D1E9000143F1D2
:10CDC00000038B4208BF824203D212F1807243F10A
:10CDD00000031046194608BDE4C60020187401205F
:10CDE000D075012037B505460C460A4801A90EF05A
:10CDF00056FA60B10570446001A906480EF079FA50
:10CE000018B1054800F092FA002003B030BD0420AC
:10CE1000FBE700BFBC750120E4C6002038B5184B05
:10CE20001B78044613B90025284638BD0028FAD0DF
:10CE3000037F03F0FF05002BF5D0FFF7B5FFD4E922
:10CE40000223994208BF904214D3236903B9237780
:10CE5000D4E90530984721690029E4D0237F03F005
:10CE6000FF05002BDFD0D4E90223521843F1000361
:10CE7000C4E90223034821460FF036F9D4E700BF86
:10CE8000207401203CCD060013B50023ADF804301A
:10CE900006238DF806301049104808234FF4CC7251
:10CEA0000EF0C8F9044698B90D4A0E4801A900F0E1
:10CEB00029F9044660B90B48012100F015FA012355
:10CEC000094A0848194600F077F9084B01221A7000
:10CED000204602B010BD00BF24740120BC750120A3
:10CEE00051CF0400E4C60020FFFF7F002074012022
:10CEF0003AB103685A614A1E5142514119610020FA
:10CF000070470720704738B5037F04460D4683B944
:10CF10008261FFF749FF2369401941F10001C4E92B
:10CF2000020103B1256121460020BDE83840FFF72A
:10CF300059BF002038BD0023014603770120FFF7C9
:10CF400051BF0000014800F0ECB900BFE4C600206A
:10CF50002DE9F04F85B0804600F0CEF940B15A4A35
:10CF6000D2E9003113F1807341F10001C2E90031CF
:10CF70000021404600F0CFF938B1544E336823B158
:10CF80003068FFF74BFF002333600121404600F07B
:10CF9000C2F920B1FFF708FF4D4BC3E900014D482E
:10CFA0004A4F4D4EDFF8389103A90EF0B2F9002830
:10CFB00045D1DFF82491454EDFF828A148460FF00F
:10CFC000A9F83368002875D07BB13368D0E9020135
:10CFD000D3E90223994208BF90422DD233681B7FC8
:10CFE0001BB1316848460FF07FF848460FF08CF8C7
:10CFF000D0E902B307460193FFF7D6FE019BBBEBD6
:10D00000000463EB0105012C75F1000345DBB4F569
:10D01000D40F40D3FFF796FF304A02444FF4160373
:10D020000021504600F0E8F800283ED1336813B9DB
:10D03000404600F0B9F8376005B0BDE8F08F0378DE
:10D04000012B1DD0022B09D14FF0000A30460FF002
:10D050005BF8002834D080F81CA0F7E73BB94168A2
:10D060000B7F23B901230B7730460FF03DF803A95E
:10D0700018480EF079F903A916480EF04AF996E718
:10D0800041683B68994202D100233B60EFE730469C
:10D090000FF043F8EBE7BA68C0E70021504600F014
:10D0A00030F93846FFF7BAFE01E00D28F9D0002329
:10D0B000336083E7002BBFD1404600F079F8BBE72F
:10D0C000012389F80030D2E718740120D8750120B7
:10D0D000D0750120BC7501203CCD0600FFFF690022
:10D0E00020740120E4C60020435882B03BB10023E5
:10D0F000435043580193019B012002B070471846EA
:10D10000FBE70000F8B5204B4479204D43F824207C
:10D110001F4A204B05EBC4049B1A2279DB081B0431
:10D1200032B143F002001C49FFF710FA0820F8BDA5
:10D1300002680C88C2F8084590F904608A7804797E
:10D140005201002ED2B219DB14498F1987F800233F
:10D150000122760904F01F0402FA04F441F8264083
:10D16000427905EBC201012445F832000C7143F00D
:10D1700003000B49FFF7EAF90020D8E7094904F05A
:10D180000F040A55ECE700BFE4750120DC750120AF
:10D1900030320700B832070048CD060000E100E059
:10D1A0006ACD060014ED00E0036801221A607047A2
:10D1B000036801225A60704773B501F15005AD0054
:10D1C0000068ADB24FF480348C400026C0F80843AC
:10D1D000C0F84843465101F5A8714559019522F020
:10D1E0007F42019D40F82120C0F844430BB1C0F8B4
:10D1F000044302B070BD00002DE9F74F0D4622F048
:10D200007F4402684FF4803705F150068F40804616
:10D21000B60002EB8500C2F84873B6B2C2F80873D4
:10D22000D2F8041599464FF0000BD0F84035C0F8FD
:10D23000401542F806B05B1A9259009223F07F43E2
:10D24000012B009A4FEA850A0CD1264B4FF48060DF
:10D2500043F001039847D8F8003043F806B09B59D3
:10D260000193019BD8F80010D1F80465C1F844730C
:10D27000A31B23F07F43012B1CD11A4B05F5A87586
:10D28000013443F0010341F825404FF48060984792
:10D29000D8F80030D3F804359E4209D1D8F80030D0
:10D2A0000020C3F84473C3F8047303B0BDE8F08FE3
:10D2B0000D20FAE78A44C9F1FF13CAF84045D1F8B6
:10D2C0000405221A013A22F07F4203F57F4393427C
:10D2D000EED3002AE2D10134CAF84045D1F8043532
:10D2E0009842DAE780CD060003680222C3F844239F
:10D2F00009B1C3F80423704700684FF48271FFF747
:10D30000F3BE4FF4803303FA01F10368C3F8481306
:10D31000C3F80813704750318900006889B2FFF7DD
:10D32000E3BE0368D3F804057047000090F90430A9
:10D33000002B09DB5A09012103F01F0301FA03F353
:10D340004032024941F82230704700BF00E100E05E
:10D35000024B034A1B681068184700BFE4750120A0
:10D36000DC75012043681B6818470000024B5B68AE
:10D3700003B11847704700BFE8750120020600F0AE
:10D380000F034CBF02480348DB001844704700BF3E
:10D39000F47501203C76012008B5FFF7EFFF01602E
:10D3A00009B14B681968416008BD0000024B014695
:10D3B000D3E90002104700BF3C76012038B5831E38
:10D3C000DBB2062B98BF1A4A1A4D98BFD25C2B7855
:10D3D000A3F10203DBB288BF0022062B9ABF1449D7
:10D3E000CB5C00239342044603D0B2B1124802F052
:10D3F00079FA022C14D0A4F10800424242412B7861
:10D40000022B0FD0A3F108014B424B41934202D0B3
:10D4100052B104F0E7FD2C7038BD02F09DFAE8E748
:10D420000122ECE70123F1E704F0D2FDF3E700BFAE
:10D4300037CE060091760120ECC600202DE9F04F92
:10D4400087B000260546884691461F4602966B68BF
:10D4500000225C682946012302A8A047044638B987
:10D460008DF8060004908246564503D8052028E032
:10D470000136ECE76B680DF10602D3F804B02946DB
:10D48000012304A8D8476B680DF10702D3F804B054
:10D490002946012304A8D8479DF8073043459DF845
:10D4A000063013D14C450FD1109A13603B7087F8AA
:10D4B00001806A68023B54682946BA1C04A8A04748
:10D4C000002007B0BDE8F08F0134E4B26A68023B87
:10D4D000D2F804B02946002204A8D8479DF80630A7
:10D4E0009A44C1E70378052B0CD1084AD2F884345A
:10D4F000D2F8802412F0FF0F04D1054ADBB2052BCD
:10D5000008BF1046034B1B68184700BF007002405D
:10D5100050CE0600E8750120FFF7E4BF012805D0D2
:10D52000022805D030B90448FFF7DCBF0348FBE709
:10D530000348F9E7704700BF44CE060048CE060016
:10D540004CCE06000148FFF7CDBF00BF54CE060009
:10D550002DE9F74305462D4804F05AFD04460028FE
:10D560004FD12B4B18702B4B18602B4B014618607A
:10D5700048222A48DCF74CFD294848222146DCF79E
:10D5800047FD284BADB9284A1D72C3E9002500208C
:10D5900002F08CFA30B1852804D0244A40F25F3181
:10D5A000DCF78AF8224F002697F8089007F109085F
:10D5B00014E095E8070083E807000028E7D11A4A3D
:10D5C0001A60E4E7A27823443946985CFFF7E4FE4A
:10D5D00001356278EBB29A42F4D80136F4B2A14533
:10D5E00004D904EB440444440025F2E70B2310481B
:10D5F0008DF8043001A9FFF7B5FE044608B104F028
:10D60000D9FB204603B0BDE8F08300BF19D5040064
:10D61000917601208476012088760120F47501201E
:10D620003C760120E87501201DDA040086CD060055
:10D6300068CE060010B502F06BFA04F0BBFB134A8B
:10D6400000211368B3B912491A460B68B3B9114ADD
:10D650001468BCB9214648220F48DCF7D9FC48229F
:10D6600021460E48DCF7D4FC0D4BC3E900449C6016
:10D67000204610BD1B6811601A46E2E71B680A606D
:10D68000191DE2E7216813600A1DE1E78476012095
:10D69000887601208C760120F47501203C760120EB
:10D6A000E875012010B504F04DFC10B908231846A8
:10D6B00010BD04F04FFC04460028F7D1064802F0E4
:10D6C00051FA03460028F2D0044A40F2C231DBF797
:10D6D000F3FF2346EBE700BF40CE060086CD0600F1
:10D6E00004F072BB04F0BEBF4FF08043D3F838247F
:10D6F000920702D50348FFF7F5BED3F83824D107C7
:10D70000F4D4704755CE060007B5822301A88DF8E2
:10D710000430FFF7E7FE03B05DF804FB07B5832391
:10D7200001A88DF80430FFF7DDFE03B05DF804FBBF
:10D7300013B5012000F0ACFD044628B1842301A8F4
:10D740008DF80430FFF7CEFE204602B010BD000079
:10D75000024B1878831E5842584170479176012039
:10D760002DE9F74300F1090190F8089005460026DD
:10D770000F46F3B24B452AD291F801800024E3B260
:10D7800098450AD98B780A190134D05CFFF7F6FD69
:10D790000368002BF3D0112028E001360331E8E7BD
:10D7A000A37823442946985CFFF7F6FD0136637899
:10D7B000F2B29342F4D808F101082B7A5FFA88F4A8
:10D7C000A34216D904EB44043C440026EFE74FF093
:10D7D0000008F2E713681A68002AFBD11D6001A94E
:10D7E0000B2328468DF80430FFF7BCFD03B0BDE8DD
:10D7F000F083014BEFE700BF84760120024B1878DD
:10D80000003818BF0120704790760120030710B53B
:10D81000044604D404F03CFD204604F0F1FF204609
:10D82000BDE8104004F096BF04F062BF014B1868D9
:10D83000704700BF84760120F0B50A4B0246186895
:10D8400078B1057A0023861DDCB2A54201D80368B1
:10D85000F5E7013303EB4307F75D9742F4D101B1DC
:10D860000C70F0BD847601201146FFF77BBD08B532
:10D8700000F00F03082B07D8FFF780FD006818B1F0
:10D88000BDE80840FFF76EBD102008BD38B5054B58
:10D8900005461C6804B938BD29462046FFF762FDDD
:10D8A0002368F6E78476012038B5074B05461C68E7
:10D8B0000CB9062038BD29462046FFF753FD06283F
:10D8C000F8D12368F3E700BF8476012013B504463E
:10D8D000019104F0E3FB50B1064B1B78022B06D1FB
:10D8E0000199204602B0BDE8104004F0E7BB0820D3
:10D8F00002B010BD9176012013B50446019104F0E9
:10D90000CDFB50B1064B1B78022B06D10199204666
:10D9100002B0BDE8104004F04BBC082002B010BDBE
:10D9200091760120F8B543689B6805460C4616467B
:10D9300013B92EB1072002E098470628F9D0F8BDA8
:10D940002B7AA34213D9093504EB44042C4467789D
:10D95000F3B29F4201D80020F1E762789A4208D9D9
:10D96000A219A378D05CFFF751FF0136F0E7737876
:10D97000FFDE00231B78FBE74368DB6870B50546D4
:10D980000C4603B198472B7AA34213D9093504EB0F
:10D9900044042C4400256678EBB29E4200D870BD4A
:10D9A00062789A4209D96219A378D05C04F0A0FE8B
:10D9B0000135F1E700235B78FFDE00231B78FBE7EE
:10D9C00043681B6903B118471846704770B5084B88
:10D9D0001C6804B970BD267A0025E9B28E4201D8D0
:10D9E0002368F5E700222046FFF79CFF0135F4E7A6
:10D9F0008476012070B5084B1C6804B970BD267A86
:10DA00000025E9B28E4201D82368F5E72046FFF7EA
:10DA1000B3FF0135F5E700BF8476012038B5037800
:10DA20000F2B044610D9A3F1800283F08003052B4D
:10DA300000D938BD052AFCD8DFE812F067002C00B9
:10DA4000490073007E00E0000F2BF2D801A252F8CB
:10DA500023F000BF5BDB04008BDB0400EBDB040086
:10DA6000AFDB0400CDDB0400FDDB04000FDC0400B1
:10DA700033DA040039DC04003DDC040041DC04003E
:10DA800033DA040033DA040033DA040033DA040052
:10DA900007DC04006B48FFF789FC6A48FFF7F6FED5
:10DAA0000D20FFF763FCFFF7A5FF00F078F9664B48
:10DAB0001B6853B9654B187A00F0010004F01EFA98
:10DAC0000120BDE83840FFF779BC0120F4E7FFF7FB
:10DAD00091FF04F0A5FD0020FFF770FC5C48FFF704
:10DAE000D5FE5B48FFF762FC0E20FFF73FFC594B69
:10DAF0001B78023BDBB2062B9BD8574AD35C002B2A
:10DB000097D0BDE8384001F027BF524B1B78062B59
:10DB100005D003F0FD03052B8BD10220D1E70820AF
:10DB2000CFE74C4B1B78032B83D104F0B5FD0028C5
:10DB30003FF47FAF0420C4E7464B1B78032B05D18D
:10DB400004F0AAFD10B10420FFF738FC04F00CFA31
:10DB500000283FF46EAF0620B3E73E4B1B78032B43
:10DB600001D0082B02D13D48FFF758FF0020FFF7F6
:10DB7000FDFB354B1D68002D3FF45BAF2846214669
:10DB8000FFF7F0FB2B685D68F5E7FFF733FF00F068
:10DB9000FDF80220FFF712FC0120FFF7E7FB20460B
:10DBA000FFF704FC2046BDE83840FFF76FBE294B65
:10DBB0001B78082B06D10220FFF700FC04F01CFAAA
:10DBC0000320EAE70520FFF7F9FBF9E70320FFF759
:10DBD000CDFB2348FFF7EAFB2148FFF757FE1D4B1B
:10DBE0001B78062B99D107206BE70320FFF7E6FB94
:10DBF0000220FFF7BBFB2046FFF748FE2046BDE8AA
:10DC00003840FFF7D3BB0F20FFF7B0FBCAE780789F
:10DC1000FFF7B4FB214643680068984700283FF4AB
:10DC200008AFA07802073FF404AF03073FF501AF48
:10DC3000BDE8384004F006BB0820E5E70920E3E72B
:10DC40000A20E1E756CE060088760120E87501201B
:10DC500057CE06009176012037CE060058CE06003A
:10DC600059CE0600002070472DE9F04F2DED028BB4
:10DC70004B6885B080460C4601926BB90B681B68F7
:10DC80001B684BB98D683DB9C0E90055284605B001
:10DC9000BDEC028BBDE8F08F04F0D0FA019BE76881
:10DCA0009F4228BF1F4604F110034FF0000A08EE00
:10DCB000103A8146564601254FB3A3686168BB42BE
:10DCC0009B4628BFBB4629B35A4609EB0600DCF742
:10DCD00077F900236360A268E368A2EB0B02A3EB71
:10DCE0000B03A260E360A7EB0B075E440ABBBAF12B
:10DCF000000F03D02268126812682260DBB123682B
:10DD0000DBB963601EB1019BB34288BF0025C8E93F
:10DD10000096BBE7002BDED021684B6818EE100A96
:10DD2000D3F804A009EB06025B46D0474FF0010A86
:10DD3000D1E7002BC0D10025BEE700230293216864
:10DD40004B680022D3F804B002A80123D84708B9D1
:10DD50002061B1E7A3680133A360F0E7084B1A78AC
:10DD600082420CD0052818BF064A187018BF1378D5
:10DD700005481CBF23F002031370FFF74FBE704726
:10DD8000A0760120BC76012078CE060008B50020E0
:10DD9000FFF73CFDBDE808408020FFF737BD08B520
:10DDA0000020FFF741FDBDE808408020FFF73CBDA3
:10DDB00038B505460C4604F0E3FAA84205BFD4E99D
:10DDC0000001034B1020C3E9000108BF002038BD4B
:10DDD000C07601207FB5C38893421E4628BF1646F1
:10DDE00093420D46144625D9802004F051F9B4FB26
:10DDF000F0F202FB1040B0FA80F0400900230390DB
:10DE00000DF103008DF80330CDE9015601F016F84D
:10DE100001A98020FFF75AFD044620B90649802059
:10DE2000FFF7C6FF04469DF8030001F02BF82046DB
:10DE300004B070BD0020E1E7ACCE06002DE9F04F44
:10DE40000B780E2B89B00D4613D8A3B1013B0D2BD7
:10DE500011D8DFE813F012001A00160010002A0093
:10DE6000F30110001000100010001A00DD01E101A4
:10DE7000F101852B13D00624DAE10320FFF76EFFB2
:10DE8000F9E7B048FCF778F808B90024D0E1AE4BC8
:10DE900001221A60BFF36F8FBFF34F8FF5E7AB4BD3
:10DEA0001B78032BE7D10420E8E70523A84D8DF864
:10DEB00014300DF1150004F0FBF900232B609DF8E0
:10DEC000153003F01F07032F00F25B81DFE817F026
:10DED0000400F4005001370013F0600FC3F3411841
:10DEE0002DD1DB099DF8162000F09F80062A0FD067
:10DEF000082A00F08C8012BB96490B70964B4A7032
:10DF00001B789B0744BF03230B70022291490EE04C
:10DF10009DF81830022B16D0032B68D0012B0ED1A0
:10DF2000BDF81B30002B00F070818C4912220DF1DE
:10DF30001500FFF74FFF0446062C40F02A8105A884
:10DF4000FFF7B2FCFCE0BDF81B60002E00F05D8125
:10DF5000092E28BF0926FFF769FC4FF0090904467E
:10DF600074BB7C4C7E4932462046DCF729F8277189
:10DF7000A4F80290FFF742FC18B1E37943F02003C4
:10DF8000E371FFF753FC774BC3E900049E60BDF8D3
:10DF90001B20DA6003A800238DF80C3000F04EFF40
:10DFA00071498020FFF7A8FC044620B96F49802002
:10DFB000FFF7FEFE04469DF80C0000F063FFBBE790
:10DFC000CDF80C804FF0000A63680022D3F804B04B
:10DFD0002146012303A8D84730B9237A1F44236878
:10DFE000D1441C68FFB2BBE70AF1010AECE7BDF8B7
:10DFF0001B30002B00F00981BDF819109DF81700A7
:10E0000000F098F90146002899D002788FE74F4A2E
:10E010001278052A03D14F4A1370012276E7042AA9
:10E020008DD14C4B83F80080F7E7032A10D0092AE2
:10E030002CD0012A83D1BDF81730012B7FF47FAF9C
:10E04000FFF7DCFB60B1444A137823F002030FE0D2
:10E05000BDF81730012B7FF472AFFFF7CFFB18B973
:10E060000F2404F083F9E3E03B4A137843F0020302
:10E0700013702B68002B00F0C88004F081F904466F
:10E0800000287FF402AF04F035F9D1E02F4B1B7864
:10E09000043B012B01D90824E3E79DF817302BB985
:10E0A000FFF7A8FC0420FFF759FEE2E7012B40D15F
:10E0B000FFF78CFC0520F6E79DF8190003A9FFF790
:10E0C000BBFB064608B91024CBE79DF80C1005AA47
:10E0D000FFF7CAFB062804465BD19DF8152012F015
:10E0E000600FBED1194B9DF80C1018789DF81630B2
:10E0F000D20916D07BB10A2BB3D10528CBD130463B
:10E100000192FFF75DFC1349019A08700DF11500AB
:10E11000FFF760FE14E00528BDD10E490B800222F6
:10E12000F4E70B2B9DD10528B5D1BDF81730FF2B97
:10E1300001D9072495E79DF817203046FFF7F2FB39
:10E14000044626E0C87601205C700240A0760120DB
:10E15000C0760120CC760120BC76012098CE060046
:10E1600079CE0600A4760120B4CE0600ACCE06001F
:10E170009DF81900070706D19DF8153013F0600FC0
:10E180000BD006246DE705A9FFF771FB06280446AE
:10E19000F2D0002C3FF46DAF63E79DF81620354BAD
:10E1A0009DF819401B78012A1DD0032A0CD0002AA3
:10E1B000E7D1052B02D026077FF46DAF204604F08F
:10E1C0004DF82D490880AAE72007DAD4BDF81720BA
:10E1D000002AD6D1052B02D021077FF45CAF204660
:10E1E00004F030F845E72207CBD4BDF81720002A09
:10E1F000C7D1052B02D023077FF44DAF204604F092
:10E2000047F8204604F0FCFA33E704F0A5F83CE6B2
:10E210000020FFF7A3FD38E64FF08043D3F83844E1
:10E2200014F0010401D00220F3E70120FFF796FD6E
:10E23000204609B0BDE8F08F0120EAE7C87803283E
:10E240003FF419AE0D4E33688BB100227168326015
:10E250009847044600287FF404AF336823B1AB78B5
:10E26000002B7FF412AE0EE704F076F8E0E70E2400
:10E27000F7E600BFA0760120CC760120C076012011
:10E2800008B1402303600148704700BFCC760120ED
:10E29000034B1B7843FA00F000F00100704700BF09
:10E2A000BC76012070B54FF0805286B0D2F8A8300D
:10E2B000D2F8A42000926FEA83436FEA93430B4A9B
:10E2C0000B4E9BB20D2102A816F0C8FF02AD002430
:10E2D00002A8DCF7E9FB844201D306B070BD15F853
:10E2E000013B06F8013B0134F2E700BFBCCE06005B
:10E2F00018CD012010B50E4B53F8204023780BB9F0
:10E30000A01C10BD0020FFF7BBFF013C00235A1CDE
:10E31000A15C39B9DBB201335B00DBB243F440737B
:10E320000380EEE7D3B220F813101346EFE700BFE7
:10E3300014CF0600034608B9FFF7DCBF012807D059
:10E34000022805D0032803D0042801D0052809D1CC
:10E35000054800EB4303587820B1044B53F82030B4
:10E36000002BE9D1002070472CCF060014CF060007
:10E37000C36903B11847704703680022C3E91E222E
:10E38000C3E920221A845A62DA6203F134025A671E
:10E390007047CA699A4210B543600CD38C69046017
:10E3A000086F18440867D01A1C44C86100388C6193
:10E3B00018BF012010BD01F1280202608B67002008
:10E3C000F8E70000F0B504680D7A002C00F08780B3
:10E3D000A4F213347C2C00F222837C2C00F21F83E5
:10E3E000DFE814F085008F009D00A900B500C10092
:10E3F000CD00D9001D031D031D031D031D031D03B7
:10E40000EF00FB001D031D031D031D031801240164
:10E4100032011D031D031D03450151017F011D0331
:10E420001D031D031D03670173017F011D031D03F0
:10E430001D031D031D031D038B011D031D031D0370
:10E440001D039F01AB01B701C301CF011D031D03D4
:10E45000DB01E701F301FF010B021D031D0317029E
:10E460002302340240021D031D034C0258026402C1
:10E4700070027C021D031D031D031D031D031D03EC
:10E480001D031D031D031D031D031D031D031D038C
:10E490001D031D031D031D031D039B02A7021D0376
:10E4A0001D031D03C0021D031D031D031D03DD020B
:10E4B0001D031D031D031D03DD021D031D031D039D
:10E4C0001D031D031D03E902F5021D031D031D03AA
:10E4D0001D0313031D031D031D031D031303082444
:10E4E000047123B940F2133303600120F0BD0AB177
:10E4F000047914700B24012B04710ED84FF445736A
:10E50000F2E700240AB10679165501340E7D067132
:10E510009C4205D340F21533E6E70124F2E70024DC
:10E520000AB106791655013402269C42067103D3BE
:10E5300040F21633D8E700240AB1067916550134A3
:10E5400002269C42067103D340F21733CCE7002425
:10E550000AB106791655013402269C42067103D38E
:10E560004FF44673C0E700240AB10679165501340A
:10E570004E7E06719C4203D340F21933B4E7002467
:10E580000AB106791655013400269C42067103D360
:10E5900040F21A33A8E700240AB106791655A94EAD
:10E5A000002701343770A74E3678AE4202D340F2CE
:10E5B0009A3399E70926A342067103D840F2213322
:10E5C00092E700240AB106791655013404269C42CC
:10E5D000067103D340F2223386E700240AB106799C
:10E5E0001655984E0F7A3678DFF85CC2B74204F1C0
:10E5F000010440F2188201F1090706EB460607EB19
:10E60000060E9C42BE5DCCF800E0067103D340F2DA
:10E61000273369E700240AB106791655013400262C
:10E620009C42067103D34FF44A735DE700240AB19C
:10E6300006791655844E36680134767806719C4208
:10E6400003D340F229334FE700240AB10679165567
:10E650007D4E0F7D36683678B74204F101041ED135
:10E6600002269C42067103D340F22D333CE700247E
:10E670000AB106791655013402269C42067103D36D
:10E6800040F22E3330E700240AB1067916550134E2
:10E690004E7E06719C4225D340F22F3324E78F7DB6
:10E6A000B74223D10A269C42067103D34FF44D731F
:10E6B0001AE700240AB106791655013400269C4257
:10E6C000067103D340F235330EE700240AB1067910
:10E6D0001655013400269C42067103D340F23633AE
:10E6E00002E700240AB10679165501340026A34238
:10E6F000067103D840F23D33F6E600240AB10679EC
:10E700001655514E0F7D36683678B74204F1010434
:10E7100040F0E98005269C42067103D340F2423363
:10E72000E2E600240AB106791655013424269C42FB
:10E73000067103D340F24333D6E600240AB10679CA
:10E740001655013400269C42067103D34FF45173D1
:10E75000CAE600240AB106791655013410269C42F7
:10E76000067103D340F24533BEE600240AB10679B0
:10E770001655013401269C42067103D340F24633FC
:10E78000B2E600240AB106791655013405269C42EA
:10E79000067103D340F24933A6E600240AB1067994
:10E7A0001655013424269C42067103D340F24A33A5
:10E7B0009AE600240AB106791655013401269C42D6
:10E7C000067103D340F24B338EE600240AB106797A
:10E7D0001655013403269C42067103D34FF453733C
:10E7E00082E600240AB10679165501348E7D067141
:10E7F0009C4203D340F24D3376E600240AB10679F9
:10E800001655013404269C42067103D34FF4547309
:10E810006AE600240AB106791655013424269C4282
:10E82000067103D340F251335EE600240AB1067943
:10E830001655013402269C42067108D340F2523329
:10E8400052E600BF0D7701201077012000240AB1A5
:10E8500006791655013402269C42067103D340F214
:10E86000533341E600240AB10679165501340526D2
:10E870009C42067103D340F2563335E600240AB1B8
:10E8800006791655013424269C42067103D340F2C2
:10E89000573329E600240AB10679165501340626B5
:10E8A0009C42067103D34FF456731DE600240AB14F
:10E8B0000679165501340E7D06719C4203D340F251
:10E8C000593311E600240AB10679165501348E7DBC
:10E8D00006719C4203D340F25A3305E600240AB184
:10E8E000067916550134534E36687778524E377094
:10E8F000524E00273770514E37784F4E3678B74218
:10E9000004D34F4F3E7801363E704CE60726A342B3
:10E91000067103D840F26E33E6E500240AB10679A9
:10E920001655013405269C42067103D340F26F331D
:10E93000DAE500240AB1067916553E4E3F4F366897
:10E940003F7896F801C0BC4504F1010470D996F8EF
:10E9500002C03E449C4216F80C60067103D340F29C
:10E960007333C1E500240AB106791655314E0F7D87
:10E9700036683678B74204F1010406D103269C427A
:10E9800006710DD34FF45E73AEE58F7DB7420BD1A8
:10E9900002269C42067103D340F27D33A4E5002495
:10E9A0000AB10679165501344026A342067103D8F0
:10E9B0004FF4617398E500240AB1067916550134C5
:10E9C00000269C42067103D340F285338CE5002477
:10E9D0000AB106791655174E0F7D36683678B7425C
:10E9E00004F1010407D10E6A9C42367806710DD3FA
:10E9F00040F28A3378E58F7DB7420BD100269C42E6
:10EA0000067103D340F28F336EE500240AB1067914
:10EA100016550134094F3E7801363E706BE70023EE
:10EA20000360184662E50023CCF800301B78FFDE57
:10EA30000023FBE7107701200C7701200E770120DF
:10EA40000D77012060B90B681A7B202A0AD11A467B
:10EA500052F80E1F99619188998392799A7770473D
:10EA60000320704706207047037A012B08D9427BA8
:10EA7000012A00F10C0306D9827B134458787047B1
:10EA800000235B78FFDE00231B78FBE72DE9F047CE
:10EA90000B7888B005460E460E2B1AD8DFE813F027
:10EAA0005C003C015C005C0019000F00A70019002D
:10EAB0001900390119005C005C005C005C004A78B8
:10EAC000D1094FEA521330D013F0030303D0012BC6
:10EAD00021D006241BE002F01F02012AF9D1B478EC
:10EAE000062CF6D105A80393FFF7CAFB03AB0093EE
:10EAF000F2783179034607462846FEF79FFC052841
:10EB000005D0039A3946701CFFF764F90446204685
:10EB100008B0BDE8F087B378212BDAD1B6F807202A
:10EB2000072AD6D101681831EDE7012BD1D1B3788E
:10EB30000768202B12D0222BCBD1B6F80730002B40
:10EB4000C7D197F82020B6F803303B8402F00102C9
:10EB500003F001018A4225D10024D8E7B6F8073036
:10EB6000072BB6D14FF4E462BA8100240DF10B00FB
:10EB70000E37CDE9057307948DF80B4000F05EF970
:10EB8000204605A9FEF7A2FE044630B9684B03A94A
:10EB9000CDE90335FFF70CF904469DF80B0000F0B2
:10EBA00071F9B4E78CB2C1F10301C9B2FFF7E0FB20
:10EBB000002CD1D12B7A012B40F2B4806B7B05F174
:10EBC0000C02002B00F0B080AB7BD05C03F07EFC2D
:10EBD0002846FFF749FF03F079FC07F13403C7E942
:10EBE0001E44C7E920447C62FC627B678FE7037A9E
:10EBF000002B00F09B80837A00F10901002B00F0CC
:10EC00009380C27AB3788A5C9A42A5D01B06F778C3
:10EC100009D527B1032F14BF0324002477E701216E
:10EC2000FFF7A6FB98E707F0FD03012B94D0002F18
:10EC300076D10668FFF718FF3E4BB46A059306F1DC
:10EC40000C0381460693C4B9F36FB467C6E91F434A
:10EC5000F36A63B1D6E90B0106F1240383E80300EC
:10EC6000F46205A94846FEF747FE044600E07462D8
:10EC700000212846FFF77CFB49E7D6F884A0706A9C
:10EC8000544528BF544606F1340822464146DBF776
:10EC900097F9F36F2344C6E91F73AAEB0403B36724
:10ECA000F36A444474672BB306F1240406F12C087C
:10ECB00098E8030084E80300B36F706AF7621BB939
:10ECC000736A002BCDD116E0B26A716F9A4214D8E4
:10ECD000DBF776F9B36AB26FC6F88030D21AB26742
:10ECE000726F1A44726700212846FFF741FBF36AEE
:10ECF000002BDDD173620024BAE71A46DBF760F916
:10ED0000B26FB36AF2679B1AB362736A1344736299
:10ED1000D6E70321FFF72CFB2846FFF72DFB1BE767
:10ED20000324F4E66378FFDE1B78FCE75B78FAE700
:10ED300045EA040093E304001FB503681B8CDC075D
:10ED400014D5037A012B13D9437B00F10C0493B142
:10ED5000837BE05C9306CDE901120CBF0123002305
:10ED600001A90393FEF7B2FD04B010BD0820FBE734
:10ED700000235B78FFDE1B78FCE70368D3F8800094
:10ED800070470368986F70472DE9FF410468238C32
:10ED9000DB0780460F4616464BD500230DF10700D2
:10EDA0008DF8073000F04AF8656A002D39D1A16F5F
:10EDB000B14214D3616F32463846DBF701F9A36FD5
:10EDC000C4F880609B1BA367636F334463679DF83F
:10EDD000070000F057F8284604B0BDE8F081C4E908
:10EDE00009764046FFF740FE134B029304F10C03F3
:10EDF0000646039369B10A463846616FDBF7E0F8CF
:10EE0000A36FA26AD21AA262626AC4E91E531A44AC
:10EE1000626202A93046FEF76FFD051E08BF92250B
:10EE2000D5E7E36A1BB9C4E90B769225CFE7112534
:10EE3000CDE70825CFE700BF93E3040070B5EFF3FB
:10EE4000108672B60C4A946801239CB993600B4BF0
:10EE50000B4DD3F8801029401160C3F88050D3F8CF
:10EE6000841051604FF0FF32C3F88420047006B95B
:10EE700062B670BD0370FAE728CD012000E100E022
:10EE8000FC06FFBD084B9A6810B55AB150B9EFF3B4
:10EE9000108172B6054A1C6814605C685460986002
:10EEA00001B962B610BD00BF28CD012000E100E02D
:10EEB00010DF704711DF704713B5044609496846F3
:10EEC0000CF012FC019808B902B010BDD0E9002185
:10EED0002046904718B168460CF010FCF2E711206C
:10EEE000F2E700BF18D0060013B50446074968468C
:10EEF0000CF0FAFB019B0BB902B010BD2046D3E920
:10EF00000021904768460CF0F9FBF3E730D006008B
:10EF1000084B9A6822B11A6822F480021A6070477E
:10EF2000054B4FF48002C3F88020BFF34F8FBFF32F
:10EF30006F8F704728CD012000E100E00C4991F867
:10EF400016335A09EC231341DB0706D5094B9A689F
:10EF50004AB94FF480030B607047074AA12142F27F
:10EF60000200DAF7A9BB1A6842F480021A607047FF
:10EF700000E100E028CD012061CF0600F7B5194F70
:10EF80003C7864BB184E012520463570FFF794FF8E
:10EF9000112821D02046FFF7A7FF144B8DF803401E
:10EFA000186801900DF10300FFF748FF104901A810
:10EFB000FFF77EFF0446B0FA80F0400938709DF8F4
:10EFC0000300FFF75FFF3CB90A4B34701C70FFF77A
:10EFD000B5FF2846FFF788FF204603B0F0BD0824A0
:10EFE000FAE700BF157701201477012013D006003F
:10EFF000E596020016770120F7B5154F3B781BB355
:10F00000144E01203070FFF757FF11284FF0000514
:10F010001CD00220FFF768FF0DF107008DF80750A4
:10F02000FFF70CFFFFF746FF04469DF807003D7011
:10F03000FFF728FF2CB93470FFF76AFF0320FFF7B2
:10F0400053FF204603B0F0BD0824FAE72C46F8E74A
:10F050001577012014770120054B1B7833B1054B40
:10F060001B780BB1FFF7C8BFFFF788BF08207047B8
:10F070001477012015770120014B1878704700BFE5
:10F080001577012007B5084968460CF02DFB019B58
:10F0900013B903B05DF804FBD3E90020904768463C
:10F0A0000CF02CFBF3E700BF24D00600FFF7EABF0B
:10F0B00060DF704769DF704761DF704730B5134D1F
:10F0C000ADF5017D4FF4FA740DF1020103A8ADF81E
:10F0D0000240FFF7F1FF70B9294601A80CF004FBCC
:10F0E000029B002BF0D003A8D3E90021904701A890
:10F0F0000CF004FBF4E7052804D0054A40F23B116C
:10F10000DAF7DAFA0DF5017D30BD00BF68D30600ED
:10F110003CD00600024B1B780BB1FFF7CFBF704706
:10F120001777012030B5054685B00C46002900F060
:10F13000AE800023574A0A60CDE9013303938DF86E
:10F140000400062301A920208DF80630ADF8083010
:10F15000FFF7B0FF60B1FDF711FE4F4B4F4902467C
:10F160004F481B1ADB081B0443F00100FDF7F2F9BE
:10F170000023CDE90133039301238DF80530226884
:10F1800040F2051301A94020ADF80630FFF792FFC9
:10F1900060B1FDF7F3FD404B4249024640481B1A5F
:10F1A000DB081B0443F00100FDF7D4F90023CDE98F
:10F1B0000133039322688DF80450F72301A923201B
:10F1C000ADF80630FFF776FF60B1FDF7D7FD324BA3
:10F1D0003549024632481B1ADB081B0443F0010084
:10F1E000FDF7B8F90023CDE9013303932268032327
:10F1F00001A901208DF80430FFF75CFF60B1FDF735
:10F20000BDFD254B2949024625481B1ADB081B0476
:10F2100043F00100FDF79EF90023CDE90233226897
:10F220004FF4B06301A9A1200193FFF743FF60B140
:10F23000FDF7A4FD184B1E49024619481B1ADB08AE
:10F240001B0443F00100FDF785F900254FF0000392
:10F2500065F300032268039501A9A020CDE90155BB
:10F260008DF80430FFF726FF034668B1FDF786FDF1
:10F27000094B104902460A481B1ADB081B0443F0DD
:10F280000100FDF767F92B46184605B030BD0E2387
:10F29000FAE700BF90A1002038330700EAD006004B
:10F2A0003032070030D106007CD10600C3D1060001
:10F2B0000FD2060060D2060073B505460668FFF758
:10F2C000F7FE2B68B34204461DD91A481A4B1B4956
:10F2D0001B1ADB081B0443F002000190FDF736F90E
:10F2E0002B68174901983246FDF73DF94FF08053DE
:10F2F0002A68D3F80C31134901989B0203F100539B
:10F300009A1AFDF727F92CB90F4B01221A702046E3
:10F3100002B070BD2046FDF731FD074B0B49024698
:10F3200004481B1ADB081B0443F00100FDF712F927
:10F33000EDE700BF3032070038330700B3D20600D4
:10F34000E2D2060013D30600177701203DD3060052
:10F350004BDF70471FB50E4C01A8FFF7F9FF70B9DE
:10F36000214602A80CF0C0F9039B002BF4D00198B1
:10F37000D3E90021904702A80CF0C0F9F4E7052872
:10F3800003D0044A6B21DAF797F904B010BD00BF2F
:10F3900030D4060074D30600826810B50446406875
:10F3A000531C834205D820688154A360E36801336D
:10F3B000E360D4E901329A420BD1216820690DF053
:10F3C0003FF9A368984215BF4FF0FF330023E36075
:10F3D000A36010BD2DE9F84F9946DDE90A431646B2
:10F3E000054688460A464FF0010AB24212D2CA4583
:10F3F00038BFCA4613F0010B01D184B90024EB6871
:10F40000002B48DB0127B9F1010F1FD909F1FF39A2
:10F410007743F8E70AF1010AB2FBF6F2E5E79B074A
:10F4200012D5B9F1000F0CBF30272027A245E6D234
:10F4300039462846FFF7B0FFEB68002B04F1FF3494
:10F44000DDDB002CF2D1D9E72027EFE7B8FBF7F39B
:10F450009E42DDD9DFF84890B8FBF7F3284619F84B
:10F46000031007FB1388FFF797FFEB68002B03DB04
:10F47000B7FBF6F3B74210D2BBF1000F0BD054B17B
:10F48000A24508D220212846FFF786FFEB68002B13
:10F4900004F1FF34F3DABDE8F88F1F46DCE700BF64
:10F4A0003CD406002DE9F04F9BB00AAB0E46059305
:10F4B00040210023CDE90613CDE90830039015461D
:10F4C0004FF00A0A16F8011B39B9089B002B00F30C
:10F4D0000B8108981BB0BDE8F08F252940F0B5805E
:10F4E0004FF0000B07E0302B0FD14BF0020B01E087
:10F4F0004BF0010B0E46314611F8013B2D2BF7D096
:10F50000F1D8232B11D02B2B0CD00024314611F82D
:10F51000013BA3F1300009280AD80AFB0434303C2F
:10F520000E46F3E74BF0040BE4E74BF0080BE1E782
:10F530002E2B0FD10E464FF00009304610F8011B5C
:10F54000A1F13007092F07D80AFB0913A3F13009ED
:10F550000646F2E74FF00009304610F8011B01F0B3
:10F56000FB07682F0646F8D0782909D86F290BD8F1
:10F57000632966D020D8252967D0582900F09480C7
:10F58000089B002B9EDAA0E770390829F8D801A360
:10F5900053F821F0D9F6040081F5040081F5040048
:10F5A000B9F6040081F5040097F6040081F5040023
:10F5B00081F50400A9F604006429E1D129680F68E7
:10F5C000081D87EAE7712860A1EBE7714FF0010899
:10F5D00009293EDCC84538BFC8462CB1002F02DBE4
:10F5E0001BF0040F00D0013C1BF0020F02D0B9F158
:10F5F000000F04D01BF0010F01D17CBB002408993F
:10F600000029BDDB002F35DA7F422D2105A8FFF749
:10F61000C3FE08990029B3DB0BF00301022904D1D2
:10F62000B9F1000F01D154BB002408990029A7DBD0
:10F63000CDE9004B4B460A22394605A8FFF7CAFE22
:10F640009EE72B681A1D19782A6005A8FFF7A4FE0B
:10F6500096E708F10108B1FBFAF1B9E7A045CED26F
:10F66000202105A8FFF798FE0899002904F1FF342E
:10F67000C3DAC4E71BF0040FCBD02B21C6E7A045AB
:10F68000D3D2302105A8FFF787FE0899002904F19D
:10F69000FF34C8DAC9E72968CDE9004B081D2860A6
:10F6A0004B460A220968C8E72968CDE9004B081DC6
:10F6B00028604B461022F5E72B681A1D2A601C684B
:10F6C00014F8011B00293FF45BAF05A8FFF764FEA7
:10F6D000089B002BF4DA53E729680B1D2B600022EE
:10F6E0000823CDE90032E5E7079A1AB103980AA981
:10F6F0000CF0A6FFDDE9072313440893E9E600BFF9
:10F700000EB403B503AB01AA53F8041B0193FFF732
:10F71000C9FE02B05DF804EB03B0704742DF7047EA
:10F7200043DF704744DF704738B5074C051E04F1CE
:10F73000080318BF1C4623682BB11A6822605B6857
:10F7400028469847F7E738BD2077012020B9054BB8
:10F7500001225A70FFF7E8BF012802D1014A9070D8
:10F76000F8E770471877012020B9034B01225A703F
:10F77000FFF7DABF704700BF1877012038B50E4C8D
:10F780002378B3B90D486360A3602361E36000F0A0
:10F79000CFFA0546FFF770FC08B900F0D5FA01234F
:10F7A0002370074BD3F800340BB10123A370284614
:10F7B00038BD8525F5E700BF187701204DF7040017
:10F7C0000000014037B5184CA378054603F0FF024E
:10F7D0009BB110B143680120984700230DF1070049
:10F7E0008DF80730FFF72AFBE3689DF80700013327
:10F7F000E360FFF747FB03B030BD0DF107008DF864
:10F800000720FFF71BFB25B1226913463BB92A608D
:10F810002561E368002BE7D100F0ACFAE4E79D42F4
:10F82000F7D01B68F2E700BF1877012037B50D4C01
:10F8300000230DF107008DF80730FFF7FFFAE368AA
:10F84000013BE360E36833B9074BD3F8005415B9C3
:10F8500000F09EFAA5709DF80700FFF713FB03B0B8
:10F8600030BD00BF1877012000000140012813B50A
:10F870000CD0032820D038B9124B0122C3F88020C5
:10F88000BFF34F8FBFF36F8F02B010BD0E4C00233C
:10F890000DF107008DF80730FFF7D0FA23780BB988
:10F8A000FFF76CFFE3689DF807000133E360012375
:10F8B000A370FFF7E7FAE7E700F046FAFFF7B6FFB5
:10F8C000E2E700BF00E100E01877012008B5FFF78C
:10F8D000D3FB28B94FF08043D3F81804C0F300409D
:10F8E00008BD000037B51B4C6378054603F0FF02E6
:10F8F0009BB110B143680020984700230DF1070029
:10F900008DF80730FFF79AFA63689DF80700013316
:10F910006360FFF7B7FA03B030BD0DF107008DF853
:10F920000720FFF78BFA25B1A268134653B92A6066
:10F93000A5606368002BE7D1FFF79EFB30B1FFF7AE
:10F94000EDFEE1E79D42F4D01B68EFE700F034FAEA
:10F95000DAE700BF1877012073B50F4C00230DF1D3
:10F9600007008DF80730FFF769FA6368013B6360B1
:10F97000666836B9FFF780FB054640B1FFF7D0FE59
:10F9800066709DF80700FFF77DFA02B070BD00F0C9
:10F990001FFA6570F5E700BF1877012007B5FFF77C
:10F9A0006BFB48B101A8FFF7BDFE0198003818BFF6
:10F9B000012003B05DF804FB4FF08043D3F80C0442
:10F9C00000F00110A0F1011358425841F1E736DF71
:10F9D00070474DDF70474EDF70474FDF704750DF95
:10F9E000704710B50446FFF7F6FF40B92046FFF711
:10F9F000F0FF20B92046BDE81040FFF7EEBF10BD74
:10FA0000012810B5044602D100F0F2FE804700F054
:10FA1000F5FE034668B10A2C07D00B2C07D0092C41
:10FA200007D10220BDE8104018470020FAE7012066
:10FA3000F8E710BD012813B5044603D003281AD0F7
:10FA400002B010BD00230DF107008DF80730FFF75D
:10FA5000F5F900F0CDFE10B12046FFF7B8FF9DF894
:10FA60000700FFF70FFA00F0C9FE0028E8D00120D8
:10FA7000FFF7B7FFE4E70C4BC02283F80023012215
:10FA80001A6000F0B5FE20B14FF080430422C3F8A5
:10FA9000042300F0B3FE0028D2D04FF080434FF48F
:10FAA0006072C3F80423CBE700E100E038B50A4DEB
:10FAB0002B78044663B9FFF7DFFA58B90748002CE2
:10FAC00018BF204600F0A0FE08B901232B7038BDF6
:10FAD0008520FCE70820FAE72C77012052D40600A5
:10FAE00008B5FFF7C9FA30B10020FFF770FFBDE895
:10FAF000084000F0DBBE00F0CBFEF8E708B5FFF7EA
:10FB0000BBFA08B900F0D8FEBDE8084000F0DABE44
:10FB100013B500240DF107008DF80740FFF78EF9AB
:10FB2000FFF7AAFA50B12046FFF75BFF9DF80700E8
:10FB3000FFF7A8F900F0E0FE02B010BD00F0D5FE1E
:10FB4000F4E7000008B500F081FEFFF7C9FFFFF7FA
:10FB5000D5FFFFF7DDFF024B00221A7008BD00BF82
:10FB60002C7701201FB50190FFF7D2FF019800F01C
:10FB7000AFFEFFF781FA0446A0B10120FFF731FF85
:10FB8000044660B903A8FFF72AFF044638B9039B6F
:10FB9000DB0704D500F032FE034620469847204696
:10FBA00004B010BD00F09AFEF9E700001FB503781D
:10FBB0008DF800308388ADF8043083688DF8063006
:10FBC000C3688DF80730036902934369054A0393BC
:10FBD000054B684653F8213052F82110984705B07C
:10FBE0005DF804FB3077012038770120024B4FF499
:10FBF000807043F00103184760D406001F2886BFB9
:10FC0000054A00F01F004FF0A042012303FA00F064
:10FC1000C2F80805704700BF000300502DE9F04707
:10FC2000154690F80080394A42F82850384A42F880
:10FC300028304B7B06460C46A3B30868DFF8D89003
:10FC40004FF0A04100F5E07340F20C6241F8232030
:10FC5000636803F5E073002741F82320FFF7CEFF28
:10FC60006068FFF7CBFF236803F5E07340F20D6295
:10FC700041F82320636803F5E0734FF0010A41F86F
:10FC80002320FFF7B3FF63681F2B8ABF4A464FF05C
:10FC9000A04203F01F03D2F8102522FA03F3DB077A
:10FCA0000BD507BB002D1B4A434608BF2A462146F9
:10FCB000301DBDE8F04701F02BBA23681F2B86BF2B
:10FCC00003F01F034A464FF0A0420AFA03F3C2F8BA
:10FCD0000C35FFF78BFF01372068FFF78FFFFFF729
:10FCE00085FF092FCFD163681F2B86BF0A4903F018
:10FCF0001F034FF0A041012202FA03F3C1F80C35B3
:10FD0000FFF774FF6068FFF779FFCBE738770120D2
:10FD100030770120ADFB04000003005000F180406B
:10FD2000002382B0036003680193019B02B0704717
:10FD3000044A137923B90121106091801846704755
:10FD40008520704740770120084B1A68D20704D4F9
:10FD5000C02283F8002301221A604FF08042012361
:10FD6000C2F81835024A1370704700BF00E100E086
:10FD700034CD012008B54FF48270FFF7CFFF4FF06C
:10FD800080430222C3F8042301229A6008BD0000C8
:10FD90004FF0804208B50223C2F808334FF4827056
:10FDA000FFF7BCFF034B01211960D2F81834DB03C5
:10FDB000FBD408BD0C00004008B54FF48070FFF77D
:10FDC000ADFF4FF080430122C3F804231A6008BD41
:10FDD0004FF08042012108B54FF48070C2F808133B
:10FDE000FFF79CFF064B1960D2F80C3403F00113A7
:10FDF000B3F1011FF8D0034B00225A7108BD00BFB8
:10FE00000400004040770120124B1B6810B573B10D
:10FE10004FF48070FFF782FF4FF080430122C3F858
:10FE200008230D4B587910B95A711B6898470B4B32
:10FE30001B6873B14FF48270FFF770FF4FF080437F
:10FE40000222C3F80823044BBDE810401B680120C0
:10FE5000184710BD00010040407701200401004018
:10FE600000F1804000F5C040002382B003600368C9
:10FE70000193019B02B0704703681F2B83BF03F0FF
:10FE80001F03036001484FF0A0407047000300507B
:10FE900007B5019001A8FFF7EFFF019B00EB83007E
:10FEA000D0F8003723F44033C0F80037D0F80037DB
:10FEB00043EA0141C0F8001703B05DF804FB0000FD
:10FEC000054B4FF0FF32072843F8202084BFC018AD
:10FED00080F85820704700BF4877012038B51D4989
:10FEE00091F86A30A3BB4FF6FF70FF245A09012A2C
:10FEF00014BF4FF0FF32024603F01F05EA40D2075D
:10FF000048BFCA1803F1010348BF82F83040302BC4
:10FF1000ECD10024E0B20134FFF7D2FF0C2CF9D170
:10FF20000D4B00224A669A800C4BC02083F80603D2
:10FF3000402018604FF4BE70FFF792FF084B4FF05F
:10FF40000040C3F80403012381F86A30104638BD2D
:10FF50000820FCE748770120AC77012000E100E0B1
:10FF600000600040034B93F86A00003818BF01207E
:10FF7000704700BF4877012037B5354B1A18044643
:10FF800092F93000013061D18878002852D01846AB
:10FF9000002250F8045B013546D1181980F8302052
:10FFA000002043F82200920002F1804202F5C04294
:10FFB0000B78D2F81055487825F499151B040005E4
:10FFC00025F4F85500F4801003F44033C2F81055BE
:10FFD00003432002D2F8105500F47C5003432B4316
:10FFE000C2F810354A780194012A01A826D1FFF7FA
:10FFF00043FF019B9A40C0F8082501A80194FFF730
:020000025000AC
:100000003BFF019B134903F5E073032240F82320D3
:1000100024FA02F2012304F0070003FA00F08B5CDB
:1000200018438854002003E00132082AB1D104208B
:1000300003B030BDFE2382F83030D3E7FFF71CFF5A
:10004000019A01239340C0F80C35D6E70820EFE76A
:1000500048770120AC77012037B5174C25180146A9
:1000600095F83000072809D8FFF72AFF95F93030B6
:10007000124A03F5A273002042F823006318FF22FE
:100080000F4D83F83020CC0801F0070301229A407D
:100090002B5D13420DD001A80191FFF7EDFE019BEE
:1000A00003F5E073022140F823102B5D23EA0202DE
:1000B0002A5503B030BD00BF4877012000600040E2
:1000C000AC770120074B184490F930309B0003F1C6
:1000D000804303F5C043D3F8102542F00302C3F870
:1000E0001025704748770120074B184490F93030AD
:1000F0009B0003F1804303F5C043D3F8102522F0A1
:100100000302C3F81025704748770120054B1844B7
:1001100090F930000C308000C0B200F1804000F552
:10012000C040704748770120054B184490F93000D3
:1001300018308000C0B200F1804000F5C040704728
:10014000487701200A4B1844003990F930304FEAC3
:10015000830303F1804303F5C04318BF0121D3F8A3
:10016000102522F4801242EA0152C3F8102570478C
:1001700048770120F7B53B4E3318054693F93030E8
:10018000002B6CDA8B78C3F34003002B0BBF0824E1
:1001900000240C200820844202D1042003B0F0BDCA
:1001A00056F82470013743D1701946F8242080F89E
:1001B000304013B9331983F858508B785A0717D445
:1001C000D80737D501A80195FFF756FE019B00EB34
:1001D0008300D0F8003723F00203C0F8003722482C
:1001E000EA0805F007070123BB40875C3B438354C3
:1001F0008B780A7813F0020328D0A40004F180441D
:1002000004F5C0442D02D4F8103523F44F3323F401
:100210004073C4F810351204D4F8103505F47C5539
:1002200002F4403215431D43C4F810550020B5E7D1
:100230000134B0E701A84A780195FFF71DFE019B44
:1002400003F5E073920040F82320C8E7083C3444EB
:1002500094F8605045EA821284F86020E6E70820AE
:100260009CE700BF48770120AC77012073B5224C92
:100270002618054696F93020072A1ADD224492F8FE
:1002800058309B09032B0FD1019001A8FFF7F4FD13
:10029000019BD0F81015D94001F001010231284628
:1002A000FFF7F6FD02B070BD012B0CBF0221032148
:1002B000F5E7D3B2072BF5D8930003F1804303F59C
:1002C000C043D3F8100540F00100C3F8100502F157
:1002D0004000800080B2FFF7C3FD0029E2D096F90C
:1002E000303054F82330002BDCD0012303FA02F223
:1002F000024BC3F80423D5E7487701200060004093
:100300000E4B034493F93020072A02DD0021FFF74A
:10031000BFBDD3B2072B10D8930003F1804303F580
:10032000C043D3F8101521F00101C3F810150123C3
:1003300003FA02F2024BC3F8082370474877012002
:1003400000600040F7B50446FFF7DAFF1849194E80
:100350000A19E50892F9303092F83020072A98BF40
:1003600003F5A2730A469EBF1349002041F82300FB
:1003700004F0070301219940735D0B420DD001A8E1
:100380000194FFF779FD019B03F5E073022740F824
:100390002370735D23EA01017155144494F8300011
:1003A000FFF78EFDFF2384F8303003B0F0BD00BFAF
:1003B00048770120AC770120006000402DE9FF471D
:1003C0000024CDE90244584D4FF48072012102F11E
:1003D000804303F5C04390B21B68012B06D1D5F8CA
:1003E00004330B4202D0FFF73BFD0C430432B2F55D
:1003F000907F4FEA4101EAD14C4B1B68012B11D190
:100400004FF4BE70FFF72CFD4FF0A04344F00044C2
:10041000D3F820250292C3F82025D3F82028039290
:10042000C3F8202814F0FF0F1AD0414F00250126F1
:10043000344210D0AB0003F1804303F5C043D3F83E
:100440001005D3F8101557F8253023B1C1F3014139
:10045000C0F3052098470135082D4FEA4606E7D13D
:10046000002C59DA324D334C334E4FF0000801273F
:1004700016F9013B5A1C3CD0C3F3C20104A8014445
:100480005FFA83F911F8081C03F03F0203F0070339
:1004900007FA03F319422CD001A80192FFF7ECFCF4
:1004A000019B03F5E07350F82330C3F3014ABAF11E
:1004B000020F10460CBF03210221FFF7E9FC01A83F
:1004C0000192FFF7D9FC019B07FA03F3C0F820352E
:1004D000AB1893F9303055F8233053B14FEA9911E6
:1004E000032904D0BAF1020F19D1012901D1104614
:1004F000984708F10108B8F1040FB9D14FF0A043B3
:10050000D3F820250292C3F82025D4F82035039390
:10051000C4F820351343A7D104B0BDE8F087BAF181
:10052000030FE6D10229E1E7006000407C61004052
:100530004877012000030050A8770120034BD3F82F
:100540003C0410F0030018BF012070470050004029
:1005500070B5214A86B0137A8DF8070033BB9DF839
:100560000730032B07D1FFF7E9FF002814BF022350
:1005700001238DF807309DF80730012BDCB217D02E
:10058000022C13D1154D6B7A03F0FF0173B90126CC
:1005900011481681917200F043FC0F4800F0F8FBFF
:1005A0006B686E7202940BB102A8984706B070BDDA
:1005B0000A4B5A7A002AF9D0094A4FF48F61146025
:1005C000C2F8001300215972042102914FF48051A6
:1005D0005B68C2F80015E6E7F4C60020B477012096
:1005E000085000407FB5704B186850B16F4AD2F880
:1005F000040310F0020004D000221A60BFF34F8FF2
:1006000002206B4B1A687AB1684AD2F80423520769
:100610000AD500221A60BFF34F8F90420CBF012011
:100620000320FFF795FF01E00028FAD1614D624CED
:100630002B688BB35D4AD2F804335B062CD50021BE
:100640002960BFF34F8F4023CDE90031D2F8103538
:100650000393D2F824355948C3F30B03103BC3F37B
:10066000CC030293036873B1D2F804335E050AD554
:10067000D2F80C3403F00D0301930160BFF34F8FE8
:100680000D23C2F80C344E4B5B680BB1684698479B
:1006900000232360BFF34F8F4A4E3368ABB1434A08
:1006A000D2F80433D90610D500233360BFF34F8F3F
:1006B000CDE901330393102300931823C2F80833C4
:1006C0003F4B5B680BB1684698473F490B685BB38B
:1006D000364AD2F804331B0326D500230B60BFF340
:1006E0004F8F2B60BFF34F8F41F8243CBFF34F8FE8
:1006F0002360BFF34F8F3360BFF34F8F3048C16823
:10070000C1F31301C2F808150D21C2F80C14012120
:10071000C2F80414CDE9013303934FF4002300938E
:1007200043680BB16846984728490B68FBB11F4ADC
:10073000D2F8043318061AD50023D2F804040B604B
:10074000BFF34F8F80210091C107CDE9013303939F
:1007500009D50121C2F804148DF80430184B5B68E8
:100760000BB168469847114B0122C3F80424236853
:10077000BBB10E4BD3F80423120712D5002222601E
:10078000BFF34F8F0E4A52685AB108210091D3F837
:1007900010150291D3F81C35C3F3C80301936846C2
:1007A000904704B070BD00BF0451004000500040AD
:1007B00008510040185100400C51004028510040A1
:1007C000B4770120105100404C5100401C510040B2
:1007D00000F1804382B01A68002A14BF0120002073
:1007E00004D000221A601B680193019B02B070477D
:1007F000014B1868704700BFC4770120014B18688F
:10080000704700BFCC7701200E4B1A78C2B902782E
:100810004FF08041C2F34002C1F88025027802F017
:100820000102C1F87825084A1168C90704D4C0211B
:1008300082F800130121116001221A700020704714
:100840008520704735CD012000E100E00A4B1B7880
:100850003BB90A4B0122C3F88020BFF34F8FBFF38F
:100860006F8F074A00231360064A1360064A13601D
:10087000064A1370704700BF34CD012000E100E04C
:10088000C4770120C8770120CC77012035CD012025
:100890004FF08042D2F8103523F01F0343F01C03C1
:1008A000C2F810350423C2F808337047014B002208
:1008B0001A607047C47701204FF080436022C3F86C
:1008C00008237047014B00221A607047C877012047
:1008D000014B02681A607047CC7701204FF08043CB
:1008E0004FF46072C3F8042370474FF080434FF415
:1008F0006072C3F808237047014B00221A607047EA
:10090000CC7701204FF0804310B5D3F80443620741
:1009100007D54FF48470FFF75BFF10B11E4B1B68C7
:100920009847A30608D54FF48A70FFF751FF18B116
:100930001A4B00201B689847600608D54FF48C704E
:10094000FFF746FF18B1154B01201B689847210699
:1009500008D54FF48E70FFF73BFF18B1104B002005
:100960001B689847E20508D54FF49070FFF730FFF9
:1009700018B10B4B01201B689847A3050AD54FF40B
:100980009270FFF725FF28B1054BBDE810401B68AA
:100990000220184710BD00BFC4770120C87701208E
:1009A000CC77012008B5FFF7ADFFBDE80840FFF7A1
:1009B0002BBA0023435082B043580193019B02B0ED
:1009C00070470000F0B51A4C437944F82320194CC5
:1009D00003EB4303E35C43BB90F904508B7802794B
:1009E0005B01002DDBB21BDB134E771987F8003358
:1009F00001236D0902F01F0203FA02F246F82520D6
:100A000003680A88C3F8082543790879C97803EB95
:100A10004303E218507091700122E2540020F0BDAF
:100A2000064D02F00F02AB54EAE70820F7E700BFDB
:100A3000D4770120D077012000E100E014ED00E040
:100A400090F90430002B0DDB5A09012103F01F033C
:100A500001FA03F320320B4941F82230BFF34F8FE4
:100A6000BFF36F8F036801225A60074AC3F8482317
:100A7000C3F808234379054A03EB43030021D1540B
:100A8000704700BF00E100E003000F00D0770120B5
:100A9000036801221A604379024A03EB43030221EF
:100AA000D1547047D07701200368044901225A606D
:100AB000437903EB4303CA54704700BFD07701204A
:100AC00008B500684FF480338B40C0F84833D0F845
:100AD00004231A4201D1002008BD5031890089B297
:100AE000C0F808334358002BF5D0FFF762FF0D2004
:100AF000F2E700002DE9F04105464FF4803400682C
:100B00001C4E8C40C0F84843C0F8084395F805C017
:100B10000CEB4C07374422F07F4297F8018001F537
:100B2000A8774FEA4C0E40F82720B8F1000F11D0FB
:100B3000D0F80485F4446644A8EB0207904538BF1A
:100B400007F1FF17B27838BF07F57F47BA4201DDDA
:100B50000D200CE03BB15031890089B2FFF729FF2D
:100B60002B68C3F804432B680020C3F84443BDE856
:100B7000F08100BFD0770120024610B500680C4616
:100B80004FF48071FFF715FF13680122C3F8442367
:100B90000CB1C3F8042310BD024610B500680C4622
:100BA0004FF48271FFF705FF13680222C3F8442354
:100BB0000CB1C3F8042310BD437903EB4302044B8B
:100BC00013446FF07F405A780AB19B78C01A70477F
:100BD000D07701202DE9F041224E234FDFF88C80A1
:100BE00000244FF48035D7F80433A6F580412B421A
:100BF00089B20CD0336853B1C7F848533846C7F8A8
:100C00000853FFF7D6FED8F80030E0B29847013419
:100C1000042C4FEA450506F10406E4D11248D0F849
:100C20000433DA070AD5D0F800313BB14FF48071B4
:100C3000FFF7BFFE0D4B20461B6898470A48D0F8C7
:100C400004339B070CD5D0F804314BB14FF48271BB
:100C5000FFF7AFFE054BBDE8F0411B6805201847C4
:100C6000BDE8F0814041024000400240D4770120BD
:100C70002DE9F347002406460F46904600F5A0757F
:100C80004FF48039A2462B688BB1D6F8043309FAA9
:100C900004F21A420BD0C5F800A02B680193A00003
:100CA000019B00F5A07398B2D7E900319847013451
:100CB000A04505F10405E6D102B0BDE8F0870000CB
:100CC000F7B506792F4D0C237343EF183C7A002CAF
:100CD00055D1EA504B687B60477903682246A446A9
:100CE000D4B2A7423CD8CA7843F307345201002C4F
:100CF000C3F30733D2B23DDB234F07EB040C8CF870
:100D000000230122640903F01F0302FA03F347F8EA
:100D1000243003684A78D3F8040502F0030220F077
:100D200003000243C3F80425D3F808058A7820F0AD
:100D3000030002F003020243C3F80825D3F81005AC
:100D40000A7820F00F0102F00F020A43C3F81025C1
:100D50000C2303FB065501232B72002003B0F0BDCA
:100D6000940004F5A074013243F804C01C590194A6
:100D7000019CB5E7054C03F00F03E254C9E70820D6
:100D8000ECE700BFD877012000E100E014ED00E0BF
:100D9000036801221A600379034A0C2101FB032333
:100DA00002221A72704700BFD877012003680449F5
:100DB00001221A6103790C2000FB03131A72704799
:100DC000D877012038B503681A0B43F30733002B9B
:100DD00004460CDB02F01F015B0901228A4020332C
:100DE0000D4941F82320BFF34F8FBFF36F8F236866
:100DF0000025D3F80022C3F800524FF0FF32C3F8A9
:100E000008232046FFF7D2FF2379044A0C2101FB77
:100E100003231D7238BD00BF00E100E0D877012038
:100E200003680122DA60704737B54FF480340068F8
:100E30008C407BB18B0003F5A0730025C550C358CF
:100E40000193019BC0F8044301F5A87140F82120EB
:100E500003B030BDC0F80843F6E770B4046840F250
:100E60000116D4F800528E4025EA0605C4F8005257
:100E7000D4F800522B43C4F800329DF80C3070BCFB
:100E8000FFF7D2BF8B0003F5A07302689BB200206E
:100E9000D05082B0D3580193019B4FF4803303FAB2
:100EA00001F1C2F8041302B0704702684FF48033B6
:100EB00003FA01F1C2F80813704700000249034821
:100EC0000422FFF7D5BE00BFD87701200080004084
:100ED000024903480422FFF7CBBE00BFE47701209C
:100EE00000900040024903480422FFF7C1BE00BF42
:100EF000F077012000A00040024903480622FFF7D6
:100F0000B7BE00BFFC77012000A0014002490348A2
:100F10000622FFF7ADBE00BF0878012000B00140F7
:100F20000023435082B043580193019B02B07047A5
:100F30000B7B032B2AD8DFE803F022261A028B68EA
:100F40005A0304D5D0F84C350A699A4207D18B6808
:100F50005B031BD4D0F84C354A699A4216D0002363
:100F60000622C0F80035C0F8002518467047D0F8B2
:100F70004C350A699A42F2D1D0F83C35ECE7D0F80A
:100F80004C350A69E9E7D0F83C35FAE701207047AB
:100F9000F0B55A485A4CD0F8243187B00546F3B121
:100FA0004FF49271FFF7BCFFD0F80431BBB9A368CE
:100FB000C0F808330223A360A368C0F80433D0F854
:100FC00060311BB1D0F800329F0503D44B4B012296
:100FD0001A625A61012384F82E3007B0F0BDD5F8AB
:100FE0000431002B52D045484FF48271FFF798FF2F
:100FF000236A5E060AD494F82E303BB940493F4834
:10100000FFF796FF80F0010084F82E00236A5D0749
:1010100021D43C4E0FCE01AD0FC5336837482B604D
:101020004FF4B071FFF77CFF34484FF4AE71FFF717
:1010300077FF94F8303013B194F82E305BB12F4B1A
:101040000022C3F80022A2602F4AC3F808232F4BC6
:101050000822C3F88021294AD2F8C434C2F8C43423
:1010600098073DD501238DF8003094F830300BB946
:1010700084F82F30236A5B0703D594F82E30002BB9
:10108000ABD0D4E9003168469847A6E71B484FF437
:10109000A471FFF745FF237B83B91A4F0FCF01AE31
:1010A0000FC63B68336094F83030002BD3D1C5F8BD
:1010B0000032A360144BC5F80833C8E74FF400733F
:1010C000C5F8003240F20223A36003F1CE73C5F8E5
:1010D0000833A368C5F804330123AB602B627CE7B7
:1010E000590701D50223BEE7DA0701D50323BAE782
:1010F00094F82E30002BB6D00423B4E70030004023
:10110000147801202078012002029C0100E100E017
:101110002DE9F84F06793A4D4FF0340A0AFB06FAEA
:1011200005EB0A079B4697F82D3080460C46914602
:10113000002B60D13349006801F084FB00285CD1AA
:101140002168637B87F832301F298CBF01F01F03B1
:101150000B46B860C7F804B087F82F0087F8300056
:1011600003F5E07288BF284F45F80A9098BF4FF00A
:10117000A04740F20C6347F8223062681F2A1F46DE
:101180008CBF02F01F03134603F5E0738CBFDFF83A
:1011900078C04FF0A04C4CF82370D8F80030C3F85A
:1011A0000815C3F80C25A268C3F82425B9F1000F6F
:1011B00014D0227B43F3073152010029C3F30733D4
:1011C000D2B213DB114C671887F8002301224909BA
:1011D00003F01F0302FA03F344F82130342303FB26
:1011E0000655012385F82D30BDE8F88F084903F036
:1011F0000F03CA54F2E70820F6E71120F4E700BF16
:1012000014780120910F05000003005000E100E078
:1012100014ED00E0026803790621C2F80015044AC3
:10122000342101FB0323022283F82D20704700BFE5
:101230001478012003790B490268342000FB031362
:10124000094900209860C2F80813D2F8001221F46E
:10125000BC51C2F80012C2F80005012283F82D200B
:10126000704700BF1478012002029C0170B5057917
:10127000234E34236B430446F35893B103681A0B8F
:1012800043F30733002B0CDB02F01F015B09012243
:101290008A4020331B4941F82320BFF34F8FBFF30F
:1012A0006F8F2046FFF7C6FF206801F0EDFA342368
:1012B00003FB056393F83230DBB92168D1F80835B8
:1012C0001F2B86BF03F01F030F484FF0A04003F50C
:1012D000E073022240F82320D1F80C351F2B86BF83
:1012E00003F01F0308494FF0A04103F5E07341F8F4
:1012F0002320342303FB0565002385F82D3070BDC2
:101300001478012000E100E0000300502DE9F843CB
:10131000B14F90F804900468342606FB0976002348
:1013200086F82E30CB6803F06043B3F1005F0D46C2
:10133000904603D010263046BDE8F883A74BC4F88A
:10134000083396F82F3023B1B368C4F8043311265C
:10135000F1E712F0140F0CBF0123002386F82F30A1
:101360008E46BEE80F0006F10C0CACE80F00DEF86C
:101370000030CCF80030C8F3001386F83030C6F8DF
:1013800020806B78C4F8883520464FF48271FFF7CF
:10139000C7FD4FF49271FFF7C3FD4FF4B071FFF733
:1013A000BFFD4FF4A471FFF7BBFD18F0010318BF98
:1013B0000123C4F8503518F0020318BF0123C4F804
:1013C00040352B78032B00F2B480DFE803F0839FD5
:1013D00068022B6903F06043B3F1005FAAD14FF4B8
:1013E0008073C4F80032EA686B68C4F844254FF48F
:1013F000A871C4F84835FFF793FD01232362A36069
:10140000D4F85031002BFBD04FF4A8712046FFF7E1
:1014100087FDAB682A69C4F84425C4F848353423ED
:1014200003FB09734FF480229A600823002618F00A
:10143000080F04D12A78032A1CBF0122E25034236A
:1014400003FB09F3FA18FB58002B75D10125D4F8DA
:101450004821D4F80431002B40F08880003A18BFAE
:101460000122D4F82431002B00F087804FF49271D0
:101470002046FFF755FDD4F86011D4F8003209B1C9
:10148000980504D4256265610029E0D00022DB05BF
:1014900073D54FF4A4712046FFF742FDD7E76B6880
:1014A000EA68C4F84425C4F848352B6903F0604263
:1014B000B2F1005F7FF43EAFAA68C4F834354FF450
:1014C0008453C4F83825C4F80032342303FB09736D
:1014D000022212E06B68EA68C4F8442518F0200F75
:1014E000C4F848354FF034030BD04FF48072C4F881
:1014F000002203FB09734FF480229A6001232362C8
:1015000093E74FF40072C4F80022DFE76B68EA68E3
:10151000C4F83425C4F838354FF48053C4F8003289
:10152000342303FB097302229A6001232362002300
:101530007CE7082307267AE718F0040F1CBF002376
:10154000936018F0400F06D1342303FB09739A68A7
:1015500042F002029A60342303FB0977BB6843F42C
:101560000073BB60BB68C4F80433E4E64FF48271D7
:101570002046FFF7D5FC012273E7002A3FF467AF4E
:101580003421D4F8C434C4F8C43401FB09720020F7
:1015900082F82F0093B113F0010F14BF4FF40246ED
:1015A000032648F2012213F0020F18BF164613F06B
:1015B000040F48F2022318BF1E46BCE618F0400F85
:1015C0007FF4B9AE09FB01712046FFF7B1FC00289A
:1015D00008BF0326AFE600BF1478012002029C0179
:1015E00010B586B0012402930023CDE903328DF8B3
:1015F00005101A4601A98DF804400593FFF786FEF1
:1016000006B010BD034B1868A0F1080358425841BA
:10161000704700BF30010010074B1B68082B06D134
:10162000064B1B68032B04D8054AD05C704700208A
:1016300070470120704700BF3001001034010010D6
:101640008CD4060030B54C680D689C4229BFC0E9B7
:1016500000530021E41AED1832BFC0E900514C607C
:101660000D60934203D1201E18BF012030BD002021
:10167000FCE74B6810B59A420C6828BF1A46C0E9CF
:101680000042981A0B6848601A4400380A6018BF74
:10169000012010BD30B54C680B68A24228BF22461D
:1016A000002A14BF1D460025C0E90052A4EB020425
:1016B0001A444C600A6014BF0120002030BD0000B5
:1016C000054B10F0800FA3F1900208BF134600F005
:1016D0000F0003EB00107047E478012010F0800F3A
:1016E00014BF0023102300F00F00184470470000BF
:1016F00008B5FFF787FF10B1034B00221A60034BB8
:1017000000221A7008BD00BF1C7C024049780120ED
:1017100007B5094A00231370084AADF80530137065
:101720008DF8073001238DF80430054B01A81B68A4
:10173000984703B05DF804FB4878012078790120D0
:1017400074790120704700004B68934228BF13460C
:1017500070B51D46094B0C4606462A4609681846D0
:10176000D8F72EFCC6E9000560682268401B60605F
:101770002A440038226018BF012070BD7C79012006
:101780004B68934228BF134670B506460D461C466B
:101790008BB10A4B096822461846D8F711FC306015
:1017A0006B6874601B1B6B602B68201E23442B60CE
:1017B00018BF012070BD0360F2E700BF7C790120F3
:1017C00007B500230DF107008DF80730FDF736FB54
:1017D000094B0A4A1868032158B949F27530186054
:1017E000116018609DF80700FDF74CFB03B05DF831
:1017F00004FB1160F6E700BF00EC064014ED064064
:1018000013B500240DF107008DF80740FDF716FB16
:10181000084B094A186850B949F2753119601060CF
:1018200019609DF80700FDF72DFB02B010BD146094
:10183000F7E700BF00EC064014ED064007B50023B3
:101840008DF804300B4BD3F82025ADF80620D3F8E3
:10185000C034094A002B13680CBF4FF480714FF05D
:1018600001210B431360054B01A81B68984703B087
:101870005DF804FB0070024050780120747901206B
:1018800008B50146FFF734FF0846FFF719FF837BD1
:10189000032B0BD10846FFF721FF012303FA00F0C9
:1018A000C143BDE80840034800F0FABF0368002BBD
:1018B000F0D008BD4C7801208720FFF7E1BF8620DB
:1018C000FFF7DEBF8520FFF7DBBF8420FFF7D8BF1F
:1018D0008320FFF7D5BF8220FFF7D2BF8120FFF71B
:1018E000CFBF000008B5FFF703FF084B93F89E2019
:1018F000032A06D1BDE8084005486FF0010100F059
:10190000CFBFD3F89030002BF4D008BD547801201D
:101910004C780120FFF7E6BF012273B502FA01F50A
:101920001E491F4E0B6810F0800F43EA0503044662
:101930000B6027D000F00F021A4B33F8123003F17E
:10194000804303F51C331A684AB100221A60BFF3C2
:101950006F8FBFF34F8F802811D0FFF791FF316851
:1019600029400AD106238DF804308DF806408DF801
:1019700007100D4B01A81B68984702B070BDFFF718
:10198000B1FFECE733681D42F7D106238DF8043030
:101990008DF806008DF80720EBE700BF5078012096
:1019A0004C7801209AD406007479012008B5054BC3
:1019B0001A781046FFF792FEBDE80840014610462F
:1019C000FFF7AABF7879012007B5FFF791FE0D4B0D
:1019D00093F88E20032A11D0D3F8803073B90A48C7
:1019E0006FF0807100F05CFF06238DF8043008234F
:1019F000ADF80630054B01A81B68984703B05DF8A9
:101A000004FB00BF547801204C7801207479012038
:101A100007B5FFF76DFE104B93F81E21032A07D17F
:101A20000E486FF4807100F03BFF03B05DF804FBDB
:101A3000D3F81031002BF8D16FF48071074800F013
:101A40002FFF06238DF804308823ADF80630044BB1
:101A500001A81B689847E8E7547801204C780120DA
:101A600074790120254B13B5D3F80044C3F8004422
:101A7000BFF36F8FBFF34F8FBFF36F8FBFF34F8FE6
:101A8000E1050ED51E4B01221A700023ADF805307A
:101A90008DF8073002238DF804301A4B01A81B681B
:101AA0009847A2050DD5164A00231370ADF80530EE
:101AB0008DF8073003238DF80430124B01A81B6802
:101AC0009847630518D50E4A1378ABB10B4900232C
:101AD00013700122C1F808258A65BFF36F8FBFF329
:101AE0004F8FADF805308DF8073004238DF80430A2
:101AF000044B01A81B68984702B010BD007002405B
:101B000048780120747901202DE9F04F654B87B0AA
:101B10001A780093002A6AD1DFF8A8A1DFF888B10B
:101B2000614BDAF800101C68214060D011F00124EC
:101B300060D094FAA4F4002C62D0B4FA84F40F2C90
:101B400060D9A4F11005EDB22846FFF7B9FD4FFAB0
:101B500085F8B8F1000F8289064605F0080954DAC5
:101B6000D0E9003104A8984700B93060FFF74AFD7A
:101B700010B14E4B82221A60009B059A04980121F5
:101B80001970B368A140DBF80040134424EA010156
:101B9000B8F1000FB360CBF80010454B05F00F050E
:101BA0006EDAB9F1000F63D0C3F8A006C3F8A4261B
:101BB000042303EB850303F1804303F51C33012267
:101BC0001A60BFF36F8FBFF34F8F3A4B3A4A3B49CE
:101BD00013EA280838BF904638F8153003F18043DF
:101BE00003F51C331A6812B90A68002AFAD007B044
:101BF000BDE8F08F91FAA1F111B1B1FA81F49EE73D
:101C000020249EE744F080059EE72949B9F1000FA2
:101C100027D0D1F8C03413F4803F18BF0023716877
:101C20003768019304A8B847049A002A9CD0059A03
:101C3000019B9A4298D201214FF00208A14086F8F8
:101C40000E80C943504600F02BFE06238DF80C3061
:101C50001B4B8DF80E501B688DF80F8003A898471A
:101C60005EE705F00F0303F5947351F82330D6E7D0
:101C7000142101FB0533C3F80006C3F8042697E7D7
:101C8000B9F1000F05D0C3F8A007C3F8A427282393
:101C90008FE7142101FB0533C3F80007C3F80427BD
:101CA000F5E700BF49780120507801201C7C0240F4
:101CB000007002409AD40600B6D4060000710240BB
:101CC000747901204C78012038B5134BD3F86C445B
:101CD000C3F86C44BFF36F8FBFF34F8F01251CB95E
:101CE000BDE83840FFF710BF94FAA4F171B1B1FA22
:101CF00081F30F2B19460BDDA1F11000C0B205FADC
:101D000001F324EA0304FFF707FEE8E72021F3E7E5
:101D100043F08000F3E700BF0070024037B504468F
:101D2000FFF7E6FC2046FFF7CBFC837B032B0DD1AE
:101D30002046FFF7D3FC012303FA00F0C14310480B
:101D400000F0AEFDFFF7E0FE03B030BD0568002DEA
:101D5000F8D12046FFF7C2FC012303FA00F0C1438B
:101D6000074800F09DFD06238DF80430054B8DF8E3
:101D700006401B688DF8075001A89847E2E700BFAE
:101D80004C780120747901200720FFF7C7BF062097
:101D9000FFF7C4BF0520FFF7C1BF0420FFF7BEBF98
:101DA0000320FFF7BBBF0220FFF7B8BF0120FFF7FA
:101DB000B5BF0000024A00231360024A1370704747
:101DC000747901204A780120444B4FF4006213B526
:101DD000C3F80024BFF36F8FBFF34F8FFFF71CFCD6
:101DE00008B1FFF7EDFCFFF70DFCA8B100230DF1E2
:101DF00007008DF80730FDF721F8394B394A18688C
:101E0000C021002866D149F2753018601160186051
:101E10009DF80700FDF736F8304B0122C3F8002586
:101E2000BFF36F8FBFF34F8FD3F800241205FBD59C
:101E30004FF40062C3F80024BFF36F8FBFF34F8FDE
:101E4000FFF7E0FBA0B10DF1070000248DF807407B
:101E5000FCF7F4FF224B234A186800283CD149F2D2
:101E600075311960106019609DF80700FDF70AF8D8
:101E7000FFF7D2FB30B1FFF7C3FCFFF7CDFB08B192
:101E8000FFF79EFCFFF7BEFB48B1174B40F2E37231
:101E90001A6040225A60BFF36F8FBFF34F8F0F4B12
:101EA00000218022C3F81C25C3F830150F4B40F2E7
:101EB000FF121A600E4B1960FFF71AFC0D4B1970D8
:101EC0000D4B02221A70FFF7A7FB08B1FFF798FC31
:101ED00002B010BD11609BE71460C5E700700240BE
:101EE00000EC064014EC06400078024050780120D7
:101EF0004C780120787901204A7801200C4B00228F
:101F00001A700C4B0C4A00280CBF184610460B4B9D
:101F10000B4AC3F80403602182F827138021516023
:101F20000122C3F80425BFF36F8FBFF34F8F7047B3
:101F3000487801200714C0010714E0010070024036
:101F400000E100E0024B1878003818BF012070470C
:101F50004A780120034B1878012894BF0020012003
:101F6000704700BF4A78012037B500250DF1070002
:101F70008DF80750FCF762FF114B1B7803F0FF044C
:101F80009BB1104AD2F82C35C3B1C2F82C55FFF7DB
:101F900039FB50B10C4B0D4A1C68C02164B949F2A1
:101FA00075341C6011601C6004469DF80700FCF746
:101FB00069FF204603B030BD1160F5E71C46F4E729
:101FC000487801200070024000EC064014EC064006
:101FD000024B034AC3F80823704700BF0070024059
:101FE00004148001024B034AC3F80423704700BF66
:101FF0000070024004148001014B00221A707047E7
:102000004878012008B5FFF75BFB818108BD00001F
:1020100073B51D4B1C78002C33D11C4A1060012273
:102020001A702546264615F0080F65F07F00C0B2ED
:102030000CBF40214FF400710190FFF7E3FF0198BE
:10204000FFF73EFB0135092D867306608660EAD1F5
:10205000402100252046FFF7D5FF2046FFF730FB43
:102060000134E4B2092C85730560856002D100203B
:1020700002B070BD14F0080F14BF4FF4007140217E
:10208000E8E70820F4E700BF4A78012074790120CE
:1020900008B5FFF715FB808908BD0000064A10F05F
:1020A000800F00F00F0314BFD2F81005D2F814050A
:1020B000D84000F001007047007002402DE9F3475E
:1020C000002307460DF1070088468DF80730FCF71E
:1020D000B5FE17F00F0503D12A4B1B78BB424CD13C
:1020E000294B2A4A1C6816683846FFF7F7FAE4437A
:1020F000A4B24FF00109344309FA00F914EA0904C3
:1021000092463CD13846FFF7DBFA0C2255433A069B
:1021100003462ED51E4AD8F80010154401F0604140
:10212000D8F80820B1F1005F02F001021CD1CAB951
:10213000184A1A6098E8070085E8070000229A60AC
:102140009A735D60144B46EA09068022CAF8006063
:10215000C3F804219DF80700FCF794FE204602B066
:10216000BDE8F0870D4AE4E70AB90D4AE1E70D4AF8
:10217000DFE70D4A15440D4ADBE71024EAE7112496
:10218000E8E700BF78790120507801204C780120E1
:1021900038CD01207316050000E100E0951605001A
:1021A0004917050081170500A4CD0120451605003B
:1021B0002DE9F341002307460DF107008DF80730A4
:1021C0000E46FCF73BFE3B0703D1184B1B78BB4286
:1021D00027D1174B17491C680D683846FFF77EFA60
:1021E000E443A4B201232C4303FA00F814EA0804E0
:1021F00019D13846FFF764FA3368036073684360A7
:102200000D4B846045EA0805802284730D60C3F895
:1022100004219DF80700FCF735FE204602B0BDE81A
:10222000F0811024F5E71124F3E700BF787901204D
:10223000507801204C78012000E100E00048704710
:102240007C790120044B40F48070C3F81805BFF37B
:102250006F8FBFF34F8F704700700240020713D497
:1022600000F00F0310F0800F084A0BBF03F58873CE
:1022700003F5847302EB830352F8230008BF586808
:10228000431E58425841704700207047007002407A
:10229000064BC3F80C05BFF34F8F40F48070C3F8B2
:1022A0000C05BFF36F8FBFF34F8F70470070024074
:1022B0000023036043600E4BD3F880240270D3F8F0
:1022C00084244270D3F88824D3F88C1442EA012283
:1022D0004280D3F89024D3F8941442EA01228280F9
:1022E000D3F89824D3F89C3442EA0323C380704780
:1022F00000700240034B01221A60BFF36F8FBFF3DF
:102300004F8F70474C70024013B5FFF7F1F90F4B38
:102310009A7B032A06D10E486FF4803100F0C0FA90
:1023200002B010BD1C6874B96FF48031084800F029
:10233000B7FA06238DF80430064BADF806401B684B
:1023400001A89847ECE7FFF7D5FFE9E754780120AB
:102350004C78012074790120034B01221A60BFF3ED
:102360006F8FBFF34F8F704750700240034B0122B5
:102370001A60BFF36F8FBFF34F8F704754700240E6
:10238000014B1878704700BF7879012013B50023FE
:1023900004460DF107008DF80730FCF74FFD20468D
:1023A000FFF79CF90D4901220B6802FA00F023EABD
:1023B000000314F008020B600AD104F00F04084B6C
:1023C00004F5947443F82420BFF36F8FBFF34F8F4D
:1023D0009DF80700FCF756FD02B010BD50780120B3
:1023E00000700240F7B5002304460DF103008DF89C
:1023F0000330FCF723FD2046FFF762F9054620462F
:10240000FFF76CF9012314F0800F2B4E03FA00F351
:1024100018D1326833EA02010AD02046FFF7B6FF2E
:102420000323AB739DF80300FCF72CFD03B0F0BD54
:1024300022EA030229603260204A106820EA030081
:102440001060EDE7220711D4802C1D481D4A29D0C9
:1024500004F00F0101F2DA314900016011681068DF
:10246000C9B241F002010143116012681349326898
:10247000086862EA00071F42D4D022EA0302184328
:10248000002332602B600323AB738DF807300E4BB3
:10249000086006221B688DF804208DF8064001A80C
:1024A0009847BFE740F2B471016011681068C9B283
:1024B00041F00401D7E700BF4C780120507801209B
:1024C000007802400478024074790120FFF78ABF47
:1024D000F7B5184B184CD3F880542368174EDA43DD
:1024E000174B37781B6892B238461A43FFF7F6F855
:1024F000012303FA00F0104202D03846FFF772FFC2
:102500006FF0011105F080050D48357000F0C8F935
:10251000236843F0010323600023ADF805308DF8F4
:10252000073005238DF80430064B01A81B68984737
:1025300003B0F0BD0070024050780120787901208E
:102540004C780120747901201C4BD3F8041300232C
:102550002DE9F04101241D4671B9194F03F400061D
:1025600023F400044FF00108D4B9FFF7CDFA1EB3ED
:10257000BDE8F041FFF7ACBF91FAA1F21148B2FA01
:1025800082F29600304404FA02F206682EB1056029
:10259000BFF36F8FBFF34F8F134321EA0201DBE7D5
:1025A00094FAA4F5B5FA85F557F8253008FA05F53B
:1025B000984724EA0504D7E7BDE8F081007002409F
:1025C000C8D4060000710240F8B5134E134A3468AF
:1025D0001268240C2404144301271CB940F2FF1391
:1025E0003360F8BD94FAA4F585B1B5FA85F30F2BE5
:1025F0001D460DDDA5F11000C0B2030701D4FFF7A1
:10260000F1FE07FA05F524EA0504E6E72025F1E7DF
:1026100043F08000F1E700BF507801204C780120A2
:1026200038B50E4C8025C4F8845163681B0613D559
:10263000FFF7CAFF0A4B0022C3F80425BFF36F8FD0
:10264000BFF34F8FC4F88450BFF34F8FBFF36F8F2A
:102650004FF0FF32C3F8082338BD00BF00E100E0AF
:102660000070024008B5FFF7DBFF094BD3F80423E5
:10267000C3F808230022C3F80025BFF36F8FBFF310
:102680004F8FFFF735F8034B01221A7008BD00BFCA
:10269000007002404A78012013B500230DF10700B5
:1026A0008DF80730FCF7CAFB0F4B1B7803F0FF04D3
:1026B0003BB900249DF80700FCF7E4FB204602B07C
:1026C00010BDFFF781FF094AD2F8003413F40073FC
:1026D000EFD10121C2F82C15D2F80014890544BFAE
:1026E000C2F82C351C46E5E748780120007002400E
:1026F00038B5044604F00F05FFF774FE64B2124AC1
:10270000002C4FF00103B4BFD2F81015D2F8141505
:1027100003FA05F36FEA0303B5BF0B400B40C2F8A1
:102720001035C2F81435BFF36F8FBFF34F8F074BCF
:10273000074810EA240438BF1C460123625D934019
:10274000014AC2F8083338BD00700240ACD406001C
:1027500090D4060037B5264A264B45B2002DA8BFB7
:10276000134600F00F010446585C234A4FF0010362
:1027700003FA00F0C2F804032EDAD2F81005C840BC
:10278000C00727D4D2F810058B400343C2F8103598
:10279000BFF36F8FBFF34F8FE1B1002D1ADB14F041
:1027A000080317D10DF107008DF80730FCF746FB41
:1027B0002046FFF7EBFD2046FEF790FF0F49012270
:1027C0000B6802FA00F023EA00039DF807000B6093
:1027D000FCF758FB03B030BDD2F81405C840C00761
:1027E000F8D4D2F814058B400343C2F81435CFE770
:1027F000ACD4060090D40600007002404C78012052
:10280000020610B504460AD4030708D400F00F02EC
:10281000074B92009B58012B01D1FFF7B7FD054BE9
:10282000C3F81845BFF36F8FBFF34F8F10BD00BFC4
:102830004474024000700240014B1B68184700BFFF
:10284000BC7901200E4B984237B50C4602D00020CF
:1028500003B030BD00230DF107008DF80730FCF701
:10286000EDFA084B1D7915B901221C601A719DF80B
:102870000700FCF707FB002DE9D01120E8E700BFB7
:1028800000200040BC790120034B984201BF034B5C
:1028900000221A601A71704700200040BC790120A4
:1028A00010B5034653E8000F00EA010243E8002494
:1028B00094F0000FF6D110BD70470000014B18785E
:1028C000704700BF01C70020014B1878704700BF58
:1028D000C679012030B5384B85B004461868374BAF
:1028E00000901B788DF800300D46684634490AF098
:1028F00037F8002302221F2CADF80430ADF8082071
:102900008DF80A303AD81B2C25D8023C032C2BD941
:102910008DF80B302B4B1B788DF806302A4B00209E
:102920001B788DF80C0001A98DF807300AF060F8CB
:1029300018B1264AA721D6F7BFFE294600200AF083
:102940009FF860B300200AF045F90AF06DF96FF0C6
:10295000050005B030BD1D3C022C03D8DFE804F0B3
:102960001B1719000523D3E7032C05D8DFE804F073
:1029700015020B0D0223CBE70023C9E7FF2C14BF80
:1029800000230923C4E70323C2E70423C0E7072386
:10299000BEE70823BCE70623BAE70123B8E7B5F989
:1029A0000030002BB8BF288000200AF013F90AF08D
:1029B0003BF90020CDE700BFB5D5060000C70020D9
:1029C000B9280500C4790120C579012030D5060059
:1029D0007047704776DF70478FDF7047ACDF704716
:1029E000AEDF7047B0DF70474B4B1B88B3F5A05F7D
:1029F00013B5044607D00388212B5DD005D8102BD2
:102A000039D0112B19D002B010BD3B2B6ED0562BF4
:102A1000F9D1424B42484349C01AC008000440F073
:102A20000400F9F793FDA0881321FFF7D3FF0028D6
:102A3000E9D03D4A40F2C2313BE0384B384C3B498B
:102A4000E41AE408240444F00300F9F77FFD384851
:102A5000FAF771FA20B1344A4FF46671D6F72CFEBA
:102A6000344B354940F29A3244F00400F9F77BFDCB
:102A7000D9F750FFC7E7294B29483049C01AC00889
:102A8000000440F00300F9F761FD0720F7F74AFC66
:102A900020B1254A40F2A131D6F70EFE284BA1887D
:102AA00028481980F5F77AF80028ACD01E4A4FF470
:102AB0006971D6F701FEA6E7184B19482249C01ADA
:102AC000C008000440F00400F9F740FD1F4BA08847
:102AD0001B88ADF8043001A9FFF77EFF112892D0C2
:102AE000002890D0104A40F2B131E2E70B4B0C487D
:102AF0001749C01AC008000440F00400F9F726FD89
:102B0000A0881321FFF766FF00283FF47CAF064A38
:102B100040F2BA31CDE700BF02C7002030320700D3
:102B2000A8320700AA860600B9D50600A5800600CF
:102B3000A07E012043D806006ED6060080D606008F
:102B400004C70020C07E01205386060041D806003D
:102B5000908606002DE9F047814686B000287AD09D
:102B60003E4E3388934270D0B38A93426FD0358DF6
:102B700095420CBF0225032514276F4306EB070877
:102B8000374C98F80430ADF800300023ADF802302F
:102B9000344B0191E41AE408240409EBC50A44F01B
:102BA00003040A4620463049F9F7D4FCBAF8061067
:102BB000B9F81E006A46FFF711FF0546002840D10C
:102BC000B9F81E204FF6FF739A4242D0BAF8063089
:102BD000ADF808300123019ACDF80B0023498DF898
:102BE0000F008DF80A302046BDF80230ADF80C30E9
:102BF0000592CDF810D0F9F7ADFCB9F81E00DFF85A
:102C00007C9002A9FFF7ECFED9F800300546C3B16D
:102C100017492046F9F79AFCF25B16492046F9F766
:102C200099FC059A11492046F9F794FC124998F845
:102C300010202046F9F78EFCD9F800300599F05B9A
:102C40009847284606B0BDE8F087002594E701259F
:102C500092E70825F5E70E25F3E700BFD0790120BC
:102C6000A8320700303207008FD60600A8D606002B
:102C7000BFD60600D2D60600FDD60600C8790120D0
:102C80002DE9F047AA4B1B88B3F5A05F86B0044638
:102C90000D4609D041B138B10388502B7ED006D8FB
:102CA000102B6DD0112B75D006B0BDE8F087512BDD
:102CB000FAD187799F4DB0F80A90867B9E489F494C
:102CC000401BC008050445F003084046F9F73EFCE8
:102CD000002FE9D0012F40F0038145F004004A465F
:102CE00097490190F9F736FC964B01981A884A45A6
:102CF0009A4600F0EF809B8A4B4500F0EE80BAF8D0
:102D000028204A450CBF4FF002094FF00309142553
:102D100005FB09A58C49AA68F9F71CFC0023CDE93D
:102D20000233ADF81030ADF80C302B79ADF812301D
:102D30000122AB68A0888DF8082002A905938DF8C0
:102D40000E20FFF74FFE20B1804A40F27B11D6F7EC
:102D5000B3FC7F4B1B6843B1142202FB09F90AEB59
:102D600009023AF8090091689847042E40F0DB8088
:102D700078494046F9F7EAFB01238DF80830BAE0BC
:102D80008388CB8303238DF808302B6802A928465B
:102D9000984789E74FF6FF73CB8385E7654B664E0F
:102DA0006D49F61AF608360446F003073846F9F777
:102DB000CDFBE1882A460023D08888425FFA83F859
:102DC00008D05089884205D00133032B02F1080254
:102DD000F2D1984605EBC809B9F808308B4203D107
:102DE0005E493846F9F7B2FBE288B9F80C309A42EE
:102DF00003D15B493846F9F7A9FBE288B9F80630F8
:102E00009A420ED1A27C012A46F0040630D15549DF
:102E10003046F9F79FFB4FF0A0434FF48032C3F8E0
:102E20000C25E288B9F80A309A427FF43DAF238A34
:102E3000022B7FF439AF2B68002B3FF435AF04F140
:102E40001200F4F7E2F8DFF8FC900646142438B3D9
:102E500004FB08F400238DF8083009EB0403012279
:102E60001A74D96839F804203F48FFF773FE8CE7DD
:102E700052B93E493046F9F76DFB4FF0A0434FF48D
:102E80008032C3F80825CCE7228A39493846F9F759
:102E900061FB228A04F112013046F9F7ABFBC0E76F
:102EA000012304FB08F48DF80830DFF8D88009EB23
:102EB00004031874D8F80030002B3FF466AF38468E
:102EC0002C49F9F743FBD8F8003039F804003146B3
:102ED00098475AE74FF0000919E74FF0010916E744
:102EE000042E20D1022F7FF443AF23494046F9F747
:102EF0002DFB8DF8087021494046F9F727FBA08883
:102F000002A9FFF76FFD1E49044602464046F9F745
:102F100021FB002C3FF4C8AE0C4A40F2951120462C
:102F2000D6F7CAFBC0E6053E012E3FF6BDAED9E797
:102F300002C7002030320700A832070096D70600EB
:102F4000B9D70600D0790120CED70600B9D5060042
:102F5000CC79012006D8060013D706001FD706003B
:102F600030D706003CD706000C7A01204ED7060069
:102F700060D7060077D70600DBD7060030D80600FA
:102F8000D5830600C8790120436810B45BB11548A9
:102F9000154B16495DF8044BC01AC008000440F0F8
:102FA0000300F9F7D3BA0378012B04D0022B10D019
:102FB0005DF8044B70470C4B0A4C02690C49E41A4B
:102FC000E4088368240444F003005DF8044BF9F737
:102FD000CABA054B034C02690649E41AE40883683F
:102FE0002404F0E7A83207003032070057D8060063
:102FF00098D80600CCD8060010B5054C2046F8F746
:1030000071FE00B910BD012000F028FBF6E700BFFB
:103010009CD1002007B50F4B0F481049C01AC008BB
:10302000000440F003000190F9F790FA0C49019870
:10303000F9F78CFA0B490C480022F8F7AFFC30B1D5
:103040000A4A562103B05DF804EBD6F735BB03B04E
:103050005DF804FB30320700A832070002D90600F1
:1030600019D90600DCC706009CD1002048D906000B
:1030700030B585B0044601200D460392DAF78EFB89
:10308000002200922146039B0D482A46F8F72AFDAC
:10309000044688B1F9F772FE0A4C0B4A0B49034605
:1030A0000B48241AE408240444F00100F9F75BFA01
:1030B0006FF0060005B030BDFFF79EFF2046F9E730
:1030C0009CD10020A8320700E2D90600CFD9060023
:1030D0003032070037B504460D4601200192DAF779
:1030E0005DFB2146019B0F482A46F8F789FC044600
:1030F00088B1F9F743FE0C4C0C4A0D4903460D48C4
:10310000241AE408240444F00100F9F72CFA6FF0C3
:10311000060003B030BDFFF76FFF0220DAF73EFB79
:103120002046F6E79CD10020A8320700F3D906001C
:10313000CFD906003032070038B5044601200D46CD
:10314000DAF72CFB0F48436821461A68B5FBF2F208
:103150000023F8F75DFD044680B1F9F70FFE0A4C35
:103160000A4A0B4903460B48241AE408240444F095
:103170000100F9F7F8F96FF0060038BDFFF73CFFE2
:103180002046FAE79CD10020A832070003DA0600A7
:10319000CFD9060030320700014B5B6818687047D2
:1031A0009CD1002003681F2B83BF03F01F03036023
:1031B00001484FF0A040704700030050034B00222D
:1031C0001A70034B01221A70704700BF40CA0120D9
:1031D00038CA01202F280CD8064B00221A70064B43
:1031E0000B2203F8302003EBC00358601846E2F7C7
:1031F0004DBE704740CA0120EC7F0120024B53F8BE
:10320000203003B1184770476C8101202F2807B583
:103210000BD801290CD1019001A8FFF7C3FF019B36
:1032200003F5E073032240F8232003B05DF804FBAC
:103230000029FAD1019001A8FFF7B4FF019B03F523
:10324000E07340F82310F0E707B5019001A8FFF7FD
:10325000A9FF019A00EB82002F2AD0F800370ED880
:1032600023F00C0321B943F00403C0F8003706E053
:10327000012902D143F00C03F7E70229F5D003B08E
:103280005DF804FB2F2807B509D859B9019001A8AA
:10329000FFF788FF019A01239340C0F80C3503B073
:1032A0005DF804FB0129FAD1019001A8FFF77AFF2C
:1032B000019B9940C0F80815F1E72F28F8B504469E
:1032C00015461E460DD8FFF7A1FF012903D131464F
:1032D0002046FFF7D7FF29462046BDE8F840FFF714
:1032E000B3BFF8BD2F2807B502D903B05DF804FBC2
:1032F000019001A8FFF756FF019BD0F81005D840B8
:1033000000F00100F1E700002F2837B504460D4614
:1033100028D8FCF727FE30B9FCF7E0FD18B1174AB2
:103320008A21D6F7C9F99DF8063023F0030343F04C
:103330000203032D8DF8063016D8012D17D940F25F
:103340000113ADF804302046FCF7DAFF2046FCF705
:10335000F9FF01A90A4A2046FCF70CFF012120468B
:10336000FCF784FF03B030BD043D012D03D90323D6
:103370008DF80430E7E740F20233E2E714DA0600A2
:10338000D53105002F289DBF034B43F820100020A6
:103390006FF00200704700BF6C8101202DE9F743F8
:1033A0003C4D3D4FDFF8FC80DFF8FC900024231FEC
:1033B000042B0ED9A31E012B0BD9A4F109021E2A3E
:1033C00003D8364BD340DB0703D4A4F12B03022BE5
:1033D0004ED857F82430002B4AD101A80194FFF7AA
:1033E000E1FE019B00EB8300D0F8003703F00103FE
:1033F0002B70D0F80037C3F34003AB70D0F8003720
:10340000C3F381036B70D0F80037C3F302232B7131
:10341000D0F80037C3F30143EB706B7943B398F8EE
:103420000060FCF79FFD30B9FCF758FD18B11C4A4D
:10343000B021D6F741F99DF80230032E23F00303A3
:103440008DF802301CD8012E1DD940F20113ADF8C1
:1034500000302046FCF754FF2046FCF773FF694616
:103460004A462046FCF786FE01212046FCF7FEFE78
:103470000134302C05F1060599D103B0BDE8F08385
:10348000043E012E03D903238DF80030E1E740F21A
:103490000233DCE7CC7E01206C810120FFFDFF5F61
:1034A00014DA060006C70020BD3105002DE9F347F8
:1034B0001D4C1E4D1E4E00210B1F042B0ED98B1EC2
:1034C000012B0BD9A1F109031E2B03D826FA03F314
:1034D000DB0703D4A1F12B03022B1CD855F82130B4
:1034E000CBB901A894F8009094F802A0627894F8FF
:1034F0000480E7780191FFF755FE920042EA4A0303
:10350000019A43EA090343EA082302F5E07243EA19
:10351000074340F822300131302904F10604CBD1B1
:1035200002B0BDE8F08700BFCC7E01206C81012095
:10353000FFFDFF5F704770472DE9F74FDFF884907C
:10354000D9F8003003EB0208B8F5FA7F0E461546AD
:1035500031DC1A4F387870B3194C04F10C00184460
:10356000D6F72EFD6378E279C9F8008053FA85F327
:1035700052FA85F5E571DFF8509063700025023648
:10358000AB464FF0010A59F8041B01910846D7F7E2
:103590008BFA01990246304611F008FF40B9B8F1A4
:1035A000FF0FC4BF84F800A084F806A087F800B01D
:1035B0000135092DE7D103B0BDE8F08F2C82012041
:1035C0002D8201203C86012008C700200148F9F720
:1035D00048BA00BFEC310700704770470148F9F75F
:1035E00072BA00BFEC31070041DF7047024608B5F0
:1035F0000448F9F77DFC002814BF6FF00600002096
:1036000008BD00BF20DB0600D0B50C464FF4FA76AB
:103610004FF400410027E1FB006700234FF47A726A
:103620003046394613F074F8224601460448F9F74B
:103630006AFC002814BF6FF006000020D0BD00BF58
:103640004086012008B50448F9F775FC002814BF2E
:103650006FF00600002008BD40860120F1EE103A10
:1036600023F09F03E1EE103AF1EE103A044B4022B2
:10367000C3F8842140BF20BF20BFFFF7B5BF00BF04
:1036800000E100E04FF08043002210B5C3F80021B4
:1036900001221A60D3F80021002AFBD00122002168
:1036A000C3F81825C3F804119A604FF08042D2F88D
:1036B0000431002BFBD00D4B00245C6003F5C043AC
:1036C0005C6003F598335C60FCF758F82046FCF723
:1036D00009F9FCF763F90028FBD00020FCF772F829
:1036E000FCF7F4F80028FBD010BD00BF00B000408C
:1036F00008B5FCF753F918B9BDE80840FCF7F2B873
:1037000008BD08B5FCF74AF930B1FAF721F818B945
:10371000BDE80840FCF720B908BD0000014B0122BC
:103720001A707047A086012010B586B0012401935D
:103730004FF0FF3302930023ADF80C300494174B85
:10374000B3FBF1F105910AB18DF80C4070B9144A40
:10375000144801A908F0CCFA18B1134A3F21D5F753
:10376000ABFF124B01221A7006B010BD012809D11F
:103770000B4A0F4801A908F0BBFA0028F1D00A4A09
:103780004521ECE70228EFD1054A0A4801A908F0D3
:10379000AFFA0028E5D0044A4B21E0E740420F0091
:1037A0001D370500ACDB060024DB0600A0860120E7
:1037B000B4DB0600BCDB060010B9064808F080BC8C
:1037C000012801D10448F9E7022801D10348F5E7AF
:1037D000704700BFACDB0600B4DB0600BCDB0600B4
:1037E00010B9064808F0E8BB012801D10448F9E700
:1037F000022801D10348F5E7704700BFACDB0600A3
:10380000B4DB0600BCDB060010B9064808F00EBCAD
:10381000012801D10448F9E7022801D10348F5E75E
:10382000704700BFACDB0600B4DB0600BCDB060063
:10383000014B1878704700BF6086012002282DE9EF
:10384000F0410546884617461E460CD8FFF76CFF28
:103850001424064B04FB05F01C1801221A54C4F86A
:1038600004802772E660BDE8F08100BF6486012015
:103870002DE9F0413B4B1B78032B68D8DFE803F0C0
:1038800002202830FF2966D864244C43FF21B4FB72
:10389000F1F468BB344E7278002A5FD0334D344F58
:1038A00028701FFA84F842460021384608F016FABC
:1038B0001128F8D02B78002BFCD03461002048E090
:1038C000B1F5806F47D264244C4340F2FF31DEE70C
:1038D000B1F5805F3FD264244C4340F6FF71D6E7D8
:1038E000B1F5804F37D264244C4343F6FF71CEE7E5
:1038F000012814D11C4E727D82B31C4D1D4F002235
:103900002A701FFA84F842460021384608F0E6F98A
:103910001128F8D02B78002BFCD07462CEE7022857
:10392000CCD1114E96F82920C2B1104D124F002271
:103930002A701FFA84F842460021384608F0CEF972
:103940001128F8D02B78002BFCD0B463B6E76FF0C9
:103950000600BDE8F0816FF00200FAE74FF0FF309B
:10396000F7E700BF6086012064860120A086012061
:10397000ACDB0600B4DB0600BCDB0600022810B599
:10398000044606D8FFF718FF1420024B44430022D8
:103990001A5510BD64860120022810B5044607D8C8
:1039A000FFF71EFF0348142303FB04040123637085
:1039B00010BD00BF64860120022810B5044607D858
:1039C000FFF722FF0348142303FB04040023637062
:1039D00010BD00BF6486012038B5094D00246B7806
:1039E00013B1E0B2FFF710FF2B7813B1E0B2FFF78D
:1039F000E3FE0134032C05F11405F0D138BD00BFFE
:103A00006486012037B50D4C002523782BB1E3687F
:103A1000227A6168E8B2FFF787FE63783BB1E8B2CB
:103A20000190FFF7DDFE21690198FFF721FF0135C5
:103A3000032D04F11404E8D103B030BD64860120E5
:103A400007B501900846DAF73CFE019AC1B2054875
:103A5000F9F74EFA002814BF6FF00600002003B0FB
:103A60005DF804FBDCDB0600D0B50C464FF4FA76BB
:103A70004FF400410027E1FB006700234FF47A7206
:103A80003046394612F044FE224601460448F9F712
:103A90003AFA002814BF6FF006000020D0BD00BF26
:103AA000A886012008B50448F9F745FA002814BF94
:103AB0006FF00600002008BDA8860120014B0122FE
:103AC0001A707047C8860120022802D1044809F004
:103AD00039BA032802D1034809F02CBC704700BF53
:103AE00068DC060070DC0600022808B50FD1124918
:103AF000124B0B60124A1348002309F045F9D0B16C
:103B0000BDE80840104A4FF48F71D5F7D5BD0328A2
:103B100011D10E490E4B0B6000231A460D4809F0D7
:103B200021FB4FF0A04340F20332C3F86827C3F8EB
:103B30007827C3F80C2708BD2CC700202B2C2DFF9D
:103B4000BD3A050068DC0600E0DB06003CC700204B
:103B5000031E1DFF70DC060002280FD10F4B1AB99F
:103B6000012915D0002207E0012AFBD109B91873F9
:103B700070470129F6D103221A7370470328F7D141
:103B8000074B002AECD0012AECD119B90222F3E745
:103B9000197370470129E5D1E9E700BF2CC7002060
:103BA0003CC70020022825D1264B9942264B03D83A
:103BB0004FF000729A607047244A914202D84FF049
:103BC0008062F7E7224A914202D84FF00062F1E7A3
:103BD000204A914202D84FF08052EBE71E4A9142B0
:103BE00002D84FF00052E5E71C4A91421AD84FF034
:103BF0008042DFE70328DED1124B9942184BD7D918
:103C0000124A9142DBD9124A9142DED9114A9142BD
:103C1000E1D9114A9142E4D9104A9142E7D9114AB7
:103C2000914202D84FF00042C4E70F4A914202D8B5
:103C30004FF02062BEE70D4A9142F3D84FF0A052F8
:103C4000B8E700BF48E801002CC7002090D003006F
:103C500020A1070040420F0080841E0000093D00A3
:103C60003CC7002000127A000024F4000048E8015C
:103C7000022804D1054B31B100225A737047032842
:103C8000FCD1034BF7E70122F7E700BF2CC7002068
:103C90003CC70020032838B5044606D8034D2B5CEA
:103CA0001BB9FFF721FF01232B5538BDC986012021
:103CB000032838B5044606D8034D2B5C1BB1FFF72B
:103CC00003FF00232B5538BDC98601202DE9F043A1
:103CD000032885B0DDE90C95884617461C4603D9B4
:103CE000204605B0BDE8F083022834D11F2D8BBFDC
:103CF00005F01F032B461F4A4FF0A04203F5E07367
:103D000052F82330DB0703D401212846FFF77EFA5F
:103D10002846FFF7E7FAC8B100212846FFF7B2FAB4
:103D20000126CDE90087144F144800226946CDE9E9
:103D300002493A7009F04AF944B23B7843B1002E87
:103D4000CED001212846FFF79DFAC9E70646E8E7ED
:103D5000FFF784FCF1E703280AD1CDE900120848F7
:103D600000226946CDE9023909F042FB44B2B7E7C7
:103D70000724B5E700030050C886012068DC060070
:103D800070DC060038B50E4D002415F8013B13B168
:103D9000E0B2FFF799FE0134042CF6D1094B002163
:103DA00019601A6801221A6003F5805319601868B7
:103DB0001A6003F5F833196019681A6038BD00BF3E
:103DC000C9860120FC3F004038B5064D002415F897
:103DD000013B13B1E0B2FFF787FE0134042CF6D1AA
:103DE00038BD00BFC98601200378044A022B137036
:103DF0009EBF034B01221A70704700BF7CCE01208A
:103E00004CC7002010B5064C064A0749204600233F
:103E1000FBF704FF201DBDE81040FDF7FBB900BF14
:103E200000DD0600E93D050050C7002010B504463E
:103E300008B9FFF7E7FF024B01221A5510BD00BF7A
:103E4000CD86012010B5044628B90548FDF7F2F9E2
:103E50000348FDF70BFA034B00221A5510BD00BFB3
:103E600004DD0600CD860120A0B90C4A0C4B91421E
:103E7000C3F800050FD90B4A914294BF4FF08061FF
:103E80004FF0C861084AC3F82415127812B106220F
:103E9000C3F8002570474FF0CC71F3E7A08601000E
:103EA0000030004090D00300CD86012010B59DF871
:103EB000084000283CD12648C0F88815012101623D
:103EC000C0F84425C0F848358160D0F850211AB9AF
:103ED000D0F82421002AF8D00022C0F850211C4A32
:103EE00033B1D2F860311BB9D2F82431002BF8D0AD
:103EF0000023C2F86031164B14B9D2F82411D1B1A5
:103F000001225A61D3F80421002AFBD00022C3F811
:103F100004210F4BD3F8240160B10022C3F82421FF
:103F2000D3F8C424C3F8C424022A0ED0042A0CD027
:103F30006FF0060010BD0121D161D3F84821002A9D
:103F4000FBD00022C3F84821E3E76FF00300F1E75C
:103F50000030004038B5F8B9124D2C7814B96FF024
:103F6000030038BD2870DBB20F48FDF739FB04466B
:103F700018B10E4AF421D5F79FFB2B78002BFCD00B
:103F80000B4B1B78002BEAD14CB1072C14BF6FF000
:103F900003006FF00200E4E76FF00200E1E7204663
:103FA000DFE700BF4CC7002004DD060078DC060018
:103FB0007CCE012070B5084D084E002415F8013B59
:103FC00033B12CB93046FDF735F93046FDF74EF9DF
:103FD0000134042CF2D170BDCD86012004DD060031
:103FE000024B1B780BB1FFF70DBF7047CD86012048
:103FF000431EB3F5E16F70D36FF4E16C00EB0C037B
:10400000B3F5E16F6CD36FF461614318B3F5616F81
:1040100069D3A0F5E153013BB3F5965F65D3A0F5F5
:104020003B53213BB3F5965F61D3A0F58343213B1E
:10403000B3F5E15F5ED3A0F5BB43413B41F288722B
:10404000934259D9A0F5EA434A3BB3F5965F55D35D
:10405000A0F508430A3B43F25602934251D9A0F51A
:104060003843613BB3F5165F4DD3A0F55D43E13BAB
:1040700042F69F02934249D9A0F58333813BB3F5C1
:10408000E14F45D3A0F10113A3F5EE43B3F5963FFD
:1040900040D36FF44072A0F528331344244A93426E
:1040A0003AD9A0F56A336FF4127C6344B3F5E13F6B
:1040B00034D3204AA0F5AD236FF489610B449342B9
:1040C0002FD96FF44062A0F5282313441A4A934273
:1040D00029D91A4B984228D870474FF49E20704730
:1040E0004FF41D20704716487047164870474FF42C
:1040F0006C10704714487047144870474FF4000024
:104100007047134870474FF4650070471148704777
:104110001148704711487047114870474FF0806050
:10412000704710487047104870474FF080507047F4
:1041300047070100B71F05001F1D040020A90E003E
:1041400000B013000050270000A04E0000F07500E2
:1041500000509D0000F0EB0000903A0100E0D70114
:1041600000B0AF0300705F0700D0BE0E10B5434B28
:104170001B5C012B044642D108BB414809F031FCCD
:1041800030F0800206D0112804D03E4A40F21B11C4
:10419000D5F792FA3C493D4A39484FF0FF334FF08A
:1041A000140EC1E9003E09F085FB20B1354A40F20A
:1041B0002111D5F781FA364B00221A5510BD01287E
:1041C000F9D1344809F00DFC30F0800206D01128F6
:1041D00004D02C4A4FF49471D5F76EFA2E492F4A29
:1041E0002C484FF0FF334FF0100CC1E9003C09F0B0
:1041F00061FB0028DFD0234A4FF49771D9E7022BE7
:10420000D9D1E0B91E4809F0ECFB30F0800206D0AD
:10421000112804D01B4A40F23711D5F74DFA1A493C
:104220001A4A13204FF0FF33C1E90030144809F057
:1042300041FB0028BFD0134A40F23D11B9E70128E5
:10424000B9D1144809F0CDFB30F0800206D0112816
:1042500004D00C4A4FF4A271D5F72EFA0E490D483E
:104260000F224FF0FF33C1E900320C4A09F022FB64
:104270000028A0D0034A4FF4A5719AE794A7012023
:10428000B0DD060010DD060060C70020A0C70020DA
:1042900078A70120D8DD060080C70020DCC70020F9
:1042A00038B5054614460846EDB9FFF7A1FE1D4B8B
:1042B0001D4A9861012C147007D0022C4FF0130294
:1042C00004D05A6014221A6006E014225A604FF09B
:1042D000FF321A60154B1D70154A12491548BDE88A
:1042E000384009F0E7BA012D1BD1FFF781FE124BD0
:1042F0000D4A9861012C547007D0022C4FF00F0228
:1043000004D05A6010221A6007E010225A604FF061
:10431000FF321A60054B00225A70084A06490848C5
:10432000DDE738BD60C7002094A7012078A70120F1
:10433000A0C70020B0DD060080C70020DCC7002039
:10434000D8DD060008B568B90D4809F021FB30F04A
:10435000800214D0112812D00A4AC521BDE80840B5
:10436000D5F7AAB901280AD1074809F011FB30F0A6
:10437000800204D0112802D0024ACD21EEE708BD08
:10438000B0DD060010DD0600D8DD060038B59DF86A
:10439000142004460D46FFF783FF0448012200F86D
:1043A000342000EBC400456038BD00BF7CA701206D
:1043B00010B50446FFF7C6FF024B002203F8342075
:1043C00010BD00BF7CA701202DE9F04385B01F463A
:1043D00000230446904603930D46002900F0C08058
:1043E000614E335C5A1E012A26D8604A115C0129AD
:1043F000914621D0012B63D1002844D15C4809F0BB
:10440000F0FA30F0800205D0112803D0594ADD219E
:10441000D5F752F95849594A554814234FF0FF3EF1
:10442000C1E9003E09F046FA18B1524AE321D5F736
:1044300043F9012309F80430002C7CD103AB294651
:104440004B480097424609F0F3FA3378013B012BC1
:10445000054603D84648394609F0F8FB335D013B71
:10446000012B05D8414B1B5D13B12046FFF77EFEA3
:10447000002D73D0112D14BF6FF006006FF00500F2
:1044800005B0BDE8F0830128D3D13D4809F0A9FA71
:1044900030F0800205D0112803D0364AEA21D5F742
:1044A0000BF93849384A364810234FF0FF3CC1E930
:1044B000003C09F0FFF90028BBD02E4AF021B6E7F6
:1044C000D0B92B4809F08DFA30F0800205D01128C0
:1044D00003D0284AF921D5F7EFF82749274A4FF0AA
:1044E000FF301323C1E90030214809F0E3F9002827
:1044F0009FD0204AFF219AE701289AD1204809F04D
:1045000070FA30F0800206D0112804D0194A4FF416
:104510008371D5F7D1F81B4919484FF0FF320F23AB
:10452000C1E90032184A09F0C5F9002881D0114AC2
:1045300040F20B117BE7012C0ED103AB294610484A
:104540000097424609F074FA7378013B012B054647
:1045500084D80B4839467FE703257FE703988FE728
:104560006FF002008CE700BF94A7012078A701201C
:10457000B0DD060010DD060060C70020A0C70020E7
:10458000D8DD060080C70020DCC70020F0B585B06C
:104590001D460023174603930C46D1B138B90E4887
:1045A000009503AB09F0C6FA039805B0F0BD0128E9
:1045B000FAD10A4B5B78013B012B04D8084B5B789E
:1045C0000BB1FFF7D3FD0748009503AB3A462146F0
:1045D000E8E76FF00200E8E7B0DD060094A70120ED
:1045E00078A70120D8DD060007B568B90A4B1B681B
:1045F0005B680DF10701186809F032F840B16FF0FF
:10460000060003B05DF804FB0128F8D1034BEEE788
:104610009DF80700F5E700BFD8A6012028A70120D4
:1046200010B9044809F012BB012801D10248F9E78A
:10463000704700BFB0DD0600D8DD060028B9064B84
:104640001B685B68186809F0E5B8012801D1034BC5
:10465000F6E76FF006007047D8A6012028A70120D2
:1046600037B50E4D002415F834303BB1E0B264216B
:104670000190FFF7D5FF0198FFF764FE0134032C8A
:10468000F1D1074B002119601A6801221A60A3F5C5
:104690001833196019681A6003B030BD7CA7012077
:1046A000FC8F024070B5084D084E00242B7823B1D2
:1046B000325D6968E0B2FFF7F3FD0134032C05F1C8
:1046C0000805F3D170BD00BF7CA7012094A701208D
:1046D00030B54C1CE40012F00303A4B20ED1094D16
:1046E0002A602244084C2260084A1370084A13705A
:1046F000084A1080084A1846118030BD6FF0090042
:10470000FBE700BF9CA7012098A7012097A70120E5
:10471000A4A70120A0A70120A2A70120F8B5144D4D
:10472000144E2F462A7833789A4200D1F8BD2C785F
:10473000E1F7BEFB104A114B10681B88DFF844C03C
:10474000E4B204FB03000E4BBCF800C01B6803EB93
:10475000C40253F8344091882A78D3B2944586BF76
:104760000133DBB200233B70A047E1F7A2FBD9E79E
:10477000A4A7012097A7012098A70120A0A70120A6
:104780009CA70120A2A701202DE9F743264F3B88D3
:104790008B4206460D46904640D301A8E1F780FBC8
:1047A000224B23481978234B00881C78E2B28442BC
:1047B00038BF0132C9B234BFD2B20022914226D0F2
:1047C0001C781A78D1B2904286BF0131C9B200215B
:1047D000197001A8E1F766FB4FF6FF739C4220D0E9
:1047E000154B1B6843F8348003EBC40996B18DB1B7
:1047F000124B38881B682A46314604FB0030D5F737
:10480000DFFBA9F80450002003B0BDE8F0834FF6A9
:10481000FF74DEE70020A9F80400F5E76FF0080058
:10482000F2E76FF00600EFE7A0A70120A4A70120A0
:10483000A2A7012097A701209CA7012098A70120EB
:10484000074B084A1B7812881846074B1B7898427A
:1048500084BF511C5B181B1A9BB2D31A98B27047C5
:10486000A4A70120A2A7012097A7012010B5044604
:1048700000F00FF804F10C00DAF732FA04F12D0021
:10488000DAF724FA04F1330000F002F8204610BDF4
:104890007047002282607047704770477047DFF7AB
:1048A00041BC08B5DFF74AFCC0B208BD014B18781F
:1048B000704700BFACA70120014B5878704700BF7C
:1048C000ACA70120024820220021E1F754BB00BF21
:1048D000C0A7012038B50B4D0B4C78B171B1012345
:1048E00023700A4BE1606272286083600025258294
:1048F000FFF7E8FF6570A574A58638BD00232B601F
:104900002370F3E7A8A70120ACA70120B14E050052
:1049100010B50E4C94F835306BB194F83600002188
:1049200084F8351018B90146DCF7AAF903E001282C
:10493000FAD00228F8D094F8343033B1002384F848
:104940003430BDE81040D4F7ADBD10BDACA7012098
:104950004E4B70B5196A6422B1FBF2F2D96801209E
:10496000412498720C70997ADC681D7D0E189E7235
:104970006554997ADC68DD8A0E189E7265549C7ABB
:10498000D98ADD68090A26189E722955997ADC6849
:104990000D189D726254997ADC680D189D72150A83
:1049A0006554997ADC680D18120C9D726254D968AE
:1049B0009A7A14189C7293F824408C549A7AD96885
:1049C000B3F9264015189D728C549A7AD96893F9D8
:1049D000274015189D728C549A7AD96893F928400B
:1049E00015189D728C549A7AD96814189C7293F891
:1049F00029408C549A7AD9689C6915189D728C54F8
:104A0000DC689A69997A120A0D189D7262549A7A32
:104A1000D9685C8B15189D728C549A7AD968DC7EA3
:104A200015189D728C549A7AD96814189C7293F850
:104A30002A408C549A7AD96814189C7293F82B40A7
:104A40008C549A7AD96814189C7293F82C408C5420
:104A50009A7AD96814189C7293F82D408C549A7ADB
:104A6000D96814189C7293F82E408C549A7AD9689D
:104A700014189C7293F82F408C549A7AD9681418A1
:104A80009C7293F830408C54587070BDACA70120D4
:104A900003780B2B10B506D14378044C23B9FFF7EC
:104AA00011FF0123237510BD0023FBE7ACA70120F4
:104AB0002DE9F04FAE4C23788DB0002B51D0C27849
:104AC0000AB9837C13B1238A01332382437B002BF1
:104AD00047D0E02A45D10025A572876897F8008065
:104AE000B8F1220F27D8B8F1220F35D8DFE818F037
:104AF000C500D600DA00F9000001110118013301E8
:104B00004801600173013400340034003400340083
:104B100034003400340034003400340034003400F5
:104B200034003400340034003400340034003400E5
:104B3000750184018801B8F17D0F00F07C8113D8E4
:104B4000B8F1420F00F06881B8F1430F00F07181B5
:104B5000B8F1400F00F05A81A37A003B18BF01233F
:104B600063700DB0BDE8F08FB8F17E0F00F0868164
:104B7000B8F17F0FF0D1362301A88DF80430E3F7A8
:104B800005F894F80A90E6689DF808009DF8095029
:104B90009DF80A709DF80BC09DF80E209DF80F102F
:104BA0009DF80CE09DF80DB009F1010A84F80AA007
:104BB00006F809806F4E94F80A903668E36809F1A8
:104BC000010A84F80AA096F803A003F809A094F853
:104BD0000A90E36809F1010A84F80AA096F802A095
:104BE00003F809A094F80A90E36809F1010A84F82F
:104BF0000AA096F801A003F809A094F80A90E368C7
:104C000009F1010A84F80AA096F8008003F80980E7
:104C100094F80A80E66808F1010984F80A9006F819
:104C200008C094F80AC0E6680CF1010884F80A800C
:104C300006F80C70A77AE66807F1010C84F80AC040
:104C4000F555A57AE6686F1CA7727055A07AE568DD
:104C5000461CA6722954A17AE0684D1CA5724254E4
:104C6000A27AE168501CA07201F802B0A37AE2684F
:104C7000591CA17202F803E06EE7E36801220021EB
:104C8000A2721970A37AE1689818A0720620C8541D
:104C9000A37AE1689818A072CA545DE7012384F8EA
:104CA000343059E7DAF716FE00F0FD03082B014611
:104CB00004D1FF23ADF80430012105E001280BD118
:104CC00040F2FF13ADF8043001A8DAF733FE2A4BA7
:104CD000DB6A012098473FE70228F8D140F6FF73CE
:104CE000E8E77B7884F83630012384F8353033E701
:104CF00005238DF804307B78003B18BF012301A801
:104D00008DF80830E3F78EF89DF80800DFF7C8FB50
:104D100022E77878003818BF0120E4F7A7FC1BE7EA
:104D2000164E0FCE01AD0FC50FCE0FC596E807008A
:104D300085E807007B780A2B3FF60EAF0D4A126814
:104D40005268002A3FF408AF0CA901EB830353F823
:104D50002C0C904700E77878431E012B3FF6FCAE01
:104D6000044B01381B6818BF012020729B68B1E713
:104D7000ACA70120A8A7012018C8002000DE06006B
:104D8000E26801230821A3721170627A057BA17A7F
:104D9000AA4228BF2A469342BFF4DEAE85685A1C59
:104DA000EB5CE56801334E1CA6726B54D3B2ECE7A2
:104DB000E3680122A27209221A70A37AE268218AAA
:104DC000581CA072D154238AA27AE1681B0A501C95
:104DD000A0728B54C0E62582BEE6052301A88DF89B
:104DE0000430E3F7C3FC304B9B6A002B3FF4B4AEB6
:104DF000059A01A99847AFE62B4B1B6B9847ABE68A
:104E00002A4B78781B686075DB6863E77B78003B2A
:104E100018BF0123A3749FE6E3680122A27283F8FE
:104E20000080A37AE268E18A581CA072D154E38A18
:104E3000CAE7E58290E6037B072B7FF48DAE06235D
:104E40008DF80430BA787B7843EA0223ADF8083055
:104E50007B793A791B0443EA0223FA7813436422EC
:104E600053430393BB798DF810300F4B01A89D6A13
:104E7000E3F77CFC059A01A9A8476DE6462301A843
:104E80008DF804308DF80850E2F7CCFF84F83450E8
:104E9000DAF7FFFD012802D1034BDB6A98470020B7
:104EA000DBF787FC58E600BF18C80020A8A7012040
:104EB00008B9DAF707BD0128FBD0704770B5134C6D
:104EC0002378264603B303780A2B09D00E2B1BD177
:104ED000FFF7F8FCA37CBBB1BDE87040FFF738BD1D
:104EE00043780D2B06D1237D0BB901232375F38A5B
:104EF0000133F382041D0FCC054D0FC594E8070064
:104F0000B37C85E80700E6E770BD00BFACA70120D1
:104F1000C4A701200048704718C80020F8B505460E
:104F20000C461646D5F7C0FD2B783BB30123002E67
:104F300063664FF0000308BF192625601F46626EA6
:104F4000B24219DAEA1814E01146013291F800C0B1
:104F5000BCF13A0F0CD10F705A1CA918AA5C5AB1B7
:104F6000626E02F1010CC4F864C044F82210E6E756
:104F700001338342E8DBEFD10020F8BD0220FCE7DB
:104F80002DE9F04F0024ADF6B40D924683460F464E
:104F90006822214611A8CDE90544D5F739F8BAF1C0
:104FA000010F38D13B780D2B3ED00A2B3CD017F89F
:104FB0000490B9F1000F05D0B9F13D0F02D0B9F15D
:104FC000200F36D12246394609A8D4F7F9FF09AB9C
:104FD00000261E55013C1B5D3F2B2FD09B4B00250F
:104FE000984614226A4309A9D2580292104610F03A
:104FF00097F9029A954B0446002840F04781B9F191
:105000003D0F1FD109A8D5F74FFD01305045029A39
:105010001BD102248FE0BAF1000FC8D18C4B8D4810
:105020009968E0F751FD022420460DF6B40DBDE865
:10503000F08F0134202CBAD101247CE009AB1E553D
:105040000126CBE7B9F1000F0BD01046D5F72CFDA8
:10505000142303FB058301301A7A11A93844FFF7A2
:105060005DFF002E00F0B880002D40F085807A486A
:10507000764CDFF80482DFF8F091DFF8F8A1E0F772
:1050800023FD7648CDE90755E0F71EFDE7683B783C
:10509000CBB1267C0023F106CDE9073352D5704908
:1050A00007A810F059F9F00707D507A8D5F7FCFCB9
:1050B00007AB4946184410F04FF921683B4607AA50
:1050C0004046E0F701FD0135732D04F11404DDD1F4
:1050D000644CDFF8AC81DFF8AC91DFF8ACA10026BE
:1050E000236813B3424649462BA8D5F7BDFC276970
:1050F0003B78D3B1257D0023E906CDE907332ED5D2
:10510000574907A810F028F9ED0707D507A8D5F7E4
:10511000CBFC07AB5449184410F01EF900976368A4
:1051200007AA2BA95046E0F7CFFC0136402E04F128
:105130001804D5D10024464B53F824104B48E0F70F
:10514000C3FC71E7720701D54949A9E7B307AAD59E
:1051500007A8D5F7A9FC07AB51461844A1E76A0791
:1051600001D54349CDE7AB07CED507A8D5F79CFCC1
:1051700007AB40491844C5E70023CDE905331423A4
:1051800003FB05831E7CF00619D5354905A810F0F0
:10519000E3F8F30707D505A8D5F786FC05AB324938
:1051A000184410F0D9F814235D4308EB050358F8B0
:1051B0000510DB6805AA3048E0F786FCBBE77107FD
:1051C00001D52B49E2E7B207E3D505A8D5F76CFC7A
:1051D00005AB28491844DAE7142303FB05831C7C3C
:1051E000E7063FF529AF25491198D7F76FF807462D
:1051F000E0B914F0060F3FF40CAF14235D4308EB45
:10520000050658F80510736811AA584698470446D1
:10521000002840F0DD80337C5A078CD51D078AD4E6
:10522000002F88D043F00803337484E72A9B002BB7
:105230000ADD660704D520073FF5FEAE0127DCE74F
:10524000E1077FF5E6AEF9E73746D6E77CC80020F0
:1052500050C800202CDE060033DE06003D95060017
:10526000A1DE060080CE012068F2060094980600B8
:10527000A9DE0600D2F50600ACDE0600A8980600FE
:10528000B8DE06001DBC0600BDDE06000135732D2C
:105290007FF4A7AEDFF864A10025D04618236B4346
:1052A00003EB0A0253F80A3002920393002B00F03A
:1052B00089804A48042209A910F056F8002840F0D5
:1052C0008180039B0AA9184610F02AF8039B044624
:1052D000002877D1B9F1000F09D01846D5F7E4FBC3
:1052E000029B05301A7B11A93844FFF717FE1823DB
:1052F0006B4308EB0307394A58F8033038492BA8A9
:10530000D5F7B2FB46B30023CDE9053398F8DC6A44
:10531000F00614D5334905A810F01EF8F30707D599
:1053200005A8D5F7C1FB05AB2F49184410F014F8B8
:10533000182303FB058505AA2B692BA93BE77107F9
:1053400001D52A49E7E7B207E8D505A8D5F7ACFBB0
:1053500005AB27491844DFE73C7DE7063FF56CAE17
:1053600024491198D6F7B2FF0746D8B914F0060FB2
:105370003FF462AE182303FB058511AAAB682BA985
:1053800058469847044618BB2B7D59077FF5D3AE86
:105390001A073FF5D0AE002F3FF4CDAE43F008031F
:1053A0002B75C8E62A9B002B0ADD660704D5240767
:1053B0003FF542AE0127DDE7E0077FF52AAEF9E7CA
:1053C0003746D7E70135402D7FF468AF0924B2E6B0
:1053D0000A2C7FF6B0AE084B5968AFE6B8DE06007F
:1053E0001DBC0600A1DE060068F20600A9DE06006C
:1053F000D2F50600A898060050C8002080CE0120F3
:1054000002EBD2722DE9F843064654104D1C0027DA
:10541000BC4201DCBDE8F88315F8010C95F800905A
:1054200010F080F8C0B2A0F130035FFA83F8B8F151
:10543000090F84BF37385FFA80F8484610F072F8D9
:10544000C2B2A2F13003DBB2092B84BF373AD3B228
:1054500003EB0813F35502350137D9E7F8B50F46CA
:1054600006461446D5F720FBB842054602D110F097
:10547000010707D001200FE0F05C0FF079FE013743
:105480000028F7D0BBB29D42F6D834B120462A4658
:105490003146FFF7B5FF0020F8BD2046FCE713B505
:1054A0000C4601AA0421FFF7D9FF40B99DF804205A
:1054B0009DF8053043EA0223238002B010BD01208D
:1054C000FBE713B50C4601AA0821FFF7C7FF20B977
:1054D000019B1BBA236002B010BD0120FBE7000056
:1054E000F8B506460C46D5F7DFFA0A28074601D973
:1054F0000120F8BD0A4930460FF07DFFB84205464D
:10550000F6D130460FF030FE20B9012DF0D11CB19C
:105510002060EEE714B120600020EAE72046E8E7CB
:10552000CDDE06002DE9F04F85B003F06BFB07469A
:1055300003F072FBB0B305B0BDE8F08F214602A8BE
:1055400003F076FBDDE90216184D06F0100B06F0AD
:1055500004025FFA86F94FF000082868CDE90012CE
:105560000FF0DEFEDDE9001220B9BBF1000F0CD018
:1055700085F810A008F10108B8F1730F05F11405C2
:10558000EBD10134BC42D9DBD5E72B7C22B19B07A0
:10559000F0D085F81090EDE733421CBF09EA030311
:1055A0002B74E7E704464FF0100AEBE77CC80020B5
:1055B0001130C0B211289ABF014B185C012070470E
:1055C00022F906001FB5536E1BB10224204604B019
:1055D00010BD0DF10E000191DDF704FF01990446A5
:1055E00028B9BDF90E200548E0F76EFAEEE7C21CB7
:1055F000EBD0831D0CBF03240124E7E734F9060038
:10560000536E10B513B10224204610BDDDF7A6FE7F
:10561000044618B90548E0F757FAF5E7C21CF2D07E
:10562000831D0CBF03240124EEE700BF3CF90600F4
:10563000536E012B07B503D0022003B05DF804FBC5
:10564000106801A9FFF74CFF0028F5D10198DDF79C
:1056500063FF0028F1D0C21CEED0831D0CBF0320D5
:105660000120EAE7536E012B07B503D0022003B0F7
:105670005DF804FB106801A9FFF732FF0028F5D19F
:105680000198DDF7C9FF0028F1D0C21CEED0831DC0
:105690000CBF03200120EAE730B5536E012BA1B007
:1056A0000D46144629D145491068D6F70FFE044629
:1056B00000282CD10BA8DDF725FF1B9B09931A9B13
:1056C0000893159B07939DF8433006930B9B059316
:1056D000199B0493189B03939DF8383002930D9BFC
:1056E00001930C9B0093179A9DF95030344829463A
:1056F000E0F7EAF9204621B030BD0C2B07D10BA80A
:10570000DDF700FF206817A9FFF7EAFE08B10224C1
:10571000F0E760680AA9FFF7E3FE0028F7D10A9BCB
:10572000FF2BF4D8A0688DF850300CA9FFF7D8FEF5
:105730000028ECD1E0680DA9FFF7D2FE0028E6D1E1
:1057400020690EA9FFF7CCFE0028E0D1606918A9F6
:10575000FFF7C6FE0028DAD1A06919A9FFF7C0FE3D
:105760000028D4D1E0690BA9FFF7BAFE0028CED1FA
:10577000206A0DF14301FFF7B3FE0028C7D1606A2C
:1057800015A9FFF7ADFE0028C1D1A06A1AA9FFF73D
:10579000A7FE0028BBD1E06A1BA9FFF7A1FE0028E5
:1057A000B5D10BA8DDF778FE04460028A2D0C21CB4
:1057B000ADD0831D0CBF032401249BE7A8980600ED
:1057C00044F9060030B5536E012B99B00D461446CE
:1057D00017D11D491068D6F779FD044618B1022487
:1057E000204619B030BD03A8DDF78CFE179B01934E
:1057F000169B00932946DDE914231448E0F764F969
:10580000EEE7042BEBD1106814A9FFF769FE00281E
:10581000E5D1606815A9FFF763FE0028DFD1A06815
:1058200016A9FFF75DFE0028D9D1E06817A9FFF798
:1058300057FE0028D3D1DDE914239A42CFD803A81C
:10584000DDF75CFF0446CBE7A89806006DF906007B
:1058500030B5536E012B99B00D46144617D11D4932
:105860001068D6F733FD044618B10224204619B05B
:1058700030BD03A8DDF746FE179B0193169B0093EE
:105880002946DDE914231448E0F71EF9EEE7042B5E
:10589000EBD1106814A9FFF723FE0028E5D160685A
:1058A00015A9FFF71DFE0028DFD1A06816A9FFF794
:1058B00017FE0028D9D1E06817A9FFF711FE0028CC
:1058C000D3D1DDE914239A42CFD803A8DEF718F824
:1058D0000446CBE7A89806006DF9060010B5546E93
:1058E0001CB9DDF75DFD204610BD0224FBE700007A
:1058F000F8B5546E012C0E4602D002242046F8BDA5
:10590000176811493846D6F7E1FC054640B9DFF77C
:1059100057F9314602460D48E0F7D6F82C46EDE738
:105920000A2200213846D5F745F901280546E4D872
:10593000DCF7DAF80028E1D12846DFF747F9041E42
:1059400018BF0124DAE700BFA89806007EF9060018
:1059500070B5546E012C86B00E46154615D11F4900
:105960001068D6F7B3FC044618B10224204606B0EE
:1059700070BD03A8DEF72AF9059B00933146DDE9E7
:1059800003231748E0F7A0F8F0E7032CEDD11068E7
:1059900003A9FFF7A5FD0028E7D1686804A9FFF770
:1059A0009FFD0028E1D1A86805A9FFF799FD00280F
:1059B000DBD1049B053B112BD7D8059BB3F5803F6A
:1059C000D3D203A8DEF70CF928B1C31CCDD0063022
:1059D00018BF0124CAE70446C8E700BFA89806001C
:1059E00086F9060070B50E461446DAF743F801282A
:1059F0002DD1636E012B02D00224204670BD256894
:105A000014492846D6F762FC044690B12846D5F7DB
:105A10004BF82B462844984213D10A2200212846ED
:105A2000D5F7C8F8C0B20728E6D8DAF75BF9002442
:105A3000E3E7DAF755F9314602460748E0F744F85C
:105A4000DBE713F8012B303A092AE4D9D4E708241C
:105A5000D3E700BFA89806007EF90600F7B50E460A
:105A60001446DAF707F8012824D1154B1B78042BCC
:105A700022D1DAF745F90746DAF736F9636E012BDA
:105A800005461BD120680F49D6F720FC0446A8B96B
:105A90000D4AB5FBF2F34FF47A7002FB1352314614
:105AA000B2FBF0F209480092FAB2E0F70DF8204696
:105AB00003B0F0BD0824FAE70524F8E70224F6E76E
:105AC000D4EE0020A898060040420F0094F906008A
:105AD00038B50D461446D9F7CDFF012815D10E4B28
:105AE0001B78042B13D1636E012B12D120680B4954
:105AF000D6F7ECFB044660B9DAF70EF92946024600
:105B00000748DFF7E1FF204638BD0824FBE70524FE
:105B1000F9E70224F7E700BFD4EE0020A8980600BA
:105B20007EF9060030B58BB00D461446D9F7A2FFBA
:105B300001281FD1124B1B78042B1DD1636E012B42
:105B40001CD120680F49D6F7C1FB0446B0B905A89F
:105B5000DAF7D6FC079B0293069B0193099B0093FF
:105B6000BDF81420089B08482946DFF7ADFF204602
:105B70000BB030BD0824FAE70524F8E70224F6E765
:105B8000D4EE0020A8980600A2F9060030B589B02E
:105B90000D461446D9F76EFF012819D1636E012B0B
:105BA00018D120680C49D6F791FB044690B90146FC
:105BB0001A22009001A8D4F72BFA6846DAF7BEF84B
:105BC00006486A462946DFF77FFF204609B030BD08
:105BD0000824FAE70224F8E7A8980600B6F90600B8
:105BE0006DDF704710B5546E1CB903F0D9FB204629
:105BF00010BD0224FBE7506E002818BF022070473A
:105C0000F0B514468BB00D462122002101A8D4F72F
:105C1000FFF9636E012B19D120680D49D6F756FBA9
:105C2000044698B90B4B01AE03F120071868596878
:105C3000324603C20833BB421646F7D1064801AAD2
:105C40002946DFF741FF20460BB0F0BD0224FAE7FA
:105C5000A898060000D80F00B6F90600536E012B75
:105C600073B50D4623D1166812493046D6F72EFB80
:105C7000044660B9FEF715FE294602460E48DFF7D6
:105C800023FF0E48DFF720FF204602B070BD0DF164
:105C900007013046FFF724FC044630B99DF80700A1
:105CA000012802D8FEF7FBFDEEE70224ECE7012411
:105CB000EAE700BFA8980600BEF906003D95060079
:105CC00010B5546E4CB92046DEF760F92046DEF779
:105CD0006FF9E0F7E3F8204610BD0224FBE7536EAE
:105CE00010B573B9DBF760FD48B9DEF773F8044609
:105CF00018B9E0F7D3F8204610BD063403D00124CC
:105D0000F9E70224F7E70324F5E710B5546E4CB920
:105D1000DEF7F6F920B90120DEF7F8F9204610BDCC
:105D20002046F9E70224F9E7F0B5556E012D87B05A
:105D30000F46144603D00225284607B0F0BD16686A
:105D400028493046D6F7C2FAC8B9122101A8DEF7B1
:105D50009DF904460028EFD12348244E3946DFF749
:105D6000B3FE01AD15F8011B30460134DFF7ACFE80
:105D7000122CF7D11E48DFF7A7FE0025DCE73378A9
:105D8000002BD8D03046D4F78FFE1228D3D812215A
:105D900001A8DEF77BF90028CED101AB13F8012B67
:105DA000002AC9D101301228F8D124682046D4F73E
:105DB0007BFE22460119914207D101462046DEF7BB
:105DC0007FF9051E18BF0125B6E712F8013BA3F1C4
:105DD0003005092DEFD923F02003413B192BAAD818
:105DE000E9E700BFA8980600C4F90600C8F9060054
:105DF0003D95060070B5556E012D86B00E461FD13B
:105E000010491068D6F762FAD0B9122101A8DEF75E
:105E10003DF9044688B931460B480C4EDFF754FE75
:105E200001AD15F8011B30460134DFF74DFE122C91
:105E3000F7D10748DFF748FE0025284606B070BDB9
:105E40000225FAE7A8980600C4F90600C8F906007A
:105E50003D950600536E012B37B50D4614D10B4905
:105E60001068D6F733FA044670B901A8D9F74AFA90
:105E7000019810F0FDF802460B4605482946DFF769
:105E800023FE204603B030BD0224FAE7A89806009E
:105E9000CBF90600536E012B37B50D4614D10B49D3
:105EA0001068D6F713FA044670B901A8D9F780FA3A
:105EB000019810F0DDF802460B4605482946DFF749
:105EC00003FE204603B030BD0224FAE7A89806007E
:105ED000CBF9060038B5536E012B0D460FD1094999
:105EE0001068D6F7F3F9044648B9074B074A1B6810
:105EF000126807482946DFF7E7FD204638BD02242F
:105F0000FBE700BFA8980600A0A100209CA10020EC
:105F1000D3F9060038B5536E012B0D460DD1084953
:105F20001068D6F7D3F9044638B9064B06481A6804
:105F30002946DFF7C9FD204638BD0224FBE700BF34
:105F4000A8980600B0A10020B6F9060038B5536E37
:105F5000012B0D460DD108491068D6F7B7F9044654
:105F600038B9064B06481A682946DFF7ADFD2046CA
:105F700038BD0224FBE700BFA8980600B4A10020AA
:105F8000B6F9060030B5536E012B8BB00D4613D118
:105F90000A491068D6F79AF9044668B98DF82400C2
:105FA000202101A8DDF794FF054801AA2946DFF763
:105FB0008BFD20460BB030BD0224FAE7A8980600FE
:105FC000B6F9060030B5536E012B8BB00D4613D1D8
:105FD0000A491068D6F77AF9044668B98DF82400A2
:105FE000202101A8DDF798FF054801AA2946DFF71F
:105FF0006BFD20460BB030BD0224FAE7A8980600DE
:10600000B6F9060038B5536E012B0D460DD108497F
:106010001068D6F75BF9044638B9064B06481A688B
:106020002946DFF751FD204638BD0224FBE700BFBB
:10603000A898060098A10020B6F9060030B5536E66
:10604000012B8BB00D4613D10A491068D6F73EF9E3
:10605000044668B98DF82400202101A8DDF74AFF25
:10606000054801AA2946DFF72FFD20460BB030BDB9
:106070000224FAE7A8980600B6F9060038B5536E70
:10608000012B0D460DD108491068D6F71FF90446BB
:1060900038B9064B06481A682946DFF715FD204631
:1060A00038BD0224FBE700BFA8980600A4A1002089
:1060B000B6F90600F0B5556E012D85B00F461446B1
:1060C00003D00225284605B0F0BD166821493046A8
:1060D000D6F7FCF8C8B910216846DDF79BFF0446E7
:1060E0000028EFD11C481D4E3946DFF7EDFC6D4608
:1060F00015F8011B30460134DFF7E6FC102CF7D110
:106100001748DFF7E1FC0025DCE73378002BD8D017
:106110003046D4F7C9FC1028D3D810216846DDF7E3
:1061200079FF0028CED124682046D4F7BDFC234651
:106130000119994207D101462046DDF77DFF051E72
:1061400018BF0125BEE713F8012B203A5E2AF0D9CB
:10615000B7E700BFA8980600C4F90600C8F9060012
:106160003D950600F7B5546E012C0E46174646D1F4
:10617000156824492846D6F7A9F8D0B96846FFF72C
:106180002FFD31462048214E214DDFF79DFC06248E
:106190001DF804103046DFF797FC013C05D11D487F
:1061A000DFF792FC204603B0F0BD2846DFF78CFCF9
:1061B000EEE72846D4F778FC0C2820D1691E05F1BB
:1061C0000B02914210D12846DFF7A8F80028E9D148
:1061D0003C682046D4F768FC01462046DDF7B4FF52
:1061E000041E18BF0124DDE711F8013FA3F13000C0
:1061F0000928E6D923F02003413B052BE1D90224ED
:10620000D0E700BFA8980600C4F9060064030700A1
:106210000FFA06003D9506002DE9F047546E012C5B
:10622000ADF5427D0F4616460FD162491068D6F78C
:106230004DF80446002840F0BB805F48DFF744FC7F
:1062400020460DF5427DBDE8F087002C7BD110681B
:10625000D4F72AFC10F0010540F0AA800320DDF7F6
:1062600097FD564F02AE0320DFF768FD002849D0A6
:106270006C1CE4B2012271190320DFF761FC3319B1
:1062800013F8013C0A2B58D1002373556A1EB15CE8
:106290000D2904BFD5B27355002DE4D00622314636
:1062A00038460FF061F80446002848D04FF40072D9
:1062B000002142A8D3F7ACFEDFF814A1B14642ACEE
:1062C0004FF00008454524DC690042A8D7F732FCAE
:1062D00000214FF4007242A8D3F79AFE01A942A808
:1062E000D7F756FC38B9019A42A90320DFF790FB93
:1062F0003348DFF7E9FB4FF4807200213046D3F7D3
:1063000087FE0025D7F710FC0128ACD1EEF7C6FDBB
:10631000A9E799F80020514602F0F0022046D4F790
:10632000A3FB19F8012B601C02F00F025146D4F7B1
:106330009BFB08F101080234C4E72546E2E703208D
:10634000DDF704FD7CE7022C32D11068D4F7ACFBFA
:1063500010F001057FF474AF0320DDF719FD01AAE9
:10636000184970680EF0AEFF0198D7F724FC346826
:106370002046D4F799FB42AE01462046D7F7DAFB18
:1063800002A93046D7F704FC0F483946DFF79CFBDB
:106390002C460E4D029BA34204D80948DFF794FB1C
:1063A00000244DE7315D2846DFF78EFB0134F1E72D
:1063B000022445E7A8980600DEF90600E7F9060082
:1063C0003D95060074D70600C4F9060049D70600BB
:1063D0004E88060038B50D461446D9F74BFB88B1F8
:1063E000636E012B10D120680849D5F76FFF044672
:1063F00050B9D9F797FC294602460548DFF764FBF8
:10640000204638BD0824FBE70224F9E7A8980600D7
:1064100034F90600F7B50D461446D9F72BFB0128D1
:106420002AD1636E012B29D120681549D5F74EFF7B
:10643000044618BB29461348134E144FDFF744FB9C
:1064400025466846DBF7EAFA0E3005D01048DFF73C
:106450003BFB204603B0F0BDBDF80430002BF0D06C
:1064600015B13046DFF730FB9DF90620009938461C
:10647000DFF72AFB0135E4E70824EAE70224E8E72E
:10648000A8980600C4F90600EEF90600378F06004A
:106490003D95060038B50D461446D9F7EBFA88B19C
:1064A000636E012B10D120680849D5F70FFF044611
:1064B00050B9D9F73DFC294602460548DFF704FBF1
:1064C000204638BD0824FBE70224F9E7A898060017
:1064D00034F9060073B50D461446D9F7CBFA0128F6
:1064E00021D1636E012B20D1266811493046D5F7A2
:1064F000EDFE044648B9D9F7DAF9294602460D48B7
:10650000DFF7E2FA204602B070BD0DF10701304618
:10651000FEF7E6FF48B99DF80700072805D8D9F728
:10652000C8F90446EEE70824ECE70224EAE700BFD6
:10653000A89806007EF9060070B50E461446D9F7F5
:1065400099FA01282FD1636E012B02D00224204634
:1065500070BD256815492846D5F7B8FE0446A0B198
:106560002846D4F7A1FA2B462844984215D10A228E
:1065700000212846D4F71EFB0128E7D8C0B2D9F77E
:10658000A1F9041E18BF0124E1E7D9F799F93146B2
:1065900002460748DFF798FAD9E713F8012B303A9B
:1065A000092AE2D9D2E70824D1E700BFA89806005B
:1065B0007EF9060038B50D461446D9F75BFA012876
:1065C00011D1636E012B10D120680949D5F77EFEE9
:1065D000044650B9D9F778F9294602460548DFF74D
:1065E00073FA204638BD0824FBE70224F9E700BF10
:1065F000A89806007EF906002DE9F04188B00F4604
:106600001546D9F737FA012877D13E4BD5F8648083
:106610000FCB04AEB8F1010F86E80F001CD13A4948
:106620002868D5F753FE044668BBD9F747FF0390A7
:10663000D9F746FF0290D9F745FF0546D9F744FF41
:10664000DDE90232CDE9005039463048DFF73CFA47
:10665000204608B0BDE8F081B8F1040F13DD022434
:10666000F6E713F8012B303A092AF8D89842F8D106
:106670000137B8452ADD55F827402046D4F714FAEB
:1066800023462044F2E70027F3E755F824000A22C6
:106690000021D4F78FFA46F8240001346B6EA34230
:1066A000F3DC002B14D101230493DDE90623DDE99B
:1066B0000401DAF781F904460028C9D0831D1ED0F1
:1066C00010F1110F0CBF0A240124C1E70024E5E7F3
:1066D000049AEADD012AC2D8012B059AE5D0012AE5
:1066E000BDD8022B069AE0D0073AF82AB7D8042B77
:1066F000079ADAD1FF2AD8D9B1E70824A8E70324FA
:10670000A6E700BFF8F90600A89806006DF9060094
:1067100070B50E461446D9F7ADF9012835D1636E30
:10672000012B02D00224204670BD25681849284656
:10673000D5F7CCFD0446D0B12846D4F7B5F92B46A1
:10674000284498421BD10A2200212846D4F732FA65
:106750000128E7D80121C0B2DAF7DEFA04460028A2
:10676000E1D010F1110F0CBF0A240124DBE7D9F7A7
:1067700090F9314602460748DFF7A6F9D3E713F848
:10678000012B303A092ADCD9CCE70824CBE700BF3B
:10679000A89806007EF9060038B50D461446D9F7CC
:1067A00069F9012811D1636E012B10D120680949C4
:1067B000D5F78CFD044650B9D9F76DF92946024644
:1067C0000548DFF781F9204638BD0824FBE702249D
:1067D000F9E700BFA89806007EF906002DE9F04110
:1067E000C2B00E461446D9F745F901282CD1636E84
:1067F000012B2BD120681649D5F768FD044628BB2C
:106800004FF4807202A90DF10700D9F75FFE3146FF
:1068100005469DF807200F48DFF84080DFF754F960
:10682000EDB202AE2746FBB29D4206D80A48DFF71A
:106830004BF9204642B0BDE8F08116F8011B4046F6
:10684000DFF742F90137EEE70824F2E70224F0E728
:10685000A8980600F0F906003D95060049D7060005
:10686000F0B587B01646D9F705F901286DD1736EDA
:10687000022B4FD1364B34681B88ADF80C302046C4
:1068800000238DF80E30D4F70FF9234620448342BD
:106890003BD120460EF068FCC0B2431EDBB2DE2BBB
:1068A00038D875688DF81000082328468DF8123006
:1068B000D4F7FAF8C10704462CD4431EB3F5FA7F87
:1068C00028D22F18AF4227D1224F64080025A542B5
:1068D00029D100238DF813308DF81130009306ABC9
:1068E00013E90C001B482946D9F774FA58B110F186
:1068F0000C0F26D0821D26D0C31C0BD010F1110F17
:106900000CBF0A20012007B0F0BD13F8012B303A6C
:10691000092ABCD90220F6E715F8010B0EF028FC75
:106920000028CFD1F6E77368102233F81530ADF8A0
:106930000C30002103A8D4F73DF9013507F8010B0D
:10694000C5E70620DFE70320DDE70820DBE700BF1F
:1069500008FA0600E4A701202DE9F043ADF2044D4A
:106960001446D9F787F8012873D1636E032B04D03E
:1069700002200DF2044DBDE8F08326683046D4F7BE
:1069800093F833468046811999424FD1656828466D
:10699000D4F78AF82B460746291899424CD1A568A6
:1069A0002846D4F781F805EB00094D454AD1B8F1E6
:1069B000030FDDD8012FDBD80A2200213046D4F79F
:1069C000F9F800210A2205466068D4F7F3F8A768B1
:1069D00006463846D4F768F8C10784B2C8D4B4F57F
:1069E000006FC5D8B3B2012BC2D86A1E92B2DE2A9C
:1069F000BED86A4621463846FEF730FD0028B7D19A
:106A000063086A4606F00101E8B2DBF7B1F9002835
:106A1000AFD010F10C0F1ED0821D1ED0C31CA7D00A
:106A200010F1110F0CBF0A200120A2E713F8012B6F
:106A3000303A092AA8D99BE713F8012B303A092AE2
:106A4000ABD995E715F8010B0EF092FB0028ACD1FD
:106A50008EE708208DE706208BE7032089E70000FA
:106A600070B5074E0446451814F8011B3046DFF791
:106A70002BF8AC42F8D1BDE870400248DFF724B8EB
:106A800049D706003D950600F0B58BB00F46164677
:106A9000D8F7F0FF012852D1746E012C51D135681E
:106AA00029492846D5F712FC98B908210DEB0100B9
:106AB000D8F7F6FE054648B939462448DFF704F80A
:106AC00008210DEB0100FFF7CBFF2C4620460BB051
:106AD000F0BD1F4B1B88ADF80430284600238DF80D
:106AE0000630D3F7E1FF10282BD16C1E0F3514F8B8
:106AF000010F0EF03DFB20B3AC42F8D102AD0024F3
:106B00002F46336810221B5BADF80430002101A82A
:106B1000D4F750F80234102C05F8010BF1D10821FC
:106B20003846D9F761FE0028D1D0831D05D010F179
:106B3000110F0CBF0A200120C9E70320C7E7082076
:106B4000C5E70220C3E700BFA8980600C4F9060005
:106B50000BFA0600F0B58BB00F461646D8F78AFF41
:106B6000012850D1746E012C4FD135682849284630
:106B7000D5F7ACFB88B9102102A8D8F793FE0546DB
:106B800040B939462348DEF79FFF102102A8FFF7DE
:106B900067FF2C4620460BB0F0BD1F4B1B88ADF89D
:106BA0000430284600238DF80630D3F77DFF2028D7
:106BB0002BD16C1E1F3514F8010F0EF0D9FA20B33B
:106BC000AC42F8D102AD00242F46336810221B5B83
:106BD000ADF80430002101A8D3F7ECFF0234202CDB
:106BE00005F8010BF1D110213846D9F71EFE002817
:106BF000D1D0831D05D010F1110F0CBF0A20012048
:106C0000C9E70320C7E70820C5E70220C3E700BFA4
:106C1000A8980600C4F906000BFA0600F0B58BB080
:106C20000F461646D8F726FF012850D1746E012C66
:106C30004FD1356828492846D5F748FB88B9102137
:106C400002A8D8F73BFF054640B939462348DEF78E
:106C50003BFF102102A8FFF703FF2C4620460BB094
:106C6000F0BD1F4B1B88ADF80430284600238DF87B
:106C70000630D3F719FF20282BD16C1E1F3514F8CE
:106C8000010F0EF075FA20B3AC42F8D102AD00242A
:106C90002F46336810221B5BADF80430002101A899
:106CA000D3F788FF0234202C05F8010BF1D1102115
:106CB0003846D9F7E4FD0028D1D0831D05D010F166
:106CC000110F0CBF0A200120C9E70320C7E70820E5
:106CD000C5E70220C3E700BFA8980600C4F9060074
:106CE0000BFA0600F7B50F461646D8F7C3FE012883
:106CF0005BD1746E012C5AD135682E492846D5F7E0
:106D0000E5FAE0B904210DEB0100D8F705FF0546CF
:106D100090B929483946DEF7D7FE2C46274D01AEFB
:106D200016F8011B28460134DEF7CEFE042CF7D1FD
:106D30002348DEF7C9FE0024204603B0F0BD214BF6
:106D40001B88ADF80030284600238DF80230D3F7B9
:106D5000ABFE08282BD16C1E073514F8010F0EF07E
:106D600007FA20B3AC42F8D101AD00242F463368B6
:106D700010221B5BADF8003000216846D3F71AFFE4
:106D80000234082C05F8010BF1D104213846D9F75B
:106D900097FD0028D1D0831D05D010F1110F0CBF35
:106DA0000A200120C9E70320C7E70820C5E7022021
:106DB000C3E700BFA8980600C4F9060049D706003B
:106DC0003D9506000BFA0600F0B58BB00F4616464F
:106DD000D8F750FE012852D1746E012C51D135687C
:106DE00029492846D5F772FA98B908210DEB010018
:106DF000D8F75AFD054648B939462448DEF764FEFF
:106E000008210DEB0100FFF72BFE2C4620460BB0AE
:106E1000F0BD1F4B1B88ADF80430284600238DF8C9
:106E20000630D3F741FE10282BD16C1E0F3514F815
:106E3000010F0EF09DF920B3AC42F8D102AD002451
:106E40002F46336810221B5BADF80430002101A8E7
:106E5000D3F7B0FE0234102C05F8010BF1D1082154
:106E60003846D9F750FD0028D1D0831D05D010F148
:106E7000110F0CBF0A200120C9E70320C7E7082033
:106E8000C5E70220C3E700BFA8980600C4F90600C2
:106E90000BFA060073B50E461546D8F7EBFD012830
:106EA00028D16C6E012C27D114492868D5F70EFA29
:106EB00010BB04210DEB0100D8F751FE0546B0B917
:106EC00031460F48DEF700FE9DF806100D48DEF74C
:106ED000FBFD9DF805100B48DEF7F6FD9DF804104C
:106EE0000848DEF7F1FD0848DEF7EEFD2C462046A7
:106EF00002B070BD0824FAE70224F8E7A89806005B
:106F0000C4F9060049D706003D950600F0B58BB0E0
:106F10000F461646D8F7AEFD012850D1746E012CED
:106F20004FD1356828492846D5F7D0F988B91021BE
:106F300002A8D8F736FE054640B939462348DEF7A1
:106F4000C3FD102102A8FFF78BFD2C4620460BB095
:106F5000F0BD1F4B1B88ADF80430284600238DF888
:106F60000630D3F7A1FD20282BD16C1E1F3514F855
:106F7000010F0EF0FDF820B3AC42F8D102AD0024B1
:106F80002F46336810221B5BADF80430002101A8A6
:106F9000D3F710FE0234202C05F8010BF1D110219B
:106FA0003846D9F7D6FC0028D1D0831D05D010F182
:106FB000110F0CBF0A200120C9E70320C7E70820F2
:106FC000C5E70220C3E700BFA8980600C4F9060081
:106FD0000BFA0600F0B5546E012C85B00E461CD19C
:106FE00017680F493846D5F771F9054680B96846E4
:106FF000D8F75CFC012808D131460A48DEF764FD69
:1070000010216846FFF72CFD2C46204605B0F0BD48
:107010003846D3F749FD2028F7D00224F5E700BF12
:10702000A8980600C4F90600B0B5546E00AFD4B9F4
:107030006D46ADF5006D6A464FF400614FF4502087
:10704000DEF71CFA4FF400614FF42F20DEF740FB0F
:107050006A464FF400614FF42F20DEF7B7FAAD46D1
:107060002046BD46B0BD0224FAE7000030B599B015
:107070001446D8F7FFFC012840F08580636E043B7E
:10708000032B02D9022019B030BD25683F4928469C
:10709000D5F71CF928B13E492846D5F717F900283D
:1070A00055D1012360688DF82C300CA9FEF709FA40
:1070B0000028E7D1A06811AA2021FEF7CFF9002807
:1070C000E0D1E0680DAA2021FEF7C8F90028D9D147
:1070D000636E1590052B8DF85800ADF85A00D1D08D
:1070E00013DD206915A9FEF7FBF90028CAD16569EF
:1070F0002B78302B3FD127492846D5F7E7F80028D1
:1071000032D10A900A9B8DF85830636E072B0ED14E
:10711000A0690AA9FEF7E4F90028B3D10A9B072B5E
:10712000B0D89DF82C20012A28D1ADF85A300FADE7
:107130000FCD6C460FC40FCD0FC42B6823600BAB73
:107140000FCBDAF759FE40B2FEF732FA9BE712494D
:107150002846D5F7BBF828B110492846D5F7B6F828
:1071600000288FD102239DE70AA9681CFEF7B8F911
:107170000028C7D086E70AA92846F7E7022AD6D111
:10718000002BD4D07EE708207DE700BF1303070063
:107190002F710600526D0600C9F90600DCE10600F9
:1071A00013B51446D8F766FC01280ED1636E012B87
:1071B00008D1206801A9FEF784F918B90198DAF717
:1071C0001BFF00B1022002B010BD0820FBE7000049
:1071D0002DE9F04F8FB01546D8F74CFC0128044636
:1071E00060D16B6E012B5FD128683049D5F76EF8FE
:1071F0000546002858D1DFF8D480DFF8D490DFF8B6
:10720000D4A001A8DAF732FF0E3006D02848DEF706
:107210005BFC28460FB0BDE8F08F012C02D9404638
:10722000DEF752FC029B002B35D12248DFF8A8B0D4
:10723000DEF74AFC02992048DEF746FC07AF00263D
:1072400017F8011B58460136DEF73EFC102EF7D129
:107250001A48DFF884B0DEF737FC03AF002617F8D2
:10726000011B58460136DEF72FFC102EF7D11348CC
:10727000DEF72AFC0B991248DEF726FC9DF9301048
:107280001048DEF721FC0134BDF832100E48DEF75D
:107290001BFCE4B2B5E79DF80430012B0CBF50464F
:1072A0004846C3E70825B4E70225B2E7A8980600D8
:1072B0003D9506000EFA060017FA06000FFA0600C2
:1072C0001DFA060023FA060074D70600EEF9060040
:1072D00014FA060011FA060049D7060070B50E46EA
:1072E0001446D8F7C7FB012839D1636E012B02D0B1
:1072F0000224204670BD25681B492846D4F7E6FFC6
:107300000446F0B12846D3F7CFFB2B4628449842D9
:107310001FD10A2200212846D3F74CFC0128E7D8C8
:1073200001210840D9F785FC04460028E1D0821DE0
:1073300017D0C31CDCD010F1110F0CBF0A2401249C
:10734000D7E7D8F75CFC314602460848DEF7BCFBBD
:10735000CFE713F8012B303A092AD8D9C8E7082417
:10736000C7E70324C5E700BFA898060034F9060064
:107370002DE9F8430D469146D8F77CFB01285CD1F6
:10738000D9F86460012E55D1D9F800702F493846DC
:10739000D4F79CFF804620BBD8F75EFC01280AD0BA
:1073A00002281BD000284BD129482946DEF78CFB48
:1073B0004046BDE8F883D9F7B3F9294603280BD82E
:1073C000DFE800F0020406082248EFE72248EDE774
:1073D0002248EBE72248E9E72248E7E72248294626
:1073E000E4E7224938460DF09BFF38B93146D9F71A
:1073F00047FC044610B94FF00008D9E71C49D9F8FA
:1074000000000DF08DFF30B901210846D9F738FC96
:1074100004460028EFD01749D9F800000DF080FF8E
:1074200030B901210220D9F72BFC04460028E2D014
:10743000113407D04FF00208BAE74FF00808B7E759
:10744000B046B5E74FF00A08B2E700BFA8980600BB
:1074500029FA060030FA06003AFA060044FA060055
:107460004EFA060058FA06005FFA06004AC90600FE
:107470002F710600DCE1060070B50E461446D8F701
:10748000F9FA01282DD1636E2568012B05D1164923
:107490002846D4F71BFF044698B12846D3F704FBCF
:1074A0002B462844834215D10A2200212846D3F7CF
:1074B00081FBC0B2012812D8BDE870400121D8F785
:1074C000D4BBD8F7CBFB314602460848DEF7FCFABE
:1074D000204670BD13F8012B303A092AE2D9022464
:1074E000F6E70824F4E700BFA898060034F9060080
:1074F00070B50E461446D8F7BDFA012835D1636E33
:10750000012B02D00224204670BD25681849284668
:10751000D4F7DCFE0446D0B12846D3F7C5FA2B4693
:10752000284498421BD10A2200212846D3F742FB67
:107530000121C0B2D9F7A8FC04460028E3D0C31C3F
:10754000E0D010F1110F0CBF0A240124DBE7D8F7BB
:1075500099FB314602460748DEF7B6FAD3E713F83F
:10756000012B303A092ADCD9CCE70824CBE700BF4D
:10757000A89806007EF9060070B50E461446D8F7A6
:1075800079FA012843D1636E012B02D002242046F0
:1075900070BD25681F492846D4F798FE044628B3D5
:1075A0002846D3F781FA2B462844984229D10A224B
:1075B00000212846D3F7FEFA431E0D2B0446E5D8DA
:1075C000D8F76FFB4FF47A73B0FBF3F0A042DDD92C
:1075D00003FB04F00121D9F7D5FD04460028D6D0DD
:1075E00010F1110F0CBF0A240124D0E7D8F757FB84
:1075F0004FF47A723146B0FBF2F20748DEF764FAD4
:10760000C5E713F8012B303A092ACED9BEE7082482
:10761000BDE700BFA89806007EF9060070B50E46CB
:107620001446D8F727FA012843D1636E012B02D004
:107630000224204670BD25681F492846D4F746FE1F
:10764000044628B32846D3F72FFA2B4628449842FD
:1076500029D10A2200212846D3F7ACFA831E0D2B2C
:107660000446E5D8D8F71BFB4FF47A73B0FBF3F070
:10767000A042DDD203FB04F00121D9F7A2FD0446AC
:107680000028D6D010F1110F0CBF0A240124D0E736
:10769000D8F707FB4FF47A723146B0FBF2F2074895
:1076A000DEF712FAC5E713F8012B303A092ACED9D2
:1076B000BEE70824BDE700BFA89806007EF90600D3
:1076C00070B50E461446D8F7D5F9012835D1636E4A
:1076D000012B02D00224204670BD25681849284697
:1076E000D4F7F4FD0446D0B12846D3F7DDF92B4694
:1076F000284498421BD10A2200212846D3F75AFA7F
:107700000128E7D801210840D9F77AFD044600286E
:10771000E1D010F1110F0CBF0A240124DBE7D8F7E8
:10772000C2FA314602460748DEF7CEF9D3E713F82E
:10773000012B303A092ADCD9CCE70824CBE700BF7B
:10774000A898060034F9060070B50E461446D8F71E
:1077500091F901283BD1636E012B02D0022420460F
:1077600070BD25681B492846D4F7B0FD0446E8B132
:107770002846D3F799F92B462844984221D10A226A
:1077800000212846D3F716FA431E0E2BE6D84FF4F5
:107790007A7301215843D9F753FD04460028DED0FF
:1077A00010F1110F0CBF0A240124D8E7D8F77DFA95
:1077B0004FF47A723146B0FBF2F20748DEF784F9F3
:1077C000CDE713F8012B303A092AD6D9C6E70824A9
:1077D000C5E700BFA89806007EF9060070B50E4602
:1077E0001446D8F747F901283BD1636E012B02D02C
:1077F0000224204670BD25681B492846D4F766FD43
:107800000446E8B12846D3F74FF92B46284498425E
:1078100021D10A2200212846D3F7CCF9831E0E2B52
:10782000E6D84FF47A7301215843D9F738FD04465E
:107830000028DED010F1110F0CBF0A240124D8E774
:10784000D8F74AFA4FF47A723146B0FBF2F20748A1
:10785000DEF73AF9CDE713F8012B303A092AD6D9E9
:10786000C6E70824C5E700BFA89806007EF9060011
:1078700070B50E461446D8F7FDF8012835D1636E71
:10788000012B02D00224204670BD256818492846E5
:10789000D4F71CFD0446D0B12846D3F705F92B4692
:1078A000284498421BD10A2200212846D3F782F9A6
:1078B0000121C0B2D9F770FD04460028E3D0C31CF3
:1078C000E0D010F1110F0CBF0A240124DBE7D8F738
:1078D00067FA314602460748DEF7F6F8D3E713F8B1
:1078E000012B303A092ADCD9CCE70824CBE700BFCA
:1078F000A89806007EF9060070B50E461446D8F723
:10790000B9F8012834D1636E012B02D0022420463D
:1079100070BD256817492846D4F7D8FC0446C8B17D
:107920002846D3F7C1F82B46284498421AD10A2298
:1079300000212846D3F73EF90121D9F707FD044677
:107940000028E4D0C31CE1D010F1110F0CBF0A24B1
:107950000124DCE7D8F714FA314602460648DEF780
:10796000B3F8D4E713F8012B303A092ADDD9CDE773
:107970000824CCE7A89806007EF9060070B50E46EC
:107980001446D8F777F8012837D1636E012B02D05F
:107990000224204670BD256819492846D4F796FC74
:1079A0000446E0B12846D3F77FF82B462844984296
:1079B0001DD10A2200212846D3F7FCF8C0B20F28B7
:1079C000E6D80121D9F79AFC04460028E1D0C31C6F
:1079D000DED010F1110F0CBF0A240124D9E7D8F72B
:1079E0007DF9314602460748DEF76EF8D1E713F815
:1079F000012B303A092ADAD9CAE70824C9E700BFBF
:107A0000A89806007EF9060073B50D461446D8F70F
:107A100031F8012823D1636E2668012B0FD111495B
:107A20003046D4F753FC044648B9D8F7C9F929467B
:107A300002460D48DEF748F8204602B070BD0DF151
:107A400007013046FDF74CFD38B99DF807000228C4
:107A500003D8D8F7B7F90446EEE70224ECE7082488
:107A6000EAE700BFA898060034F9060073B50D4692
:107A70001446D7F7FFFF012826D1636E2668012B35
:107A80000FD112493046D4F721FC044648B9D8F743
:107A9000FBFC294602460E48DEF716F8204602B0E7
:107AA00070BD0DF107013046FDF71AFD50B99DF884
:107AB0000700012806D8D8F7EDFC40B2FDF778FDA5
:107AC0000446EBE70224E9E70824E7E7A898060064
:107AD00034F9060073B50D461446D7F7CBFF0128DD
:107AE00026D1636E2668012B0FD112493046D4F798
:107AF000EDFB044648B9D8F74EFE294602460E482B
:107B0000DDF7E2FF204602B070BD0DF107013046FF
:107B1000FDF7E6FC50B99DF80700012806D8D8F714
:107B20003CFE40B2FDF744FD0446EBE70224E9E7E2
:107B30000824E7E7A898060034F9060070B50D465A
:107B40001446D7F797FF01281DD1636E2668012BD5
:107B50000ED10E493046D4F7B9FB044640B9D8F7E8
:107B60001EFE294602460A48DDF7AEFF204670BDDC
:107B700030460DF0F9FA00B2D8F713FE40B2FDF727
:107B800017FD0446F2E70824F0E700BFA8980600B6
:107B900034F9060073B50D461446D7F76BFF01287C
:107BA00022D1636E2668012B0FD110493046D4F7DD
:107BB0008DFB044648B9D8F7F6FD294602460C4825
:107BC000DDF782FF204602B070BD01A93046FDF707
:107BD00087FC08B10224F5E70198D8F7E6FD40B22A
:107BE000FDF7E6FC0446EDE70824EBE7A89806005D
:107BF00034F9060070B5084E451E00F10F0415F863
:107C0000011F3046DDF760FFA542F8D1BDE87040A6
:107C10000248DDF759BF00BF49D706003D95060071
:107C20002DE9F041546E012C0F46154603D0022475
:107C30002046BDE8F081D2F8008018494046D4F7CC
:107C400045FB064640B9D7F715FF394602461448AA
:107C5000DDF73AFF3446EBE74046D2F725FF01282F
:107C6000E5D1DAF76DFB20B10E48DDF72DFF0324D7
:107C7000DEE728680378303B022BD8D80DF074FA81
:107C8000C0B2D7F7FCFE05460028D1D10648DDF783
:107C90001BFF2C46DEF702F9CAE700BFA8980600D2
:107CA0007EF9060066FA06009291060073B50D464D
:107CB0001446DAF73FFB01282ED0636E012B2DD13D
:107CC000266817493046D4F701FB044648B9DAF76D
:107CD00043FB294602461348DDF7F6FE204602B074
:107CE00070BD01A93046FDF7FBFBB8B9019A0E4BF8
:107CF00013440E4A934211D8DAF722FB20B10C4804
:107D0000DDF7E2FE0324E9E70198DBF7FDF840B276
:107D1000FDF74EFC0446E1E70824DFE70224DDE737
:107D2000A89806007EF90600802E0FF7809E473047
:107D300066FA060073B50D461446DAF7FBFA012819
:107D40002CD0636E012B2BD1266816493046D4F710
:107D5000BDFA044648B9DAF70FFB29460246124835
:107D6000DDF7B2FE204602B070BD01A93046FDF736
:107D7000B7FBA8B9019B053B072B11D8DAF7E0FA4E
:107D800020B10A48DDF7A0FE0324EBE79DF80400CC
:107D9000DBF7CEF8041E18BF0124E3E70824E1E76F
:107DA0000224DFE7A89806007EF9060066FA0600BE
:107DB00073B50D461446DAF7BDFA012828D0636E74
:107DC000012B27D1266814493046D4F77FFA0446A0
:107DD00048B9DAF7DAFA294602461048DDF774FEA8
:107DE000204602B070BD01A93046FDF779FB88B985
:107DF000DAF7A6FA20B10A48DDF766FE0324EFE7BA
:107E00000198DBF7A3F840B2FDF7D2FB0446E7E7A1
:107E10000824E5E70224E3E7A89806007EF90600B7
:107E200066FA060073B50D461446DAF783FA0128A0
:107E300029D0636E012B28D1266815493046D4F726
:107E400045FA044648B9DAF7D3FA294602461148FA
:107E5000DDF73AFE204602B070BD01A93046FDF7BD
:107E60003FFB90B9DAF76CFA20B10B48DDF72CFE36
:107E70000324EFE79DF80400DBF796F840B2FDF726
:107E800097FB0446E6E70824E4E70224E2E700BFA4
:107E9000A89806007EF9060066FA060073B50D463E
:107EA0001446DAF747FA01282ED0636E012B2DD144
:107EB000266817493046D4F709FA044648B9DAF774
:107EC0009FFA294602461348DDF7FEFD204602B020
:107ED00070BD01A93046FDF703FBB8B9019B4FF611
:107EE000FA72053B934211D8DAF72AFA20B10A4810
:107EF000DDF7EAFD0324E9E7BDF80400DBF760F8ED
:107F0000041E18BF0124E1E70824DFE70224DDE7AF
:107F1000A89806007EF9060066FA060073B50D46BD
:107F20001446DAF707FA01282CD0636E012B2BD107
:107F3000266816493046D4F7C9F9044648B9DAF735
:107F400067FA294602461248DDF7BEFD204602B018
:107F500070BD01A93046FDF7C3FAA8B9019B053BE6
:107F6000112B11D8DAF7ECF920B10A48DDF7ACFD96
:107F70000324EBE79DF80400DBF72EF8041E18BF7E
:107F80000124E3E70824E1E70224DFE7A8980600DC
:107F90007EF9060066FA060030B5C1B01546DAF77C
:107FA000C9F9012831D06B6E012B0FD12C6818490B
:107FB0002046D4F78BF948B12046D2F775FD044628
:107FC000DAF72FFA04F00103D0B10BB1022015E06B
:107FD000B4F5DF7FFAD828686A462146FDF73EFAF5
:107FE0000028F3D1DAF729FAC4F3470102466846BC
:107FF000DAF7D0FE831D0CBF0320002041B030BD56
:10800000002BE3D1B4F5FA7FE4E70820F6E700BFE0
:10801000A898060037B51446DAF78CF9012824D061
:10802000636E012B23D1256812492846D4F74EF9F7
:10803000044650B9DAF784F928B10F48DDF744FD5A
:10804000204603B030BD0D48F8E701A92846FDF7EA
:1080500047FA60B90198B0F5803F08D2DAF700FF1F
:1080600040B2FDF7A5FA0446EAE70824E8E702244F
:10807000E6E700BFA8980600A1FA0600ADFA0600E0
:1080800073B50D461446DAF755F901282DD0636E05
:10809000012B2CD1266817493046D4F717F904462E
:1080A00048B9DAF7BEF9294602461348DDF70CFD58
:1080B000204602B070BD01A93046FDF711FAB0B9F3
:1080C000019B012B13D8DAF73BF920B10B48DDF700
:1080D000FBFC0324ECE70198003818BF0120DAF715
:1080E000A2F9041E18BF0124E2E70824E0E70224F5
:1080F000DEE700BFA89806007EF9060066FA0600D3
:1081000073B50D461446DAF715F9012823D0636ECE
:10811000012B22D1266812493046D4F7D7F80446FD
:1081200048B9DAF78AF9294602460E48DDF7CCFC51
:10813000204602B070BD01A93046FDF7D1F960B903
:108140000198012809D800F00100DAF77DF9041E32
:1081500018BF0124ECE70824EAE70224E8E700BF9F
:10816000A89806007EF9060070B586B00E46154642
:10817000DAF7E0F801283CD06C6E012C21D12D6893
:108180001D492846D4F7A2F80146A0B9112201A83A
:10819000D1F73EFF102101A8DAF747F9054638B9B3
:1081A00031461648DDF790FC01A8FFF723FD2C4669
:1081B000204606B070BD2846D2F776FC202801463E
:1081C00001D00224F4E701AA2846FDF747F9002868
:1081D000F7D1DAF7B5F820B10948DDF775FC0324CB
:1081E000E6E7102101A8DAF722F9041E18BF0124DE
:1081F000DEE70824DCE700BFA8980600C4F9060003
:1082000066FA060070B586B00E461546DAF792F8A3
:1082100001283CD06C6E012C21D12D681D492846C7
:10822000D4F754F80146A0B9112201A8D1F7F0FE05
:10823000102101A8DAF7FDF8054638B9314616488D
:10824000DDF742FC01A8FFF7D5FC2C46204606B01E
:1082500070BD2846D2F728FC2028014601D0022410
:10826000F4E701AA2846FDF7F9F80028F7D1DAF774
:1082700067F820B10948DDF727FC0324E6E7102161
:1082800001A8DAF7D8F8041E18BF0124DEE7082495
:10829000DCE700BFA8980600C4F9060066FA0600ED
:1082A0002DE9F04F8FB00F461546DAF743F8012855
:1082B00000F0EE816B6E012B56D17E492868D4F711
:1082C00005F80446002872D1DCF7DCFF30B308A8BB
:1082D000DCF7E4FF39467848DDF7F6FB0899774884
:1082E000DDF7F2FB9DF824107448DDF7EDFB0A99E9
:1082F0007248DDF7E9FB9DF830107048DDF7E4FBCC
:10830000BDF832106D48DDF7DFFB9DF834106C4886
:10831000DDF7DAFB20460FB0BDE8F08F394666483E
:10832000DDF7D2FBDAF718F801466448DDF7CCFB3D
:10833000DAF722F801466148DDF7C6FBDAF725F8DF
:1083400001465E48DDF7C0FBDAF752F801465B48AC
:10835000DDF7BAFBDAF754F801465848DDF7B4FB0D
:10836000DAF756F80146D2E7062B09D0072B1ED1C3
:10837000AC6954492046D3F7A9FF002840F0AA80F1
:10838000D9F7EAFF8346D9F7F7FF8246D9F7FDFF11
:108390008146DAF72DF88046DAF732F80746DAF741
:1083A00037F803A906462868FDF79AF808B10224B1
:1083B000B0E7686804A9FDF793F80028F7D1A8682A
:1083C00005A9FDF78DF80028F1D1E86806A9FDF7A9
:1083D00087F80028EBD1286907A9FDF781F8002864
:1083E000E5D1686908A9FDF77BF80028DFD1039A79
:1083F000354B1344354A9342D9D8049B053B072B90
:10840000D5D8069B032BD2D8079B4FF6FA72053BB3
:108410009342CCD8089B053B112BC8D8D9F790FFC5
:1084200020B12B48DDF750FB032473E70398DAF7FC
:108430006BFD10F0FF0425D19DF81000DAF778FDF0
:1084400010F0FF041ED10598DAF780FD10F0FF044C
:1084500018D19DF81800DAF7A7FD10F0FF0411D12C
:10846000BDF81C00DAF7ACFD10F0FF040AD19DF84E
:108470002000DAF7B1FD10F0FF0403D12046DCF74D
:1084800007FF47E75846DAF73FFD5046DAF750FD59
:108490004846DAF75BFD4046DAF786FD3846DAF7FC
:1084A0008FFD3046DAF798FD60B2FDF781F804469B
:1084B00030E700BFA8980600C4F90600F3F90600EB
:1084C00007900600526D0600802E0FF7809E473001
:1084D00066FA060020466F49D3F7F8FE04460028E6
:1084E0007FF465AFDCF7CEFE0190002800F09380AA
:1084F00008A8DCF7D3FEDDF820B09DF824A0D9F75A
:1085000019FF002840F081800A9E9DF83090BDF848
:1085100032809DF83470286802A9FCF7E1FF00283A
:108520007FF445AF686803A9FCF7DAFF00287FF401
:108530003EAFA86804A9FCF7D3FF00287FF437AF4B
:10854000E86805A9FCF7CCFF00287FF430AF286964
:1085500006A9FCF7C5FF00287FF429AF686907A9C1
:10856000FCF7BEFF00287FF422AFD9F7E9FE002810
:108570007FF457AFD9F7DEFE18B9049B7D2B5DD190
:1085800004900298D9F7EAFE10F0FF0567D19DF834
:108590000C00D9F7F3FE10F0FF0560D10498D9F76D
:1085A00005FF10F0FF055AD19DF81400D9F722FFFE
:1085B00010F0FF0553D1BDF81800D9F723FF10F0D4
:1085C000FF054CD19DF81C00D9F724FF10F0FF05E2
:1085D00045D1029B0893039B8DF82430D9F7AAFE5E
:1085E000B0BB049B0A93059B8DF83030069BADF819
:1085F000323008A8079B8DF83430DCF761FE01208B
:10860000DCF746FEDAF7BCFA84E6D9F793FE0228D7
:1086100008BF0B9E79E7D9F79FFE8346D9F7ACFEDA
:108620008246D9F7B2FE0646D9F7E2FE8146D9F76F
:10863000E7FE8046D9F7ECFE07466CE7FA2B02D13D
:10864000012304939DE7B3F5FA7F9AD10223F8E75B
:10865000D9F770FE022804BF049B0B93C3E7019B6C
:10866000A3B95846DAF750FC5FFA8AF0DAF760FCF3
:108670003046DAF76BFC5FFA89F0DAF795FC1FFAFF
:1086800088F0DAF79DFCF8B2DAF7A6FC68B20CE7DE
:1086900008243FE62DFB0600F7B50E461446D9F731
:1086A00049FE022805462DD1636E012B2CD1276887
:1086B00016493846D3F70AFE044648B9DAF736FABF
:1086C000314602461248DDF7FFF9204603B0F0BDFF
:1086D00001A93846FCF704FFB0B9019B0D4AA3F588
:1086E0001673934210D8D9F72BFE20B10A48DDF754
:1086F000EBF90324E9E70198DAF790FC041E18BFB0
:108700000124E2E70824E0E72C46DEE7A89806000B
:108710007EF906008891040066FA0600F7B50E4659
:108720001446D9F707FE022805462DD1636E012BAA
:108730002CD1276816493846D3F7C8FD044648B9F6
:10874000DAF7F6F9314602461248DDF7BDF9204660
:1087500003B0F0BD01A93846FCF7C2FEB0B9019BD9
:108760000D4AA3F51673934210D8D9F7E9FD20B14D
:108770000A48DDF7A9F90324E9E70198DAF73AFC9A
:10878000041E18BF0124E2E70824E0E72C46DEE7D8
:10879000A89806007EF90600E80A030066FA0600BB
:1087A00073B50D461446D9F7C5FD01282CD0636E6C
:1087B000012B2BD1266816493046D3F787FD044696
:1087C00048B9DAF7C0F9294602461248DDF77CF9C4
:1087D000204602B070BD01A93046FCF781FEA8B961
:1087E000019C0CB1012C11D1D9F7AAFD20B10A4886
:1087F000DDF76AF90324EBE72046DAF7A6F940B281
:10880000FCF7D6FE0446E3E70824E1E70224DFE7AD
:10881000A89806007EF9060066FA060073B50D46B4
:108820001446D9F787FD01282AD0636E012B29D180
:10883000266815493046D3F749FD044648B9DAF7AA
:108840008AF9294602461148DDF73EF9204602B072
:1088500070BD0DF106013046FCF721FE90B9D9F745
:108860006FFD20B10A48DDF72FF90324EEE7BDF8CC
:108870000600DAF7E7FB40B2FCF79AFE0446E5E7AC
:108880000824E3E70224E1E7A8980600BAFA060004
:1088900066FA060073B50D461446D9F74BFD01285C
:1088A00028D0636E012B27D1266814493046D3F7B0
:1088B0000DFD044648B9D9F74FFD29460246104838
:1088C000DDF702F9204602B070BD01A93046FCF781
:1088D00007FE88B9D9F734FD20B10A48DDF7F4F86E
:1088E0000324EFE70198DAF70FFB40B2FCF760FED4
:1088F0000446E7E70824E5E70224E3E7A898060032
:108900007EF9060066FA060073B50D461446D9F7DF
:1089100011FD01282DD0636E012B2CD1266817493B
:108920003046D3F7D3FC044648B9D9F771FD294640
:1089300002461348DDF7C8F8204602B070BD01A911
:108940003046FCF7CDFDB0B9019B053B112B12D889
:10895000D9F7F6FC20B10B48DDF7B6F80324EBE7B6
:108960009DF80400DAF738FB40B2FCF721FE04461C
:10897000E2E70824E0E70224DEE700BFA89806004B
:108980007EF9060066FA0600FFF712BA73B50D46C7
:108990001446D9F7CFFC01282DD0636E012B2CD1C2
:1089A000266817493046D3F791FC044648B9D9F7F1
:1089B000E3FC294602461348DDF786F8204602B05C
:1089C00070BD01A93046FCF78BFDB0B9019B053B9A
:1089D000072B12D8D9F7B4FC20B10B48DDF774F897
:1089E0000324EBE79DF80400DAF7A2FA40B2FCF7A3
:1089F000DFFD0446E2E70824E0E70224DEE700BFEB
:108A0000A89806007EF9060066FA060073B50D46C2
:108A10001446D9F78FFC01282CD0636E012B2BD183
:108A2000266816493046D3F751FC044648B9D9F7B1
:108A3000DFFC294602461248DDF746F8204602B020
:108A400070BD01A93046FCF74BFDA8B9019B032B73
:108A500012D8D9F775FC20B10A48DDF735F80324A0
:108A6000ECE79DF80400DAF79FFA40B2FCF7A0FDAE
:108A70000446E3E70824E1E70224DFE7A8980600BC
:108A80007EF9060066FA060073B50D461446D9F75E
:108A900051FC01282FD0636E012B2ED12668184976
:108AA0003046D3F713FC044648B9D9F7A9FC294648
:108AB00002461448DDF708F8204602B070BD01A94F
:108AC0003046FCF70DFDC0B9019B4FF6FA72053B2D
:108AD000934212D8D9F734FC20B10B48DCF7F4FFED
:108AE0000324E9E7BDF80400DAF76AFA40B2FCF7BC
:108AF0005FFD0446E0E70824DEE70224DCE700BF70
:108B0000A89806007EF9060066FA060073B50D46C1
:108B10001446D9F70FFC01282CD0636E012B2BD102
:108B2000266816493046D3F7D1FB044648B9DAF730
:108B300001F8294602461248DCF7C6FF204602B07B
:108B400070BD01A93046FCF7CBFCA8B9019BF82BFE
:108B500012D8D9F7F5FB20B10A48DCF7B5FF03249A
:108B6000ECE7BDF80400D9F7E7FF40B2FCF720FDC1
:108B70000446E3E70824E1E70224DFE7A8980600BB
:108B80007EF9060066FA060073B50D461446D9F75D
:108B9000D1FB01282CD0636E012B2BD126681649FE
:108BA0003046D3F793FB044648B9D9F7D0FF29469E
:108BB00002461248DCF788FF204602B070BD01A9CA
:108BC0003046FCF78DFCA8B9019C0CB1012C11D1E9
:108BD000D9F7B6FB20B10A48DCF776FF0324EBE7B0
:108BE0002046D9F7B6FF40B2FCF7E2FC0446E3E7C3
:108BF0000824E1E70224DFE7A89806007EF90600D2
:108C000066FA0600024B0348C01AC008704700BF4E
:108C10000032070000320700034B1868034B1B6843
:108C2000C31A58425841704700320700003207000B
:108C300020B50546FFF7F0FF034638B9044A02EBBA
:108C4000C10203CA28606960184620BD0120FCE704
:108C50000032070010B5546E012C0AD10849106883
:108C6000D3F734FB044640B90648DCF72DFF204615
:108C700010BD14B9DCF77EFFF9E70224F7E700BF67
:108C8000A8980600C4FA0600F0B5556E012D85B00F
:108C90000F4602D0022005B0F0BD16681A493046D2
:108CA000D3F714FB0446E8B9092101A8DDF724F83D
:108CB000061E0DDD1548164D3946DCF705FFE3B2FB
:108CC000B34204F1010405DB1248DCF7FDFE002588
:108CD0002846E0E704AA1344284613F80C1CDCF7E6
:108CE000F3FEECE73378002BD4D03046D1F7DCFE2E
:108CF00008280146CED83046DDF705F80028CAD04E
:108D00000330E5D1C6E700BFA8980600C4F9060005
:108D1000C8F906003D950600536E012BF7B50646CF
:108D20000F4631D1156819492846D3F7CFFA0446C2
:108D3000D8B12846D1F7B8FE2B46284483421ED12D
:108D40000A2200212846D1F735FF002304460146B8
:108D5000CDE9003303223046DCF7F6FD2046DBF791
:108D60004DF9041E18BF012406E0DBF741F939462E
:108D700002460748DCF7A8FE204603B0F0BD13F812
:108D8000012B303A092AD9D90224F5E7A898060020
:108D90007EF9060038B5546E054694B9DBF72EF817
:108DA00010F0FF0F0BD00948DCF78EFE2146284655
:108DB000DBF72CF8044630B92846DAF7C7FF20461F
:108DC00038BD0224FBE70124F9E700BFBA9806008A
:108DD00038B5546E154624B92046DCF72BFD2046E5
:108DE00038BD012C01D00224F9E714682046D1F7E0
:108DF0005BFE23462044984212D120460A220021DD
:108E0000D1F7D8FE431C044610D10A492868D3F78D
:108E10005DFA0028E7D12046DCF70CFD0024DEE7F0
:108E200013F8012B303A092AE5D9DCE70028DAD01B
:108E3000F1E700BFD7FA0600536E012B70B50E465E
:108E400002D00224204670BD156814492846D3F785
:108E50003DFA044698B12846D1F726FE2B46284411
:108E6000984214D10A2200212846D1F7A3FE0128F6
:108E7000E7D8DBF70DF8041E18BF0124E2E7DBF7A3
:108E800001F8314602460648DCF71EFEDAE713F821
:108E9000012B303A092AE3D9D3E700BFA89806008E
:108EA0007EF90600536E012B70B50E4602D00224E7
:108EB000204670BD156814492846D3F707FA0446C2
:108EC000A0B12846D1F7F0FD2B462844984215D191
:108ED0000A2200212846D1F76DFE431E012BE6D859
:108EE000DAF7E8FF041E18BF0124E1E7DAF7DCFF38
:108EF000314602460548DCF7E7FDD9E713F8012BB8
:108F0000303A092AE2D9D2E7A89806007EF906008D
:108F1000F7B50F461646D6F7ADFD012844D1D6F772
:108F2000D9FC746E012C054640D136682049304684
:108F3000D3F7CCF9C0B90DF10600D6F7CDFC80B956
:108F40003946BDF806201B48DCF7BEFDD7F796FB77
:108F5000011E02DD1848DCF7B7FD1848DCF7B4FD48
:108F60000024204603B0F0BD0DF106013046FCF7A9
:108F700096FAD8B9082D01D0012D0ED1BDF80630D2
:108F8000B3F5807F12D801210DF10600D6F7D2FC8F
:108F900040B2FCF70DFB0446E3E7022DF3D1BDF828
:108FA0000630B3F5006FEDE70824DAE70224D8E7CE
:108FB000A8980600E2FA0600EAFA06003D950600C7
:108FC0002DE9F3410F461646D6F754FD012840F02F
:108FD000B880756E012D39D15B493068D3F776F9C9
:108FE000002836D10DF10600D6F776FC044600289D
:108FF00040F0A78039465548554FDFF86081DCF7CF
:1090000063FD2E46BDF80630DB0709D5012D02D0E1
:109010004046DCF759FD31463846DCF755FD013551
:10902000BDF806305B080136ADF80630002BE9D1FB
:10903000D7F724FB011E02DD4648DCF745FD464814
:10904000DCF742FD204602B0BDE8F081013D0B2D6A
:1090500008D80024ADF80640002506E07B5D303BD3
:10906000092B01D90224EDE7013556F82470384662
:10907000D1F71AFDA842F1D80A2200213846D1F7CB
:1090800099FD0C280546EDD8D6F724FC082801D018
:10909000012801D1082DE5D8013D0B2D0DD8DFE8C1
:1090A00005F006191E23282D32373C41464BBDF8EA
:1090B000063043F00103ADF80630736E0134A3426D
:1090C000CADC01210DF10600D6F734FC041E18BFDE
:1090D0000324B7E7BDF8063043F00203EBE7BDF821
:1090E000063043F00403E6E7BDF8063043F008031A
:1090F000E1E7BDF8063043F01003DCE7BDF80630C9
:1091000043F02003D7E7BDF8063043F04003D2E731
:10911000BDF8063043F08003CDE7BDF8063043F4D8
:109120008073C8E7BDF8063043F40073C3E7BDF8A9
:10913000063043F48063BEE7BDF8063043F40063B5
:10914000B9E708247EE700BFA8980600C4F9060026
:109150005AAF0600EAFA06003D9506000FFA06002F
:1091600070B50E461446D6F785FC012840F0B08055
:10917000636E012B02D00224204670BD256855493C
:109180002846D3F7A3F80446F0B12846D1F78CFC63
:109190002B46284483426DD10A2200212846D1F76C
:1091A00009FD0C28E7D84C4B185CD8F74BFB00287E
:1091B0007FD0831D00F0858010F1110F00F08680B4
:1091C0000330D8D00124D7E731464448DCF77CFC93
:1091D000D6F780FB1628F5D801A353F820F000BF7E
:1091E000619205005992050045920500C591050060
:1091F0003D920500519205005D9205004D920500DB
:10920000559205004992050071920500C59105002F
:10921000C5910500C5910500C5910500C5910500E2
:10922000C5910500C5910500C5910500C5910500D2
:1092300065920500699205006D9205002848DCF7EB
:1092400043FC99E72748FAE72748F8E72748F6E775
:109250002748F4E72748F2E72748F0E72748EEE7F2
:109260002748ECE72748EAE72748E8E72748E6E702
:109270002748E4E713F8012B303A092A8AD925490F
:109280002846D3F723F888B123492846D3F71EF898
:1092900088B122492846D3F719F870B120492846E9
:1092A000D3F714F800287FF466AF1620D8F7CAFA6F
:1092B00028B9002460E71420F8E71520F6E7821D9E
:1092C00001D1032458E711307FF47CAF0A2453E71F
:1092D000082451E7A89806003BFB0600C4F90600E5
:1092E0001DFB060022FB060027FB060054FA0600C1
:1092F00004FB060008FB06000CFB060010FB060042
:1093000014FB060018FB06001CFB060021FB0600F0
:1093100026FB06002BFB06002FFB060033FB060096
:1093200037FB060070B50E461446D6F7A3FB01289E
:1093300002D00824204670BD636E012B2AD1256817
:1093400015492846D2F7C2FF044690B12846D1F706
:10935000ABFB2B462844984217D10A22002128460D
:10936000D1F728FCD7F7D8F840B2FCF721F904462A
:10937000E0E7D7F783F90028DBDBD7F77FF9314641
:1093800002460648DCF7A0FBD4E713F8012B303A7D
:10939000092AE0D90224CDE7A898060034F906008E
:1093A00004F0AEBC10B5102204460021F130DCF709
:1093B000E2FD0021C4F814112046F022BDE810405F
:1093C000DCF7D9BD024608461021E8F733BC2DE989
:1093D000F0430446D0F8140185B00E46154604F259
:1093E000011788B3C0F110099145C84628BF9046BF
:1093F0001FFA88F23844DCF7AAFDD4F8143143444C
:109400000F2BC4F8143128D9A94526D204F1F10351
:10941000994613F8012BD97BBB4282EA010203F87B
:10942000012CF6D1102249466846DCF790FD224611
:1094300069466846E8F778FC102269464846DCF73A
:1094400086FD4644A5EB0805102D09D8AAB2314681
:109450003846DCF77CFDC4F8145105B0BDE8F08354
:1094600004F1F103711E98461A7811F8010F424079
:1094700003F8012BBB42F7D1102241466846DCF7C6
:1094800066FD224669466846E8F74EFC10226946AA
:109490004046DCF75CFD1036103DD5E770B588B06E
:1094A0000C461022002105466846DCF764FD224682
:1094B00069466846E8F738FC9DF90030002B6A469B
:1094C0004FF0000141DA137812F8010F01315B000F
:1094D00043EAD0130F2902F8013CF4D19DF80F3074
:1094E0005B0083F087038DF80F30D4F81431102B14
:1094F0003AD104F20113694604F211101A7811F8F6
:10950000016B724003F8012B9842F7D104F1F1038B
:1095100004F20110194613F8012BDE7B984282EA0F
:10952000060203F8012CF6D110220DEB0200DCF745
:109530000EFD2246294604A8E8F7F6FB102200217A
:109540006846DCF718FD08B070BD137812F8010FFB
:1095500001315B0043EAD0130F2902F8013CF4D13A
:109560009DF80F305B00BEE79DF90020002A694698
:109570004FF0000031DA0A7811F8016F0130520023
:1095800042EAD6120F2801F8012CF4D19DF80F20E1
:10959000520082F087028DF80F20E2188021581CBB
:1095A00082F801110026014604F201120F2923D985
:1095B0001028C3F10F0388BF00230344C4F81431FB
:1095C0006946134604F211101A7811F8016B7240C3
:1095D00003F8012B9842F7D198E70A7811F8016F48
:1095E0000130520042EAD6120F2801F8012CF4D1C2
:1095F0009DF80F205200CEE756540131D6E770B5E2
:109600000546164608460AB90E2070BD00231360B1
:10961000002DF9D02B68002BF6D0EB8813F0030453
:109620000ED1EDF771FCC0B214280BD02B79834218
:109630000AD9EB882A6800FB032030602046E4E763
:109640000720E2E70520E0E70420DEE7A0DF70471F
:10965000A1DF7047ADDF7047B3DF7047B4DF7047FD
:1096600010B50446408800F0F1FDA0802046BDE81A
:109670001040EEF79FBE30B587B005460C46142269
:10968000002101A8D0F7C4FC072301A88DF80430FD
:10969000ADF806500394FFF7E3FF07B030BD0000BC
:1096A00070B586B005461422002101A8D0F7B0FCA1
:1096B0004FF6FF739D42ADF806503FD0284600F0AC
:1096C00049FC1128044633D016D8D8B10B2820D035
:1096D0002046F3F753FB1A4E1A4902461A48361A27
:1096E000F608360446F001002B46F2F73CFF21460F
:1096F0002846FFF7C0FF03E043F202039842E7D198
:10970000002216E00E238DF8043001A8FFF7A8FF11
:10971000F6E70F238DF8043009480B4B0B49C01AAC
:10972000C00800042A4640F00200F2F713FFECE7FD
:109730000122074B28461978EDF712FC06B070BDE0
:1097400050330700C8FB06003032070048FB060014
:10975000EBAF0120FFF7A4BF024B034918780022AA
:10976000EDF722BCEDAF01206D9705002DE9F04724
:10977000464D88B029780446EDF7DAFBA846064640
:1097800000287CD1204600F049FC0828054632D04C
:1097900016D808B306285BD02846F3F7EFFA3C4FFB
:1097A0003C4902463C483F1AFF083F0447F001008D
:1097B0002346F2F7D8FE29462046FFF75CFF09E072
:1097C00043F20203984205D043F20143984259D034
:1097D0001128E1D1012546E03146142203A8D0F733
:1097E00017FC102303A88DF80C30ADF80E400126AD
:1097F000FFF736FFEEE70DF10600FFF72DFF3546C8
:1098000001274FF0020A0DF10809BDF80630BB42EE
:109810001ED9002249463846CDE903A9FFF71EFFAD
:10982000B0B9BDF808303DB942F605255B1B5D4275
:109830005D410137BFB2E8E742F602129342F8D128
:1098400001AB03AA394620460493FFF703FF30B16A
:10985000204600F0FBFC00F00DFC002503E0BDF805
:109860000430002BF4D00D4B2A4619782046EDF732
:1098700077FB98F8001032462046EDF771FB08B0F0
:10988000BDE8F0872046FFF70BFFA3E7EEAF01200E
:109890005033070019FC060030320700EDAF0120FD
:1098A00013B5044600F0D2FC00236A46092100F0FB
:1098B000B7FF052805D1044B012219782046EDF7A2
:1098C0004FFB02B010BD00BFE9AF012008B5084B47
:1098D000084918780022EDF767FB024630B9064BBD
:1098E00006491878BDE80840EDF75EBB08BD00BF2B
:1098F000ECAF012039990500E9AF0120019905007D
:1099000013B50A4B00930A4B04461868019001AA4C
:1099100069462046FFF79AFE28B9064B01221978BE
:109920002046EDF71DFB02B010BD00BFA62A0100C6
:10993000E8FD0600E8AF012070B5012186B00646BB
:109940002A48F0F7B4FA0446BFF35F8F002849D1E4
:10995000304600F0A3FA862805461ED017D8A8B3D3
:10996000112841D02846F3F709FA214C2149024633
:109970002148241AE408240444F001003346F2F795
:10998000F2FD29463046FFF776FE002403E043F25D
:1099900002039842E6D122461AE02146142201A889
:1099A000D0F736FB06238DF804301148124B1349CB
:1099B000ADF80660C01AC0080004324640F002004C
:1099C000F2F7C8FD01A8FFF74BFEE4E701240246C9
:1099D0000B4B30461978EDF7C3FA1CB9BFF35F8F14
:1099E000024B1C6006B070BD0122F1E7E4AF01201C
:1099F000503307008EFC06003032070059FC060089
:109A0000ECAF012038B503780446A3B94088FFF7CE
:109A100047FE6588284600F0EFFA28B1064B012280
:109A200019782846EDF79CFA6088FFF739FFBDE802
:109A30003840FFF74BBF38BDEDAF012037B5037895
:109A4000082B044630D1427A72BB057A072D1BD011
:109A5000082D2DD0012D27D180886A46294601F096
:109A600067F908BB019B1B78F3B1A08800F01CFCD0
:109A70004FF6FF73984217D0114B2A461978EDF72D
:109A80006FFAFFF769FE0FE0808800F00DFC4FF6DB
:109A9000FF739842044607D00A4B01221978EDF76C
:109AA0005FFA2046FFF7FCFEFFF710FF03B030BD62
:109AB000054B19680129F7D1BFF35F8F1A60F3E7EF
:109AC000EDAF0120ECAF0120E4AF01202DE9F84318
:109AD000EDF724FADFF8B090DFF8B08089F80000E5
:109AE000EDF71CFA88F80000EDF718FA1D4F1E4E2E
:109AF0003870EDF713FA3070EDF710FA1B4D1C4C6F
:109B00002870EDF70BFA2070EDF708FA194B187072
:109B100099F80030182B11D098F80030182B0DD080
:109B20003B78182B0AD03378182B07D02B78182BBA
:109B300004D02378182B01D018280CD10E4B0F48D5
:109B40000F49C01AC008000440F00100F2F7FEFC03
:109B50000320BDE8F8830B4B00201860BFF35F8F34
:109B6000F7E700BFEDAF0120EEAF0120E9AF012024
:109B7000E8AF0120EAAF0120303207005033070080
:109B800041BF0600E4AF0120ECAF0120EBAF0120A4
:109B900073B50123ADF8003009238DF80230144B62
:109BA000002422460E461978CDF8034005468DF86C
:109BB0000740EDF7D5F90F4B0F492846A64218BFCD
:109BC0001946019100F042FB2246694600F094FEDE
:109BD00060B1F3F7D3F8094B0949024609481B1A4B
:109BE000DB081B0443F00200F2F7B4FC02B070BDC6
:109BF000E9AF0120F0FD0600ECFD06005033070040
:109C0000CBFC06003032070070B503888488502BE7
:109C100086B0054638D00ED8352B48D0362B00F00C
:109C20008C80584B584918780022EDF7BDF9FFF7A2
:109C300093FD06B070BD522B22D0542BF1D11422CB
:109C4000002101A8D0F7E4F9112320468DF8043053
:109C5000ADF8064000F0FAFAADF8080000F00AFA94
:109C60004A4B204619780022EDF77AF9484B2046F6
:109C700019780022EDF774F901A8FFF7F1FCD0E79D
:109C80002046FFF70DFDCCE7037B012BC9D1827A7B
:109C9000012AC6D1018942F602139942C1D13D4B36
:109CA00020461978EDF75CF9FFF710FEB9E73A4E58
:109CB00020463178EDF73CF90028B2D00022317807
:109CC0002046EDF74DF9EA88B2F5857F0AD072B1EA
:109CD0003248334BC01AC0080004324940F0020039
:109CE000F2F738FC00212046FFF752FF99E76A8916
:109CF000012A09D029482A4B2B49C01AC008000460
:109D000040F00200F2F726FCAE89012E07D023486E
:109D1000234BC01AC008000432462449DEE7E98913
:109D200000222046FFF794FC0028DBD1204B32466E
:109D300019782046EDF714F973E71D4E2046317867
:109D4000EDF7F6F800283FF46CAF3178002220469A
:109D5000EDF706F9EE8836B11048114BC01AC0086D
:109D600000043246B9E7EA89012A05D00B480C4BBA
:109D7000C01AC0080004D0E7297C003918BF0121AF
:109D8000B1E700BFEBAF012055970500EEAF012012
:109D9000EDAF0120ECAF0120E8AF01205033070008
:109DA0003032070028FD060062FD06009CFD06001B
:109DB000EAAF0120AFDF7047B1DF7047B2DF704715
:109DC000B3DF704710B50446808800F06DFA6080FC
:109DD0002046BDE81040EEF7EFBA0000F0B5204B8A
:109DE000204E93E8030089B001AD85E803004FF6EB
:109DF000FF773088B84217D00022294600F07CFD5A
:109E0000044638B31422002103A8D0F701F933889F
:109E1000ADF81030112C07D0862C07D106238DF811
:109E20000C3003A8FFF7CEFF09B0F0BD2046F2F7D3
:109E3000A5FF0D4D33880D4902460D482D1AED083A
:109E40002D0445F00100F2F78EFB07238DF80C304E
:109E50000594E6E7308800F0BEFD3080C9E700BF1A
:109E6000A0FF0600F0AF012058330700F4FD060004
:109E700030320700044B1A884FF6FF739A4201D024
:109E8000FFF7ACBF704700BFF0AF0120024B4FF6A9
:109E9000FF721A8000207047F0AF01202DE9F347D0
:109EA000804600F0D3F94FF6FF739842074648D03A
:109EB000254E264BDFF898A0F61AF608360446F031
:109EC00001064FF001094A466B460821384600F06A
:109ED00033FF09F101091FFA89F9054660BB0199B1
:109EE0000A46032342F8043B06314046FFF766FF6B
:109EF000044648B93A460821384600F0E1FF0446D6
:109F0000204602B0BDE8F0870C2813D0052800D108
:109F10002C460821384600F081FF40B1F2F72EFFB1
:109F20003A46034651463046F2F71DFB0324002D06
:109F3000C9D1E5E70125ECE7072814BF04460C2446
:109F4000DEE743F20204DBE7583307003032070054
:109F500049FE06002DE9F341054600F077F94FF67A
:109F6000FF73984222D10024032627464FF00108B0
:109F70003346224639462846FFF71EFF04282BD0D9
:109F8000082830D00B2828D116F0020319D1E7B9E0
:109F9000FCB91648164B17491B1ADB081B042A4646
:109FA00043F00100F2F7D6FA0B2019E06A460821C7
:109FB00000F0BEFE0028D6D1019B9C881E689F1D24
:109FC000D4E701264FF00008D2E703261C461F46BF
:109FD000F8E703263C46F5E71120B8F1000FE3D07F
:109FE00002B0BDE8F0810020F7E700BF3032070083
:109FF00058330700C8FE06001FB50DF10703039391
:10A0000000F024F902AA012100F092FE20B9039B7E
:10A01000187805B05DF804FB0020FAE770B5054636
:10A020001048FFF7CDFE70B90E4C43F203062188AD
:10A030004FF6FF722846FFF7BDFEB04211D12388CC
:10A0400001332380F3E7F2F799FE074B07490246F5
:10A0500007481B1ADB081B0443F00100F2F77AFAE9
:10A06000032070BDF2AF01205833070040FF060007
:10A070003032070013B5074A044692E803006B46E6
:10A0800083E8030000221946204600F035FC02B0A8
:10A0900010BD00BFA8FF06006EDF704746DF7047A7
:10A0A0002DE9F04F9BB01D465023259F01908A4615
:10A0B00003931646BAB1C5B100232B604FF00108D7
:10A0C000249A00239AB1AFB13B604FF001090DF122
:10A0D000180B0493CDF814B0002454450CD1002083
:10A0E0001BB0BDE8F08F9046EAE7A846E8E7DDF848
:10A0F0009090ECE7B946EAE7502200215846CFF7A6
:10A1000087FF019803AB30F8140004AA072100F080
:10A1100087FB20F002000528E2D09DF82930032BB0
:10A1200026D8B8F1000F0ED0C4EBC402B318DDF886
:10A130002910B150BDF82D209A809DF82F209A71DA
:10A140002B6801332B60B9F1000F0FD0249A0DF169
:10A15000190302EB04120DF1290153F8040B42F824
:10A16000040B8B42F9D13B6801333B600134B4E707
:10A1700043F20220B4E7421E00F10F0312F8010F70
:10A1800010B99A42FAD170470120704708B570B1F2
:10A1900071B103780A78534013F0FE0F08D10622FC
:10A1A000013101300AF0ECFFB0FA80F0400908BD3F
:10A1B0000020FCE72DE9F04700F101084F1C06469E
:10A1C0000D4600F1110901F1110A102239464046ED
:10A1D0000AF0D6FF0446D0B94046FFF7CCFF18B1CD
:10A1E0003846FFF7C8FF044651464846FFF7CEFF02
:10A1F000737C03F0FC03042B05D06B7C03F0FC03A1
:10A20000042B18BF044604F00100BDE8F0870024C9
:10A21000EAE77FB505460E4600F038FB02AA0DF1CD
:10A220000601072000F03AFB10B94FF6FF7409E071
:10A23000BDF80640B442F1D003992846FFF7BAFFB3
:10A240000028EBD0204604B070BD0000132810B5E4
:10A25000044602D94FF6FF7010BDECF7F1FD00285F
:10A26000F8D00A20014B4443185BF5E7F4AF012016
:10A27000132838B504460D4602D943F2020038BD12
:10A28000ECF7DEFD0028F8D006480A2303FB0400A3
:10A2900050F8023F2B608388AB808379AB7100203C
:10A2A000EDE700BFF4AF01204FF6FF7398422DE9B0
:10A2B000F04105460CD00C4F00244FF00A0808FB73
:10A2C00004F3A6B2DB5BAB4205D00134142CF6D10B
:10A2D0004FF6FF7604E03046ECF7B2FD0028F4D0EC
:10A2E0003046BDE8F08100BFF4AF0120038843B9D8
:10A2F000821C00F10A0312F8010B10B99A42FAD13C
:10A3000070470120704710B50446FFF7EFFF58B1C2
:10A3100022880B889A4208D108220231A01C0AF038
:10A320002FFFB0FA80F0400910BD0020FCE730B5E7
:10A3300085B0044600F0AAFA02AA0DF10601072032
:10A3400000F0ACFA10B94FF6FF700FE0039D204605
:10A3500005F14601FFF7D7FF30B905F12A01204684
:10A36000FFF7D1FF0028E7D0BDF8060005B030BDEB
:10A3700013289FBF0A235843014B1952704700BF4F
:10A38000F4AF012038B50546FFF78EFF0446284696
:10A3900000F04EFD38B9132C05D80A235C43024B5C
:10A3A0004FF6FF721A5338BDF4AF01202DE9F0418A
:10A3B00010229AB005460C4620480021CFF728FE0F
:10A3C0001F4B05B13CB9002119700846FFF764FE28
:10A3D0001AB0BDE8F0810026620029460CAF17488C
:10A3E0005FFA84F883F80080CFF7EAFD382231461F
:10A3F00038460396CFF70CFECDE9006603AB3A462C
:10A4000021462846FFF74CFE0028E1D10DF1370325
:10A4100005930DF13E0306930DF14503079313AB2E
:10A4200008930DF1530309930DF15A030A930DF1AB
:10A43000610304970B93414604A8C7E7BEB001200F
:10A44000BCB0012070B58CB014466A460D4600F1D0
:10A450001003164613F8011D02F8011B9842F9D1AA
:10A460000D22002104A8CFF7D3FD2B788DF81F30E3
:10A470006B788DF81E303046AB788DF81D30FFF7C5
:10A480000DFE9DF82F3023709DF82E3063709DF8DF
:10A490002D30A3700CB070BD1FB5034608461A7866
:10A4A00002F0FE02042A1DD11A4632F8011FADF84F
:10A4B000041092788DF8062033F8042FADF80C20A4
:10A4C0009B788DF80E3002AA03A9FFF7BBFF032289
:10A4D00002A901A80AF054FEB0FA80F0400905B0C4
:10A4E0005DF804FB0020FAE730B50388102B93B029
:10A4F0004ED1041D0FCC07AD0FC50FCC0FC594E88E
:10A5000007009DF8203003F0FE03062B85E80700C6
:10A5100009D000F0BBF99DF82030032B4FEA53021D
:10A5200004D9022A3DD04FF6FF7310E002AA0DF1C4
:10A530000601072000F0B2F90028F4D0039908A81A
:10A540001131FFF723FE0028F0D0BDF80630BDF82A
:10A550001C4018480A226243811883529DF8262025
:10A5600008980A724FF6FF72C1F802009342BDF8D4
:10A570002400C8800CD0ADF80C3002A80023ADF840
:10A580000A408DF80830EDF719FF02A8FFF73AFAF4
:10A5900013B030BD039908A80131FFF77DFF0028F3
:10A5A000D3D102AA0DF10601072000F077F90028A7
:10A5B000F0D1B8E7F4AF0120012804D00438052811
:10A5C0008CBF0020012070474FF6FF73438000F0DE
:10A5D000DDBA00002DE9F041264F00238AB04FF686
:10A5E000FF70CDE900333B7000F01EFD4FF6FF78A1
:10A5F000044648F20966444513D0A4F58045ADB23F
:10A600006A4602A92846F1F735F9B0420CD028462F
:10A61000F1F7C8F848F20763984206460CD10123C7
:10A620003B700AB0BDE8F081204600F09FFC204658
:10A6300000F0FAFC0446DEE7002EF2D00E480F4D83
:10A640000F492D1AED082D042346324645F001002E
:10A65000F1F789FF142200210DEB0200CFF7D8FC9F
:10A66000072305A88DF81430ADF818400796FFF7BA
:10A67000ABFFD6E7D8B001203032070078330700AF
:10A68000C8FF060070B5044686B014263246002185
:10A6900001A8CFF7BDFCA0892378304D00F580409C
:10A6A00080B2042BADF808003DD008D85A1E022A0B
:10A6B00012D92B780BB1FFF78DFF06B070BD052BBB
:10A6C000F7D16368002B44D113238DF804304FF683
:10A6D000FF73ADF808301DE043F6FE76B042E18925
:10A6E00004D901F5804292B2B242E2D8DA1E534256
:10A6F00053418DF80D30A368049363688DF80C10F6
:10A7000063B908238DF804309DF8143043F0010339
:10A710008DF8143001A8FFF757FFCAE709228DF81A
:10A7200004200593F6E743F6FE739842C1D8E38907
:10A73000002BBED163683BB90A238DF8043000F0CA
:10A7400015FC01232B70E5E70B228DF80420039301
:10A75000F7E78DF804600393B9E700BFD8B0012094
:10A7600007B50023A1F58041A0F58040CDE9003375
:10A7700089B26B4680B2F1F763F8002818BF052054
:10A7800003B05DF804FB000030B5204889B0F0F755
:10A7900089FE70B11E4A1F4B1F499B1ADB081B0420
:10A7A000024643F00100F1F7D5FE0324204609B02C
:10A7B00030BDF0F78DFE044660B1154B15481749C2
:10A7C000C01AC0080004224640F00100F1F7C2FEA2
:10A7D0008624EBE700F0AAFBCDE9034403AA05A910
:10A7E0004CF20700F1F739F80028DFD101A905A8DC
:10A7F000F0F782FF019B9D8805F58045ADB205A865
:10A80000F0F7A0FF284600F099FBE7E785A60500D2
:10A8100030320700783307001400070056000700A5
:10A82000F0B5FF2887B004460E4615461F462BD8C4
:10A830000846FFF7C1FE38B303AA2046FFF790FF92
:10A8400018B10524204607B0F0BD01A903A8F0F710
:10A8500053FF04460028F4D1019BAE705E88029934
:10A860002E8027B9696003A8F0F76CFFEAE73F681C
:10A870006868B600B74228BF37463A46CFF7A0FB14
:10A88000BE42F0D90C24DDE70724DBE7024B0022AF
:10A89000C3E90022704700BFD0B00120F0B587B0F7
:10A8A00006460F461546FFF787FE0446F8B1A6F5A3
:10A8B0008040104A03A980B2F0F7CFFF18B10024FE
:10A8C000204607B0F0BD01A903A8F0F715FF002846
:10A8D000F5D1019BAE705A889B882A8003F580438E
:10A8E000029A6A6003A83B80F0F72CFFE8E7012496
:10A8F000E6E700BFD0B0012070B5FF2886B006465D
:10A900000B4615464AD889780846FFF755FE0028B9
:10A9100044D0A6F58042ADF80020A1F58042ADF804
:10A9200002205A6801921B88029303AA3046FFF75F
:10A9300017FF0528694603A812D1F0F727FF044640
:10A94000A8B1A0F50643023B0B2B19D80B2B17D847
:10A95000DFE803F014161616092616161616162624
:10A96000F0F718FFEBE78624204606B070BD002DF7
:10A97000FAD0294603A8F0F78AFFF5E71024F3E799
:10A980000848094D09492D1AED082D042246334681
:10A9900045F00100F1F7E7FD0324E5E70724E3E7CD
:10A9A0001124E1E7303207007833070094000700F4
:10A9B0004FF6FF7000F0C2BAFF2808B505D800F0C6
:10A9C000C3FAFFF707FE002008BD0720FCE700F0F0
:10A9D000E3BA00F0EBBA00F00DBB00F025BB0000BD
:10A9E0000A68084B70B50C25032A01D9002006E03F
:10A9F00005FB02F4E65A864202D10A60181970BDBE
:10AA00000132F1E730B2012037B500230D4604468C
:10AA1000019301A9FFF7E4FF38B18378AB4206D177
:10AA2000837A9B0703D143680BB903B030BD019B08
:10AA30000133019301A92046ECE710B50446EDF778
:10AA400025FF2046EFF7A0F92046FFF713FA20462E
:10AA5000BDE81040FEF7F2BF70B50E4E044600256B
:10AA6000237AAB420DD84FF6FF732380A3700023E7
:10AA700063604FF47F432381A37A23F00303A3721F
:10AA800070BD617A2944C9B2304600F000FB01353F
:10AA9000E6E700BF20B2012037B50023CDE900333F
:10AAA000417A83788DF802300446324800F0D6FAB5
:10AAB00060B93148314B627A3149C01AC00800048C
:10AAC00040F00100F1F746FD032046E0237AA2782A
:10AAD0008DF8022003EB83039B00ADF80030531E7A
:10AAE0000190072B08D8DFE803F0220707070722A9
:10AAF00004241423ADF800302246694632F8040BD2
:10AB0000FFF7FAFE11282AD017D810B3072824D04F
:10AB1000F2F734F9184D23881A49024617482D1ABE
:10AB2000ED082D0445F00100F1F71DFDCCE70123F0
:10AB3000E0E7838809339B08DCE78628E8D1A37A1D
:10AB400023F0030343F00103A3720F4B01221A7099
:10AB500003E0A37A23F00303A37203B030BDA37A0A
:10AB600023F0030343F00203A372074B01221A7080
:10AB70000020F2E720B201207033070030320700D6
:10AB8000FB0007003B0107001CB201202DE9F04744
:10AB90003E4FC16886B005463A4600233E4650689F
:10ABA00081421BD10C2000FB03602B78DFF8EC8086
:10ABB000092B1AD0132B4AD0082B4AD16C7A002CBF
:10ABC00047D1002847D0FFF747FF2846FFF735FF5A
:10ABD00098F800308BB906B0BDE8F0870133042B3C
:10ABE00002F10C02DBD10020DFE76C7A8CBB90B362
:10ABF000837A446043F002038372002588F8005092
:10AC00004FF00C094FF0010A09FB05639B7A990785
:10AC1000C3F3400201D4DB0732D588F800A002B9A3
:10AC200074B33846FFF738FF50B34FF6FF72ADF8F4
:10AC300006200C2255438628725BADF808200CD103
:10AC400006238DF8043001A8FFF7F7FEC3E70124BF
:10AC5000BBE70024B9E70446B7E707228DF80420D4
:10AC60000390F2F78BF80A4C735B0A4902460A48D4
:10AC7000241AE408240444F00100F1F774FCE2E72C
:10AC80000135042D07F10C07BED1A4E730B2012035
:10AC9000703307006A010700303207001CB2012040
:10ACA0001C4BF7B500221E464FF6FF754FF0FF0C08
:10ACB0000C27104607FB02641D809D7083F809C0B5
:10ACC000A17A013221F00301042AA17203F10C03DD
:10ACD00003F8040C43F8080CECD15023CDE9002311
:10ACE0000D490E4B0E484FF4A07200F0A3F9034635
:10ACF00068B1F2F743F80B4B0B4902460B481B1A9D
:10AD0000DB081B0443F00100F1F724FC0323184681
:10AD100003B0F0BD30B20120DCB0012060B20120F0
:10AD200020B2012070330700CA010700303207004B
:10AD30000023FFF775BD00002DE9F04180460E4667
:10AD400014461F46002B5CD0CB1F012B5BD8531E33
:10AD5000032B58D8FFF758FE054610BBFF214FF6CE
:10AD6000FF70FFF751FE0546C8B1A0F8008086705D
:10AD70006B7AFF2B1AD12548214600F0A0F9FF2855
:10AD8000687229D14FF6FF732B8000236B604FF45C
:10AD90007F432B81AB7AA87023F00303AB721120A1
:10ADA00018E0037AA342E3D00F2013E04FF000082D
:10ADB000697A16482C7200F051F980B9144B154885
:10ADC0006A7A1549C01AC008000440F00100F1F782
:10ADD000C1FB0320BDE8F0814FF00108E8E704EB78
:10ADE00084042401A4B2A408BE7078603C80B8F149
:10ADF000000F04D0082E02D1A400063C848000205D
:10AE0000E8E70E20E6E70720E4E700BF20B20120D4
:10AE10003032070070330700E801070008B5FFF77C
:10AE2000F3FD18B1FFF718FE002008BD0520FCE770
:10AE30007FB500230546039303A9FFF7D1FD044620
:10AE4000A8B92846FFF7B8FD034640B3072826D027
:10AE5000F1F794FF164C174903461748241AE408E3
:10AE600024042A4644F00100F1F77DFB16E0A178A6
:10AE70002846FFF7D3FFA8B1052813D0F1F77EFFCE
:10AE80000B4EA378009302460B480C49361AF6087D
:10AE900036042B4646F00100F1F76FFB03231846FA
:10AEA00004B070BD039B0133039303A92846C4E794
:10AEB00070330700B2020700303207005C0207005F
:10AEC000CB1F012B70B506460C46154601D907204D
:10AED00070BD1046FFF77BFD0028F8D021463046B4
:10AEE000FFF792FD28B184700580BDE87040FFF740
:10AEF000D3BD0520ECE710B54FF6FF7304469C4226
:10AF000008460AD14FF48071EFF766F884B2B4F5C1
:10AF1000807F09D14FF6FF7406E0FF2CFAD8214656
:10AF2000EFF739F80028F5D1204610BD024840223D
:10AF30000021CFF76DB800BF64B201200149FFF7CF
:10AF4000DABF00BF64B201204FF6FF73984210B51C
:10AF5000044606D00449FFF7CEFF231A5842584151
:10AF600010BD0020FCE700BF84B20120FF2807B518
:10AF700001460AD801900648EFF71BF801990548E9
:10AF800003B05DF804EBEFF714B803B05DF804FB11
:10AF900064B2012084B20120FF28014602D8024891
:10AFA000EFF711B80020704764B20120FF28014676
:10AFB00002D80248EFF707B80020704784B201209A
:10AFC0004FF6FF73984270B518BF441C0E4614BF6D
:10AFD000A4B20024A5B2FF2D02D94FF6FF7506E0FA
:10AFE00021463046EEF7EFFF01340028F2D0284624
:10AFF00070BD000070B50B490A4EFFF7E1FF4FF638
:10B00000FF750446AC4201D1204670BD2046FFF7D3
:10B01000CDFF0028F8D020463146FFF7D1FF044687
:10B02000F0E700BF64B201200149FFF7C9BF00BFCC
:10B0300084B2012070B5DDE9045468B161B15BB13F
:10B0400004FB05F6964207D835B12CB1C0E90013D0
:10B05000C0E90254002070BD0720FCE738B50C465B
:10B06000054608B9002038BD0368002BFAD04068B7
:10B070000028F7D0FF29F5D0BFF35F8FEEF7A3FFCD
:10B080000028EFD0E968286801FB0400EBE738B539
:10B090000D46044690B1036883B1406870B1FF2942
:10B0A0000CD0BFF35F8FEEF78EFF38B16068BFF34F
:10B0B0005F8F2946BDE83840EEF77BBF38BD2DE9EC
:10B0C000F0418846064618B9FF242046BDE8F081C5
:10B0D0000368002BF8D04368002BF5D00027FF242D
:10B0E000B368FDB2AB42EFD970682946EEF753FF63
:10B0F000BFF35F8F40B9FF2C08BF2C462D1B0135D5
:10B100004545E2D00137EBE7FF2C07D1FF24F9E7F3
:10B1100021463046FFF7BBFF0134E4B2AC42F7D31F
:10B12000F4E70000074B1B5C1F2B8ABF064A4FF059
:10B13000A04203F01F03D2F80405D840C04300F03A
:10B14000010070471903070000030050074B1B5C08
:10B150001F2B86BF064903F01F034FF0A0410122B9
:10B1600002FA03F3C1F80C35704700BF190307005A
:10B1700000030050074B1B5C1F2B86BF064903F0E2
:10B180001F034FF0A041012202FA03F3C1F8083572
:10B19000704700BF190307000003005008B50020E6
:10B1A000FFF7E8FF0120FFF7E5FF0220FFF7E2FFCE
:10B1B000BDE808400320FFF7DDBF08B50020FFF71A
:10B1C000C5FF0120FFF7C2FF0220FFF7BFFFBDE868
:10B1D00008400320FFF7BABF0A4B185C1F288ABF3C
:10B1E000094B4FF0A04300F01F00D3F804250121C4
:10B1F000814021EA02000A40C3F80805C3F80C2583
:10B20000704700BF1903070000030050074B1B5C89
:10B210001F2B8ABF064A4FF0A04203F01F03D2F84B
:10B220001005D840C04300F0010070471503070027
:10B230000003005010B561B1B2FBF3F403FB14241A
:10B24000A4B244B9C0E9001484608281C38120465D
:10B2500010BD0E20FCE70920FAE782B050E8022F6B
:10B26000C188B2EB324F4FF0000317BF92B241EAF0
:10B27000014142EA014104E04268B2EB324F08BFAB
:10B28000012340E80212002AE8D18DF807309DF82A
:10B290000730002B0CBF1120002002B0704737B5DB
:10B2A00050E8013F9DB2C48925448489A54228BF46
:10B2B0002D1B0489A54202BFBFF32F8F002207E098
:10B2C000C5EA030540E80154002CE9D14FF0010222
:10B2D0008DF803200193019B9DF803200B6002F081
:10B2E000FF0322B10B880068184403B030BD184634
:10B2F000FBE70A884B889A4209D150E8012FC2EA3D
:10B30000024240E80123002BF7D1012070470020C2
:10B31000704737B550E8023F1FFAA3F5C488A5422D
:10B3200002BFBFF32F8F00220DE0C489254484891A
:10B33000A54228BF2D1BC3EA054540E80254002C56
:10B34000E8D14FF001028DF803200193019B9DF895
:10B3500003200B6002F0FF0322B14B880068184401
:10B3600003B030BD1846FBE70A884B889A4209D1E2
:10B3700050E8022FC2EA224240E80223002BF7D114
:10B38000012070470020704710B590B1D0E901232B
:10B3900001689B1ADBB20A60013BDBB2FF2B02683B
:10B3A00002D10020107110BD11684C1C14600B708C
:10B3B000F2E70E20F7E737B5054600240DF1070048
:10B3C0008DF80740F3F73AFD2A686B6811689942D7
:10B3D0000ED9481E106011F8014CEB68298A01FB58
:10B3E0000434AB6811791B1ADBB2994238BF137170
:10B3F0009DF80700F3F746FD204603B030BD37B592
:10B40000054600230DF107000C468DF80730F3F7D1
:10B4100015FD2A681368591C1160E968641A298AA5
:10B42000B4FBF1F41C709DF80700F3F72BFD03B09B
:10B4300030BD00002DE9F04FD1F8049095B0804662
:10B440000F460146104616461D46EEF7A7FF002898
:10B4500036D199F80540DFF874A0A3071CBF033468
:10B4600024F003044FF0010150460BBF02940294F4
:10B47000AB460DF10C0BEEF71AFD0446BFF35F8FE0
:10B4800008BBCDF8008002AB5A4607F1080106F16F
:10B490000C0005F01BF80646BFF35F8FAB45CAF8FA
:10B4A00000400AD099F80520D11CC94301F00301DE
:10B4B00003AB19442846CEF783FD3046EEF754FF20
:10B4C00015B0BDE8F08F48F20450F9E714CD012023
:10B4D0002DE9F043DFF850901F464B6887B05B7949
:10B4E000059380460E46484601211446EEF7DFFCE0
:10B4F0000546BFF35F8FA0B920230834CDF808803C
:10B500000193009406F1080205A9384605F050F8A9
:10B51000BFF35F8FC9F80050EEF726FF07B0BDE814
:10B52000F08348F20450F9E714CD0120002844D0FC
:10B53000A0F57000A0F54060352839D8352837D8F7
:10B54000DFE800F0211E362427272A33303636362E
:10B55000361E361E393939363636363636363636B2
:10B5600036363636242A24271B2D362D36363636E7
:10B5700036363636212A27361E1E48F217507047B7
:10B5800048F20350704748F21350704748F2105089
:10B59000704748F21150704748F21450704748F213
:10B5A0000150704748F20250704748F2715070479E
:10B5B00048F21650704748F27050704708B50121A4
:10B5C0000448EEF774FCBFF35F8FB0FA80F04009D7
:10B5D00008BD00BF14CD012013B502680C4B0191CA
:10B5E0009A4204460FD0FFF7E9FF70B10199201D80
:10B5F00003F0E8FEFFF79AFFBFF35F8F054B0022D1
:10B600001A6002B010BD0020FBE748F20450F8E7D2
:10B610006169614D14CD012070B50B4E05460121C5
:10B620003046EEF744FC0446BFF35F8F40B9281D57
:10B6300003F02CFFFFF77AFFBFF35F8F346070BD1C
:10B6400048F20450FBE700BF14CD0120F8B50E46C8
:10B650001746051D1C466BB93246B9B2284603F0A1
:10B66000C5FCFFF763FF5CB1BFF35F8F054B0022A2
:10B670001A6005E0FFF7A2FF0028EDD148F2045060
:10B68000F8BD00BF14CD012073B50C2B04460E4647
:10B6900001921D461DD8AB071ED1FFF78FFFF0B1F9
:10B6A0000199043465B93146204603F0FBFEFFF7EB
:10B6B0003DFFBFF35F8F0B4B00221A6002B070BDDD
:10B6C000AAB2204603F05CFFFFF730FF0028EAD063
:10B6D000EFE748F21150F1E748F21650EEE748F272
:10B6E0000450EBE714CD01200B684A684360934295
:10B6F00008BF0023016008BF43607047436843B13F
:10B700000268916852680B449342436004BF00236F
:10B71000436070477047000007B5044B0093044A2C
:10B72000802300F032F803B05DF804FB35B7050064
:10B73000A5B201202DE9F84388461446B2B10F4B5B
:10B740000F4E0325002743F00109224608EB0701AD
:10B75000002000F041FF0744241A48B933782BB188
:10B760004FF47A40C847013D02D13570BDE8F883F7
:10B7700001233370002CE8D1F8E700BF2003070055
:10B78000A4B20120704700F07BBFF0B595B0084629
:10B790000C4616461D46F1F743F81A9A0D920023FF
:10B7A000082205A920460A938DF82C300C93CDE988
:10B7B0000865F1F752F8079B0293069B0393012358
:10B7C0008DF811309DF8143003F00302012A1DD1C9
:10B7D000BDF81420059DC3F3C203C2F383168DF890
:10B7E0001030B20008230EA92046F1F736F8C5F351
:10B7F000952508AB0093324602AB0EA9284600F00F
:10B8000085F82046F1F710F815B0F0BD022AF8D1FE
:10B81000BDF81650C3F3C203C5F389158DF8103077
:10B820000827082D2E4628BF08263B4632460EA97B
:10B830002046F1F712F8AD1B08AB02AA31460EA85C
:10B84000374400F0C7F8002DEBD1DAE707B503461F
:10B850000846197A052911D05B7A2BB1094A0A49A1
:10B86000019000F072FC01980849019000F06DFC15
:10B87000019803B05DF804EB00F05CBC002AF8D03E
:10B88000F2E700BF34030700949806003D950600D8
:10B8900030B5C38885B004460D4633B1144A0092D2
:10B8A0001449154A284600F050FC217A05291DD07C
:10B8B000637A4BB1A088F0F7B5FC104B104953F8F0
:10B8C0002020284600F041FC227A0E4BA08853F835
:10B8D000222003920021F0F789FC039A0A490346CB
:10B8E000284605B0BDE8304000F02FBC05B030BDA3
:10B8F000340307004103070039030700BC030700B6
:10B9000094980600E0030700590307002DE9F0436F
:10B9100085B01F460C9D002395F80C902B730646AE
:10B920000C46904629463846FFF7B2FFB8F1060F9D
:10B9300009D8DFE808F00412181F28334000314608
:10B94000284600F002FC002229463846FFF77EFF19
:10B9500085F80C9005B0BDE8F08322683146284692
:10B9600000F0F3FBEFE7D4E900233146284600F06E
:10B97000ECFBE8E7A36800933146D4E900232846AE
:10B9800000F0E3FBDFE7E3680193A368009331462F
:10B99000D4E90023284600F0D8FBD4E723690293BA
:10B9A000E3680193A36800933146D4E90023284655
:10B9B00000F0CBFBC7E76369039323690293E36855
:10B9C0000193A36800933146D4E90023284600F090
:10B9D000BCFBB8E708292DE9F84F80460E4617460C
:10B9E0001C463BD8002593F80C901D731946104651
:10B9F000FFF74EFFDFF88CA0DFF88CB0AE422FD9F6
:10BA000018F805205946204600F09FFB0135082D07
:10BA1000F4D11949194DDFF874A0204600F095FBC8
:10BA20004FF0000B5E4522D918F80B207E2A1CD857
:10BA3000134BD15C11F0970F08BF2E2251462046C0
:10BA400000F083FB0BF1010BBBF1080FEAD10122DF
:10BA500021463846FFF7FAFE84F80C90BDE8F88FCF
:10BA60005146204600F071FBD0E72E22E6E729463A
:10BA7000204600F06AFBE5E76D0307006B03070053
:10BA8000E37B06006903070063030700C8F90600AB
:10BA90002DE9F8430468054694F8200000F030FED4
:10BAA00004F11807FF264FF0FF394FF00008207A05
:10BAB000FF2802D000F024FE2672607AFF2802D010
:10BAC00000F01EFE66722068431C03D0F4F7C4FA2F
:10BAD000C4F8009084F80B800C34BC42E7D168684D
:10BAE000BDE8F843F5F76EB92DE9F041134EDFF8E4
:10BAF00050800C460025012706EB4106735D5BB1C3
:10BB0000735D013BDBB27355735D93B958F8243014
:10BB10001B682046DB6998474DB167B1084B53F865
:10BB200024300221BDE8F0415868F5F7BEB901257F
:10BB3000E4E70027F0E7BDE8F08100BF80D40120F2
:10BB400028B3012010B540680B4902798C5CFF2CAA
:10BB5000E3B20DD0FE2B0DD0006803F5A87350F8AA
:10BB60002330064850F82200984203D1FF238B541B
:10BB7000002010BD0120FCE73CB3012044B30120AC
:10BB80002DE9F74F0368904693F82120022A0446D6
:10BB90000F4640F099800C254D435A195268904544
:10BBA00009D1DB691BB9002003B0BDE8F08F426802
:10BBB00010799847F7E7FFF7C5FF8346002840F064
:10BBC00085806368DFF810A11B79FE220AF8032044
:10BBD000266896F8200000F0EFFDD146B8F1000F7E
:10BBE0001FD13544687A00F0E7FD287A00F0CCFDDB
:10BBF00063681B79FF220AF803200C2303FB076606
:10BC00002368C6F80480DB69002BCCD063681A79FE
:10BC10002F4B03EB42030221D9556068F5F732F947
:10BC2000C1E7B169884507D335441FFA81F8287AFE
:10BC300000F0C2FD687AD9E707EB47034FEA830AB1
:10BC400006EB830360685A68914238D0002A36D0E8
:10BC5000904534D25B460321F5F7E6F8636896F821
:10BC600020B0196856F80A00354401F5A671AB7A80
:10BC700001910BB3F4F758FA02460199584600F0C7
:10BC800063FD96F8200000F07FFD6368114A1B7980
:10BC900009F8037042F823800C2505FB07656068EE
:10BCA000002342463946F5F7BFF8287A00F06CFDCC
:10BCB000687A00F069FDA0E7F4F728FADCE7037979
:10BCC000FF2209F80320E7E708206DE711206BE762
:10BCD00080D4012044B301203CB3012003681B8BB6
:10BCE0005A436423B2FBF3F292B2FFF749BF00005C
:10BCF0002DE9F04F2DED028B89B0044602928A4661
:10BD0000002900F04681056895F82130002B40F0AD
:10BD1000428100F0B7FC08B1852845D1F4F722F93B
:10BD2000002838D09D4B9E4E1B6803F0F003303B3B
:10BD300018BF01233370FF2385F820304FF6FF73BF
:10BD400000222B814FF0FF33EA722B60EA75AB8241
:10BD5000EB6005F1200000F09FFC0396074600BB56
:10BD60000AF10803804604935FFA88F308EE103A5C
:10BD70005AF828305A1C00F09D80266896F8211049
:10BD8000B9B108262046FFF783FE304609B0BDEC66
:10BD9000028BBDE8F08FF4F7A1F80028C2D003268B
:10BDA000F3E72046FFF774FE0426EEE74FF00108A4
:10BDB000DAE7049A05934FF00C0909FB08F912F829
:10BDC00008B006EB09021846516082F80AB0032257
:10BDD0008DF81820BBFA8BF252098DF8192006A9AC
:10BDE00001228DF81A20F4F7C7F8E0B9059B46F850
:10BDF00009300122BBF1000F00F0B5801F2B86BF78
:10BE0000684903F01F034FF0A0419A40C1F80C2588
:10BE10000C2303FB08F303F108003044059300F002
:10BE20003BFC059B08B10426ACE703F10900304454
:10BE3000059300F031FC059B0028F4D133440593B1
:10BE4000187A00F0B9FC059B587A00F0B5FC56F85A
:10BE50000900BBF1000F00F09180F4F765F983460B
:10BE600056F80900F4F752F9626811680C2202FBD7
:10BE700008664FEA880303F5A073194481465A46C1
:10BE8000307A00F061FC6368707A19684A4601F5FF
:10BE9000A47100F059FC0123F3726368424A1B79D4
:10BEA00002EB430318EE101A0022204603F8082084
:10BEB000FFF766FEB8F1000F3FF478AFDAF8103004
:10BEC000B3F5805F01D3092F60D1039B1B7813B1B9
:10BED000012F38BF012700238DF8193060688DF8D5
:10BEE00018704FF4E063ADF81A3003792F4A0793C6
:10BEF00006A9F4F7E5FE064600287FF443AF606824
:10BF0000DAF810200368D3F81075FFB24FEA127CFC
:10BF1000C7F1200112010CFA01F1A7F1200322FA66
:10BF200007F72CFA03F30F431F434FF00108AF61EB
:10BF3000F4F776FF04233A466068CDF800800221CA
:10BF4000F4F78BFF02216068F4F7AFFF029BEB610F
:10BF50006368174A1B7985F8218042F82340154A07
:10BF6000FF21D15411E71F2B86BF0E4903F01F0399
:10BF70004FF0A0419A40C1F8082549E7F4F7C6F808
:10BF8000834656F80900F4F7CFF86DE75B080137F0
:10BF900096E70B26F9E60826F7E600BFE80F00F063
:10BFA00058B301200003005080D40120E9BA0500F5
:10BFB00028B301203CB301202DE9F0470768DFF8E2
:10BFC0006890002604463D46B0464FF00C0A636870
:10BFD0001B7909EB430303F80680EB7A73B12368FE
:10BFE00028680AFB0633997AB1FA81F14909F4F716
:10BFF000A9F82868F4F766F8C5F804800C3576B11E
:10C000006068084A0379FF21D154F4F709FF60689A
:10C01000F4F7BEFE022387F82130BDE8F087012641
:10C02000D5E700BF3CB3012080D401202DE9F047C3
:10C030000546D0E90070F4F7B9FE6868DFF87C9037
:10C040000221F4F732FF97F8200000F0B5FB3C46E0
:10C0500000264FF00C0A4FF00108E37ACBB12B68B1
:10C0600020680AFB06339B7ADBB91F2887BF00F0E4
:10C070001F034A4603464FF0A04208FA03F3C2F8F2
:10C080000835F4F731F8207A00F096FB607A00F07A
:10C0900093FB0C341EB187F82160BDE8F0870126C0
:10C0A000DBE71F2887BF00F01F034A4603464FF017
:10C0B000A04208FA03F3C2F80C35E2E7000300508F
:10C0C00038B5056895F82130022B044608D1FFF7F2
:10C0D000ADFF2046FFF7DCFC002085F8210038BDCD
:10C0E000002BF6D10820FAE770B5446806460D46E5
:10C0F000206818B1B3682946984718B923682B609F
:10C10000256070BD2468F3E74368186808B10268C9
:10C110001A6070474368186870474368186800B928
:10C120007047884203D102681A60012070470346B5
:10C130000068F4E7826810B504462AB143690168D3
:10C14000006998470023A36010BD0EB403B503999E
:10C1500021B104AB01AA019300F06EF802B05DF8C2
:10C1600004EB03B07047826830B40468551C8560E6
:10C17000A154D0E901329A4202D330BCFFF7DABFB2
:10C1800030BC70472DE9F84F9846DDE90A43154663
:10C1900082460F460A464FF00109AA420FD2C14516
:10C1A00038BFC14613F0010B01D16CB90024012640
:10C1B000B8F1010F1BD908F1FF386E43F8E709F118
:10C1C0000109B2FBF5F2E8E79B070ED5B8F1000FC5
:10C1D0000CBF30262026A145E9D2013C314650460D
:10C1E000FFF7C1FF002CF6D1E0E72026F3E7B7FB0D
:10C1F000F6F39D42E1D9DFF83C80B7FBF6F35046F9
:10C2000018F8031006FB1377FFF7ADFF3346AB4278
:10C21000B6FBF5F6F1D2BBF1000F02D00CB1A1458F
:10C2200001D3BDE8F88F20215046013CFFF79BFF6A
:10C23000F4E700BFFD0307002DE9F74F0546174659
:10C240008846002900F0418118F8011B49B92B7B71
:10C25000002B00F03A81284603B0BDE8F04FFFF70D
:10C2600069BF252940F0B780002698F800302D2BB3
:10C27000424608F1010823D0302B24D02B2B25D0A7
:10C2800000242A2B02F1010123D13B681A1D1B68EF
:10C290003A601C440A4613782E2B26D101324FF007
:10C2A000000A104610F8011BA1F1300CBCF1090F77
:10C2B0001DD80A2303FB0A13A3F1300A0246F0E754
:10C2C00046F00106D1E746F00206CEE746F0040646
:10C2D000CBE711F8013CA3F130000928DBD80A2292
:10C2E00002FB0434303C0A46CBE74FF0000A12F858
:10C2F000011B01F0FB0068289046F8D0782909D886
:10C300006F290CD8632962D022D8252963D05829F7
:10C3100000F0888098F80030002B95D197E77039AD
:10C320000829F7D801A353F821F000BFA5C40500E0
:10C3300015C3050015C3050035C4050015C3050068
:10C3400013C4050015C3050015C3050025C4050069
:10C35000642901D06929DDD13A68D2F80090111D15
:10C3600089EAE9723960A2EBE9724FF0010B092A00
:10C3700035DCD34538BFD3462CB1B9F1000F01DB12
:10C38000720700D5013CB30702D5BAF1000F03D004
:10C39000F00701D44CBB0024B9F1000F2DDAC9F12C
:10C3A00000092D212846FFF7DEFE06F00302022ACF
:10C3B00004D1BAF1000F01D11CBB0024CDE9004625
:10C3C00053460A2249462846FFF7DCFEA2E73B68AF
:10C3D0001A1D19783A602846FFF7C5FE9AE70A2326
:10C3E0000BF1010BB2FBF3F2C1E7A345D4D220213C
:10C3F0002846013CFFF7B7FECCE77107D5D52B21C6
:10C40000D0E7A345DAD230212846013CFFF7ABFE46
:10C41000D2E73968CDE900460A1D3A6053460A2240
:10C420000968D0E739680A1D3A60CDE900465346ED
:10C430001022F5E73B681A1D3A6016F00106D3F8A2
:10C44000009027D1B9F1000F03D04846CEF72CFB5E
:10C450000646B44220D809F1FF3919F8011F002916
:10C460003FF458AF2846FFF77EFEF6E72846013630
:10C47000FFF779FE19F806100029F7D1A642BFF49C
:10C4800049AF002C3FF446AF20212846013CFFF77E
:10C490006AFEF3E70026EDE720212846013CFFF77E
:10C4A00062FED6E73B681A1D3A60302128461C68B8
:10C4B000FFF759FE78212846FFF755FE0022082392
:10C4C000CDE90032214610227DE703B0BDE8F08FB0
:10C4D0000369C1688B429DBF8268D21802F1FF32A6
:10C4E00003F1FF3394BF501A581A70472DE9F843EF
:10C4F000D0E902940546A9EB040840689045204421
:10C500000F46144404D9CDF75BFDEC60BDE8F88319
:10C510004246A4EB0904CDF753FD6868224607EBB9
:10C520000801F0E72DE9F843C56806468946174635
:10C530004FF000083469B3687068A54228BFE4185A
:10C54000013C621B5C1BBC4228BF3C46944228BF96
:10C550001446494628442246CDF732FDB3682544A7
:10C56000AB4208BF00253F1BA044A144F560E1D1C8
:10C570004046BDE8F883000010B5114C114AA26195
:10C580000223C4E90433104BE361A2644FF4007347
:10C590000E4A0F492362E26400231022E01DA362C9
:10C5A0006362E362A3656365E365226508F0D4FE18
:10C5B0000849204608F0D0FE2023A37110BD00BF1B
:10C5C0008CD401200D04070069B3012059B3012068
:10C5D000160407001A040700F8B5184C182300FBCE
:10C5E000033503FB00402544C46A012C0F46164660
:10C5F0000FD0022C1AD0F4B92846FFF769FF864203
:10C6000005D8324639462846FFF770FF34462046A3
:10C61000F8BD2846FFF75CFF8642344628BF044633
:10C62000224639462846FFF761FFF0E72846BDE875
:10C63000F840FFF777BF0024E9E700BF8CD4012062
:10C6400073B50E4B1B7804460D4616460BB9FFF723
:10C6500093FF00230DF107008DF80730F2F7EEFB92
:10C66000324629462046FFF7B7FF04469DF80700EB
:10C67000F2F708FC204602B070BD00BF8CD4012048
:10C68000FFF77ABF034B187810B901221A70704770
:10C690008520704769B501202DE9F74F4FF000095B
:10C6A000154D164F06464FF0040AC8465FFA89FB3F
:10C6B00001240DF1070004FA0BF48DF80780F2F75E
:10C6C000BDFB2C4208D03B6814EA030201BF2343A0
:10C6D0003B6086F800B092469DF80700F2F7D2FB67
:10C6E000BAF1000F03D0A54309F10109DED150468C
:10C6F00003B0BDE8F08F00BFFFFF01006CB5012063
:10C70000012337B503FA00F5C5F31003ABB10C4BA9
:10C710000024C3F808550DF107008DF80740F2F723
:10C720008DFB084B186820EA050018609DF807008B
:10C73000F2F7A8FB204603B030BD0720FBE700BF9F
:10C7400000F001406CB5012010B5A1B19AB10123F0
:10C750008340C3F3100484B10A4C246823420ED0F2
:10C76000C00000F1804000F5F830C0F81015C0F8A6
:10C770001425002010BD0E20FCE70720FAE7082052
:10C78000F8E700BF6CB50120012202FA00F3580C53
:10C79000400440B91BB1064A1268134205D0054A4D
:10C7A000C2F804357047072070470820704700BF63
:10C7B0006CB5012000F00140012202FA00F3580C90
:10C7C000400440B91BB1064A1268134205D0054A1D
:10C7D000C2F808357047072070470820704700BF2F
:10C7E0006CB5012000F0014000F1804000F5E04010
:10C7F000002382B0036003680193019B02B070477D
:10C80000F0B5504B504C1B6885B0002B3DD04FF419
:10C81000827094F82E20FFF7E7FF2AB394F82F30A8
:10C8200013BB4A4B1B68002B33D04FF48070FFF7CB
:10C83000DBFF638B94F82D108B424FD922895B1A52
:10C840009BB292B26383D31A626802EB4303404AFD
:10C85000C2F82C36C2F830164FF48270FFF7C4FFCE
:10C860003C4B01221A6014E0636802932389ADF8FF
:10C870000C30E36800218DF8041023BB2374236877
:10C8800001A89847002384F82F3094F82E30002B0D
:10C89000C7D1314B1B685BB14FF48870FFF7A4FF21
:10C8A0000023237402238DF8043001A823689847DD
:10C8B0002A4B1B68EBB14FF48A70FFF795FF0023FA
:10C8C000237405B0F0BD208B608363602081E1603C
:10C8D000002AD4D11E4B01221A60D0E7BCD1E368F4
:10C8E000012284F82F2013B100226283AFE7638313
:10C8F000B2E766694FF000470125002EE1D0B6FA95
:10C9000086F227FA02F34632920026EA030602F183
:10C91000804303F5E0431B68002BEED01046FFF781
:10C9200063FFA2F58C72D30882F00402C2F3800286
:10C930008DF808308DF8045023688DF8092001A87F
:10C940009847DAE70471004070B50120007100409B
:10C9500000700040047000401071004014710040ED
:10C9600038B5204A92F82C300446002B37D111609C
:10C970001D490078C1F8F0056078C1F8F40501257B
:10C98000137482F82D30536182F82F30E07882F8EA
:10C990002E006FF0004382F82C504FF48270C1F8E3
:10C9A0000833FFF721FF4FF48070FFF71DFF4FF4AE
:10C9B0008A70FFF719FFA3780C485B01DBB280F89F
:10C9C0000733802303600223C1F8043392F82E302A
:10C9D0000BB1C1F80453C1F80055002038BD082040
:10C9E000FCE700BF70B501200070004000E100E0EE
:10C9F00030B5224B1A7C002A3ED100F10C0403EB27
:10CA00004402127922B993F82D20013283F82D20A7
:10CA100003EB4403CA790C7A8D781A715C714B78F8
:10CA20002D021B0105F4E06503F030032B430D7864
:10CA300005F003052B43CD782D0305F480552B43DA
:10CA40000D792D0405F4E0252B434D7989792D05C9
:10CA500005F48015090601F080712B430B43010199
:10CA600001F1804101F5E0410020C1F81835C1F81D
:10CA70001445C1F8102530BD1120FCE770B5012028
:10CA800070B5344A147C04F0FF03002C5FD1324CA3
:10CA9000012503261574C4F80863C4F82C16C4F8DD
:10CAA000305692F82D10A9420CD91C46190101F1FB
:10CAB000804101F5E0410133082BC1F81445C1F86C
:10CAC0001045F3D100F10C03000102EB430300F128
:10CAD000804000F5E04019795B79C0F81435C0F862
:10CAE00010151D4901230B604B6042F2107301F5D4
:10CAF0008271086808B9013BFBD14FF48070FFF7E1
:10CB000073FE4FF48270FFF76FFE92F82D30012B09
:10CB100011D9104800210B0103F1804303F5E043D4
:10CB20000131047F457FC3F814550829C3F8104527
:10CB300000F10200EFD192F82E10074B29B103212A
:10CB40000020C3F80413107470BD0221F8E711200F
:10CB5000FAE700BF70B5012000700040F0B51B4F30
:10CB60008BB207EB001443EA0243C4F81C35184BA0
:10CB700040005C6900F1010C4FF0004611F5006FB8
:10CB800026FA0CF64FF0800505FA00F50BBFB4430A
:10CB900034435C615C610CBFC7F80853C7F80453A9
:10CBA00040244FF000455969844025FA00F040F2D6
:10CBB000FF75AA42054A0BBF814301435961596180
:10CBC0000CBFC2F80843C2F80443F0BD0070004037
:10CBD00070B5012010B5124B1A7CF2B900F10C01AE
:10CBE00003EB4102127922B193F82D20013A83F828
:10CBF0002D2003EB410300249C80030103F18043BB
:10CC000003F5E0430749C3F8144540F2FF72C3F847
:10CC10001045FFF7A3FF204610BD1120FCE700BF21
:10CC200070B5012000F8FFFF38B5154B6FF00042DA
:10CC3000C3F80823134A8021C2F88010BFF34F8F36
:10CC4000BFF36F8F104A01211160104942F2107238
:10CC5000086808B9013AFBD10D4D0024C3F800451E
:10CC60002C7405EB44031B7F13B1E0B2FFF7B2FF56
:10CC70000134082CF5D1002385F82C3038BD00BFD5
:10CC80000070004000E100E00870004014710040B6
:10CC900070B5012037B5D0F818358A69DBB28DF848
:10CCA00007304B6A93423EBF4A699DF80740D4540F
:10CCB0004A6A91F82840531C4B6202323CB10C691D
:10CCC000A2428C6938BF0A61944288BF8A610D69AB
:10CCD000954205D9CB689B5CC0F81C3501200BE060
:10CCE0008C69944202D991F82030F5E7AB42F5D334
:10CCF000A3422CBF0020012003B030BD1F2886BFF7
:10CD0000054A00F01F004FF0A042012303FA00F093
:10CD1000C2F80805704700BF000300501F2886BFF7
:10CD2000054A00F01F004FF0A042012303FA00F073
:10CD3000C2F80C05704700BF0003005007B50E4B4A
:10CD40000E490F4800221A601B680193019BFFF7F0
:10CD5000A1FF70B9887FFF2801D0FFF7CFFF002324
:10CD60004B770B72D1E90031064803B05DF804EB54
:10CD7000184703B05DF804FB08310240A0B501205C
:10CD800000300240A8B501202DE9F84F0679684D22
:10CD90002C27774305EB070B99469BF81C30804600
:10CDA0000C469246002B40F0BF8062490068F5F7C0
:10CDB00049FD0146002840F0B98045F807A0CBF8AE
:10CDC0000490237B2078012B00F29A80FFF7A6FFC6
:10CDD00023781F2B86BF03F01F03574A4FF0A04252
:10CDE00003F5E073012042F823006778FF2F00F07D
:10CDF0008A803846FFF792FF1F2F8BBF07F01F0373
:10CE00003B464D4A4FF0A04203F5E073032042F841
:10CE10002300A378FF2B79D01F2B8BBF03F01F02B9
:10CE20001A4645484FF0A04002F5E0724FF0040C5E
:10CE300040F822C0994698F804202C2000FB0252AA
:10CE4000D377E078FF280ED0FFF758FFE3781F2B49
:10CE500086BF03F01F03384A4FF0A04203F5E0738A
:10CE6000032042F8230098F80400E2782C2303FB07
:10CE700000539A77D8F800302278C3F80825A268C2
:10CE8000C3F80C75C3F81095C3F82425627B277B83
:10CE9000003A18BF0122022F3BD0032F3CD0012FB4
:10CEA00001D142F00202C3F854252C2202FB0050AB
:10CEB00072436779AA5880F820700127C3F800757B
:10CEC000A2B1227943F3073052010028C3F307339C
:10CED000D2B224DB194C04EB000C8CF8002340097F
:10CEE00003F01F0307FA03F344F820302C2303FB5D
:10CEF000065500236B7701232B770846BDE8F88F92
:10CF0000FFF7FCFE64E74FF0FF3782E74FF0FF3991
:10CF100091E742F00402C6E742F00602C3E7084880
:10CF200003F00F03C254E1E70821E6E71121E4E72B
:10CF3000A0B501203DCD05000003005000E100E058
:10CF400014ED00E070B504791D4D2C236343EB58BC
:10CF500093B103681A0B43F30733002B0CDB02F089
:10CF60001F015B0901228A402033164941F8232022
:10CF7000BFF34F8FBFF36F8F2C2303FB04F20068C6
:10CF8000AA5812B10422C0F8082303FB0453DB7F24
:10CF9000FF2B0BD01F2B86BF03F01F030A4A4FF055
:10CFA000A04203F5E073022142F823100026C0F8E6
:10CFB0000065F5F769FC2C2303FB0454267770BD4C
:10CFC000A0B5012000E100E0000300502DE9F74387
:10CFD00006793D4C2C2373439046E2180F46517F4F
:10CFE000814600296CD1E3580BB10123537797E8B0
:10CFF0000F002C2505FB064505F10C0C8CE80F00F5
:10D00000A87F0023FF2885F8283001D0FFF786FE8F
:10D010002C23B8F1000F09D003FB064300225A77F6
:10D020004FF00608404603B0BDE8F083D9F8005041
:10D030000422C5F8082303FB0643C5F80881D5F888
:10D040000821C3F824800092009A7A6892B13B6864
:10D050001B78C5F81C35012A0FD93B685B78C5F8E9
:10D060001C352C2101FB06F3E7587FB10423C5F8DA
:10D070000433D7E793F82030EBE7FB68012BF0D9B6
:10D080002C2303FB064393F82030E8E706FB01411D
:10D09000D5F80831002BFBD0C5F80871D5F8083158
:10D0A00001932846019BFFF7F5FD0028F0D12C23C2
:10D0B00003FB0644A07FFF28B4D0FFF71FFEB1E7B3
:10D0C0004FF01108AEE700BFA0B501201F2886BFB2
:10D0D000054A00F01F004FF0A042012303FA00F0C0
:10D0E000C2F80805704700BF000300501F2886BF24
:10D0F000054A00F01F004FF0A042012303FA00F0A0
:10D10000C2F80C05704700BF00030050114BD3F864
:10D11000183107B5D3B1104B104900221A60C87FEF
:10D120001B680193FF28019B03D08B7F5BB1FFF746
:10D13000DDFF00234B770B72D1E90031084803B0C3
:10D140005DF804EB1847FFF7C1FFF2E703B05DF8A5
:10D1500004FB00BF00F0024018F10240CCB50120F2
:10D16000D4B501202DE9F74F05796D4E01934FF0AD
:10D17000240909FB05F906EB090A93469AF81C20D5
:10D1800080460C46002A40F0C7800768654938464B
:10D19000F5F758FB0146002840F0C08046F809B07A
:10D1A000019BCAF80430237B2078012B00F29D807C
:10D1B000FFF79CFF23781F2B86BF03F01F035A4AFB
:10D1C0004FF0A04203F5E073012042F8230094F8E9
:10D1D0000190B9F1FF0F00F08B804846FFF786FF02
:10D1E000B9F11F0F8BBF09F01F034B464E4A4FF09A
:10D1F000A04203F5E073032042F82300A378FF2B3D
:10D2000079D01F2B8BBF03F01F021A4646484FF000
:10D21000A04002F5E0724FF0040C40F822C09A469C
:10D22000242202FB056282F82030E078D077FF28C4
:10D2300016D02379002B61D0FFF758FFE3781F2B1E
:10D2400086BF03F01F03384A4FF0A04203F5E07396
:10D25000032042F82300242303FB056322799A77F5
:10D260002378C7F80835A368C7F80C95C7F810A548
:10D27000C7F82435637B227B003B18BF0123022AB9
:10D280003FD0032A40D0012A01D143F00203C7F85E
:10D290005435A379C7F8C0350723C7F800352423D0
:10D2A0006B43F358B3B1D8F80030627943F30730D9
:10D2B00052010028C3F30733D2B228DB1B4C2718D6
:10D2C00087F800230122400903F01F0302FA03F349
:10D2D00044F82030242303FB056500236B770123EA
:10D2E0002B77084603B0BDE8F08FFFF7EFFE61E74C
:10D2F0004FF0FF3982E74FF0FF3A91E7FFF7E6FE84
:10D300009CE743F00403C2E743F00603BFE7084885
:10D3100003F00F03C254DDE70821E2E71121E0E743
:10D32000CCB501200DD105000003005000E100E064
:10D3300014ED00E038B50579284C24236B43E358FD
:10D3400093B103681A0B43F30733002B0CDB02F095
:10D350001F015B0901228A402033214941F8232023
:10D36000BFF34F8FBFF36F8F24236B43E218E35853
:10D3700000687BB11B4BC0F80833537F53B10123C6
:10D380004361D0F80431002BFBD0242303FB054379
:10D3900000225A77242303FB054393F82030FF2B08
:10D3A0000BD01F2B86BF03F01F030F4A4FF0A04284
:10D3B00003F5E073022142F823100023C0F8003582
:10D3C0000A4B984204BF01225A60F5F75DFA242304
:10D3D00003FB05440023237738BD00BFCCB50120F3
:10D3E00000E100E0520108000003005000F002409C
:10D3F0002DE9F3410679424F242373431446FA186A
:10D400000D46517F8046002978D1FB5823B114F096
:10D41000140F04BF0123537795E80F004FF0240C3D
:10D420000CFB067C0CF10C0E8EE80F009CF81F0024
:10D43000FF2804D09CF81E30C3B1FFF747FE2968CF
:10D4400021B101F06043B3F1005F06D1AA6882B157
:10D4500002F06043B3F1005F0BD0242303FB067698
:10D4600000237377102002B0BDE8F081FFF73EFE85
:10D47000E5E7D8F800306868C3F84415C3F84805F4
:10D48000E968C3F834250022C3F83815C3F8182119
:10D49000D3F818210192019A14F0010218BF012259
:10D4A000C3F8502514F0020218BF0122C3F840252A
:10D4B00022075CBF01221A6124227243BA5892B932
:10D4C000D3F81821002AFBD0242303FB0676F07F33
:10D4D000FF2803D0B47F1CB1FFF708FE0020C2E78D
:10D4E000FFF7F4FDFAE714F004004FF0400202D019
:10D4F000C3F80823F2E7C3F80423B4E71120B2E726
:10D50000CCB5012013B5064C23683BB1054B1B6815
:10D5100098470023236023680193019B02B010BD4C
:10D5200000010140F0B5012043691B68DB6833B19D
:10D53000007800B918470128FCD00228FAD07047BB
:10D54000012303707047000010B4074C0378E35CBC
:10D5500023B15DF8044B043001F096B95DF8044B3B
:10D560000C3000F08DBE00BF04D5012010B4074C74
:10D570000378E35C23B15DF8044B043001F0D8B9C3
:10D580005DF8044B0C3000F0CDBE00BF04D5012087
:10D5900008B50121ECF78BFCBFF35F8FB0FA80F088
:10D5A000400908BD0378044AD35C13B1043001F08C
:10D5B000F1B80C3000F008BE04D501200378044A0D
:10D5C000D35C13B1043001F0A7B90C3000F09EBE5B
:10D5D00004D5012003681A7812B11B6903B11847FA
:10D5E000704700002DE970434FF400454FF4FA787E
:10D5F0004FF00009E5FB01890446164600234FF46D
:10D600007A724046494609F083F80428054604D852
:10D61000012333700020BDE87083074A00212046B3
:10D62000EFF766FC0028F6D1206832462946BDE8AF
:10D630007043EFF768BC00BF41D5050010B54468E2
:10D6400082688389121B934208D382681340026860
:10D65000D154836801338360002010BD0420FCE7AF
:10D66000426883689A421FBF4268838913400268F8
:10D670001DBFD35C0B700020042070474268836894
:10D680009A420AD04268838913400268D35C0B70C7
:10D6900043680133436000207047042070472DE940
:10D6A000F84F43691B6814461A780546894632B913
:10D6B000FF2C28BFFF24E2B2FFF746FF11E05A68B3
:10D6C000D3F808805668D6F808A00F4604EB010B83
:10D6D0005F4509D12846FFF771FF58B1B468A4EB44
:10D6E0000A042046BDE8F88F17F8011B3046FFF703
:10D6F000A5FFEDE7D8F800103046FFF7BFFF012285
:10D7000049462846D8E700002DE9F3410678012E66
:10D7100005460C461ED0022E68D046BB4B691B68DE
:10D720005B685D6831462046FFF7FEFE0DF107019C
:10D730002846FFF7A3FF28B901220DF10701204673
:10D74000FFF702FF6A68AB689A4202BF2E4B0122C4
:10D750001A700CE04B69027A1B68D3F808804AB94A
:10D7600098F80920D8F804102046FFF7FFFE02B011
:10D77000BDE8F0815B68254A1F68002313700E78AE
:10D7800076B1012E0FD11E462CE06B680020995D0A
:10D79000D8F7E8FA6B683846995DFFF74FFF013616
:10D7A0002B7AB342F1DC7A68BB689A4202D01848FF
:10D7B000D8F76CFB01212046FFF7B6FE7968BB68FD
:10D7C000BA895B1A9A42CBD20123BB73CFE76B684D
:10D7D0000120995DD8F7C6FA6B683846995DFFF766
:10D7E0002DFF01362B7AB342F1DCDCE74B691B6875
:10D7F0009B68204659685A7AFFF7B8FE31462046A2
:10D80000FFF792FEB3E700BFFCB5012040CA01203C
:10D81000F4B5012043688068C01A7047F8B50F4618
:10D82000416883685B1A9A4228BF1A460446154627
:10D830004BB92846F8BDB9192046FFF71FFF01363E
:10D84000AE42F8D1F5E70026FAE700002DE9F843EB
:10D8500043691B6805461878144618BBFF2A28BF81
:10D86000FF24134F264605F10C0805F104092B7817
:10D87000FB5C9BB1484601F0C7F800B116B9A01B8C
:10D88000BDE8F8836B691B689B6828465A7A59681B
:10D89000FFF76CFE0028F2D1013EE8E7404600F0B9
:10D8A000B9FDEAE75B681868BDE8F843FFF7B6BF63
:10D8B00004D50120F0B5D0F814C0DCF8003089B0F0
:10D8C0000446002B5DD117780B466E4601F1200E01
:10D8D00018685968354603C5083373452E46F7D195
:10D8E000B91E4B424B418DF81D3053680494CCF85F
:10D8F000002013B15B689A685A60002F224A69467B
:10D9000008BF0022204600F053FA0546B0B963690B
:10D910009860BFF35F8F63695860BFF35F8F63697F
:10D9200003221A73009A013204BF01221A73019A6A
:10D93000013206D11A7B22F001021A73284609B07F
:10D94000F0BD1B681B78022B0DD163691B685A68F8
:10D950009B681268002191735A7A59682046FFF734
:10D9600005FE0546EAE72378084AD35C1BB904F1B3
:10D970000C0000F057FD63691B681B78002BE4D195
:10D98000DCE78525DAE700BF09D7050004D50120CB
:10D9900010B50446406903680BB30430FFF7F8FD87
:10D9A00040B160690830FFF7F3FD28B96369BFF340
:10D9B0005F8F5860112011E02046FFF7F3FD60698A
:10D9C00003685B682BB15A681B68916851609A685C
:10D9D0005A6010220021CCF71BFB002010BD8020D4
:10D9E000FCE710B5044640690368F3B10430FFF763
:10D9F000CFFD40B160690830FFF7CAFD28B96369FF
:10DA0000BFF35F8F586011200EE02046FFF7CAFD7C
:10DA1000606903685B6813B15B689A685A6010229A
:10DA20000021CCF7F5FA002010BD8020FCE70000B3
:10DA30002DE9F04F83B00446406900AF9846036873
:10DA4000D7F830900E461546002B6AD0037B9B0713
:10DA500069D522B900200C37BD46BDE8F08F0430EF
:10DA6000FFF796FD002860D04FF0000AB9F1FF3FA4
:10DA700087F804A00BD0A0693A1D4946FFF7B2FD14
:10DA800028B16369BFF35F8FC3F804A0E3E7284BB5
:10DA900000221A7006F06042B2F1005F9A462FD061
:10DAA00063691B681B78022B2AD1EB1D23F0070347
:10DAB000EB46ADEB030D2A4631466846CCF780FABB
:10DAC00069462A462046FFF7EAFDDD469AF800300F
:10DAD000012B1BD1B8F1000F1FD13B7933B9B9F13C
:10DAE000FF3F03D0A3691868EFF725FA6369BFF316
:10DAF0005F8F00225A603B79002BABD00D20AAE744
:10DB00002A4631462046FFF7CAFDDFE76069FFF786
:10DB100061FD3B79002BD9D0DCE70023C8F8003049
:10DB2000DBE7802097E7082095E7112093E700BF07
:10DB3000FCB501202DE9F74F044640690C9F1E46B5
:10DB4000036888461546002B74D0037BDA0773D52B
:10DB50001DB9002003B0BDE8F08F0830FFF718FDB5
:10DB600000286BD04FF000097B1C8DF804904BD13E
:10DB7000AB4641465A462046FFF768FEBBEB00091C
:10DB8000824680440FD09DF804306069002B4DD050
:10DB900003681B783BB123782A4AD35C002B40D022
:10DBA000201D00F039FF1EB15544A5EB0B05356073
:10DBB0009DF804302BB9013703D0E3691868EFF7FB
:10DBC000BAF96369BFF35F8F00229A60B9F1000F61
:10DBD00003D09DF80430002B32D163691B685A686A
:10DBE0001268917B0029B4D09B68002595735A7AFE
:10DBF00059682046FFF7BAFC0028AAD0124A40F222
:10DC00009721CBF759FDA4E7E06901AA3946FFF750
:10DC1000E9FC0028ACD06369BFF35F8FC3F80890BC
:10DC200098E704F10C0000F013FCBCE7FFF7D2FC0E
:10DC3000CB469EE780208DE708208BE7112089E7FF
:10DC40000D2087E704D5012038040700F7B5044606
:10DC5000406903680E46002B49D0027B920748D5E5
:10DC60001B7813B9002003B0F0BD0430FFF790FC1F
:10DC7000054600283FD00027731C8DF804700AD099
:10DC8000A06901AA3146FFF7ADFC20B16369BFF37B
:10DC90005F8F5F60E7E763691B685B685B685A6872
:10DCA0009B689A4208D06069FFF794FC9DF80430A5
:10DCB000002BF0D0002504E02046FFF77FFC002871
:10DCC000F1D19DF804302BB9013603D0A36918684F
:10DCD000EFF731F96369BFF35F8F00225A60002DBF
:10DCE000C0D19DF80430002BBCD00D20BBE78020B4
:10DCF000B9E70820B7E71120B5E73CDF704700001F
:10DD000008B50020F6F754FB0120F6F751FB02207E
:10DD1000F6F74EFBEEF7E6FCEEF7D4FA0028FBD15F
:10DD2000B121FFF7EAFFBFF34F8F0549054BCA68E2
:10DD300002F4E0621343CB60BFF34F8F00BFFDE7F7
:10DD400000ED00E00400FA051FB503788DF80030FF
:10DD50004368019383688DF80830C368054A0393CC
:10DD6000054B684653F8213052F82110984705B00A
:10DD70005DF804FB00B6012008B601201FB503784A
:10DD80008DF800304368019383688DF80830C368CC
:10DD9000054A0393054B684653F8213052F8211089
:10DDA000984705B05DF804FB00B6012008B60120D5
:10DDB000F0B5194B90F800C0DFF86CE043F82C2068
:10DDC000164B16460A6943F82C204B7F0EF80C3090
:10DDD0000C4607460FCC89B06D460FC594E80F007E
:10DDE00085E80F001EF80C30CDF810C04BB1002EA6
:10DDF0000B4A694608BF3246381D00F0EBFB09B0FC
:10DE0000F0BD002E074A694608BF324607F10C00F4
:10DE100000F008F9F3E700BF08B6012000B60120C2
:10DE200049DD05007DDD050004D5012000234350B8
:10DE300082B043580193019B02B070470A4610B567
:10DE40004FF48E71FFF7F2FF136A9168C95C136A91
:10DE500001331362C0F81C1510BD024608B50068F6
:10DE60004FF49271FFF7E2FF4FF484711068FFF7EF
:10DE7000DDFF136801221A6008BD8B690A4610B5E0
:10DE80004FF4847123B9FFF7D1FFD0F8183510BDD6
:10DE9000FFF7CCFF536AD168D0F81805C854536A0D
:10DEA00001335362F3E700001FB501238DF8003002
:10DEB000044BCDE90110D3E900126846904705B044
:10DEC0005DF804FB10B6012030B54C48D0F804339F
:10DED00013F4007F85B005464DD0D0F82431002BD7
:10DEE00049D04FF49271FFF7A1FF4FF40173C0F8CE
:10DEF0000833434B93F829200AB9012242603F4975
:10DF000002228DF80020D1F88024C1F880240392E9
:10DF10009A690292DA6801920022C3E906226846F1
:10DF2000D3E9001290473548D0F81C315BB1344931
:10DF30004A690B6A9A420A464AD991F82830002B5E
:10DF400046D1FFF77BFF2D48D0F844318BB14FF419
:10DF5000A271FFF76BFF2A4B93F829200AB1012227
:10DF600002609A692AB10022586AD9689A61FFF75B
:10DF70009BFF05B030BDD5F804335B07D3D5D5F88A
:10DF80000831002BCFD01E4C1C482146FFF775FFEF
:10DF9000636AA2699A422346C5D1E269E1684AB13F
:10DFA0002369E3600023606AA261E3616362FFF7B3
:10DFB0007BFFB8E794F829200AB901226A600F4A6A
:10DFC0004FF40170C2F808030022586A9A61EEE724
:10DFD0000A484FF48E71FFF729FF5369002BB2D026
:10DFE00051690291002391688DF8003001915361CD
:10DFF0006846D2E900139847A5E700BF002000401B
:10E0000010B601201F2886BF00F01F00044B4FF000
:10E01000A04300F5E070022243F82020704700BFC3
:10E02000000300502DE9F843614B057991462C22FD
:10E0300002FB0532064692F82A200C469846002A32
:10E0400040F0B1805B490068F4F7FCFB074600280C
:10E0500040F0AB8021684A1C10D01F2987BF564A68
:10E0600001F01F030B464FF0A0420120984003F53A
:10E07000E073C2F80805032042F823006068431CDF
:10E080000DD01F288BBF00F01F0303464A4A4FF0F4
:10E09000A04203F5E0734FF0000C42F823C0336850
:10E0A000A269C3F8242594F814C0627DBCF1010F65
:10E0B0004CEA0202C3F86C25C3F81405C3F80C152A
:10E0C0002BD1A168481C0DD01F298BBF01F01F0266
:10E0D0000A4639484FF0A04002F5E0724FF0000CBC
:10E0E00040F822C0E068421C13D01F2887BF324A84
:10E0F00000F01F0C84464FF0A0424FF0010E0EFAC4
:10E100000CFE0CF5E07CC2F808E54FF0030E42F877
:10E110002CE0C3F80805C3F810152C236B4308EB5B
:10E120000302C2F80490226948F80320B9F1000FF5
:10E1300021D03068247F4FF48E71FFF777FE4FF4C3
:10E14000A2713068FFF772FE32681C4BC2F80433CC
:10E15000110B42F307326301002ADBB21EDB1848C1
:10E16000841884F800330123520901F01F0103FAD7
:10E1700001F140F8221033680422C3F800252C2353
:10E1800003FB05830022C3E9062283F829205A6194
:10E19000012283F82A203846BDE8F883094A01F0B5
:10E1A0000F015354E7E70827F5E71127F3E700BF0E
:10E1B00010B60120C9DE05000003005080000200F7
:10E1C00000E100E014ED00E02DE9F041036804797E
:10E1D000284D0022C3F800252C2202FB04520146E0
:10E1E0005268A2B1244AC3F808231A0B43F3073339
:10E1F000002B0CDB02F01F005B0901228240203360
:10E200001E4840F82320BFF34F8FBFF36F8F0B687A
:10E21000D3F80C05D3F81485D3F80865D3F8107536
:10E220004FF0FF329042C3F81425C3F80C25C3F811
:10E230000825C3F8102501D0FFF7E4FEB8F1FF3F31
:10E2400002D04046FFF7DEFE7A1C02D03846FFF7C8
:10E25000D9FE731C02D03046FFF7D4FE0868F4F7ED
:10E2600013FB2C2303FB0454002384F82A3063603F
:10E27000BDE8F08110B601208402020000E100E058
:10E280002DE9F047204F90F804904FF02C0808FB40
:10E29000097405466669002E34D162610068A16088
:10E2A00026624FF48E7184F82860FFF7BFFD28685E
:10E2B000012383602146FFF7C1FD6368A0468BB947
:10E2C0002868D4F814A0236A9A4511D82A68D2F88D
:10E2D0001C31002BFBD00123D3602C2303FB0973DB
:10E2E00000225A613046BDE8F08794F828303BB9E7
:10E2F000D0F81C31002BF8D04146FFF79FFDE2E734
:10E300000F26EAE71126EDE710B601200379044A4B
:10E310002C2101FB03235869003818BF01207047E6
:10E3200010B601202DE9F843394F05792C2303FB62
:10E33000057306465C6824B103684FF40170C3F8A6
:10E3400008032C2303FB0573986950B1D869002892
:10E350003ED024B133684FF40172C3F80423112472
:10E3600033E09A61D9605862D8612C2303FB0573AE
:10E3700093F829301BB910B93046FFF76EFD4FF006
:10E380002C0909FB05783068D8F80430002B34D10B
:10E390004FF4A271C146FFF749FD3068D0F824312F
:10E3A000D0F80821D0F84441B2B90CB9002BF4D010
:10E3B0002C2202FB05750022AA6123BB2CBB95F819
:10E3C000291033680122B1B11A602046BDE8F883F4
:10E3D0001961DA610120C8E7002BE9D1002CE7D1EF
:10E3E0004946FFF74AFDD8F82430D8F818209A4259
:10E3F000D3D82346DCE75A60E7E74FF40173C0F84F
:10E4000004330024E1E70324DFE70F24DDE700BF46
:10E4100010B601200368D3F80801003818BF0120A6
:10E420007047000070B50279084D2C2606FB025299
:10E43000044692F829303BB9FFF70FFD237906FB1C
:10E440000353012283F8292070BD00BF10B60120BC
:10E4500003684FF40172C3F8082301225A60704721
:10E460000023435082B043580193019B02B0704790
:10E470001FB50123CDE901218DF80030D0E900134B
:10E480006846984705B05DF804FB00001F2886BF6A
:10E4900000F01F00044B4FF0A04300F5E070022293
:10E4A00043F82020704700BF000300507FB5D0F82C
:10E4B000246105460C46002E5CD04FF49271FFF7A4
:10E4C000CFFF02238DF80030D0F88034C0F88034BC
:10E4D0000393D0F83C350293E36801930023C4E929
:10E4E00006336846D4E900139847D5F844317BB128
:10E4F0004FF4A2712846FFF7B3FFA36943B100238D
:10E50000C4E90633D5F83C15E2682046FFF7B0FFB2
:10E51000D5F82031ABB14FF490712846FFF7A0FF3A
:10E520000123EB60636963B1D5F84C2502920023A7
:10E53000A2688DF8003063610192D4E90013684647
:10E540009847D5F858319BB14FF4AC712846FFF786
:10E5500087FF636963B1D5F84C2502920023A26856
:10E560008DF8003063610192D4E900136846984742
:10E5700004B070BDD0F81031002BB6D04FF48871C4
:10E58000FFF76EFFA169D0F83C359942ADD1E36940
:10E59000E2686BB1D0F8000220F02000C5F800025C
:10E5A000A3612369E360E6612046FFF761FF9CE712
:10E5B000A361F9E701490248FFF778BF3CB60120A3
:10E5C0000020004001490248FFF770BF60B60120FB
:10E5D000008002402DE9F84391460679674A2423DA
:10E5E00003FB0623044693F820300D469046002B8B
:10E5F00040F0C080624B006853F82610F4F722F90F
:10E600000746002840F0B8802868421C10D01F2818
:10E6100087BF5C4A00F01F0303464FF0A042012170
:10E62000994003F5E073C2F80815032142F823105E
:10E6300069684B1C0DD01F298BBF01F01F030B46CF
:10E64000504A4FF0A04203F5E0734FF00C0C42F833
:10E6500023C02368AA69C3F8242595F814C06A7DED
:10E66000BCF1010F4CEA0202C3F86C25C3F80C059B
:10E67000C3F814152BD1A968481C0DD01F298BBFD6
:10E6800001F01F020A463F484FF0A04002F5E07239
:10E690004FF0000C40F822C0E868421C13D01F283D
:10E6A00087BF384A00F01F0C84464FF0A0424FF05D
:10E6B000010E0EFA0CFE0CF5E07CC2F808E54FF0F6
:10E6C000030E42F82CE0C3F80805C3F81015242304
:10E6D000734308EB0302C2F804902A6948F8032048
:10E6E000B9F1000F30D020682A7F4FF48871FFF70E
:10E6F000B7FE20684FF49071FFF7B2FE20684FF428
:10E700009271FFF7ADFE20684FF4A271FFF7A8FEEB
:10E710004FF4AC712068FFF7A3FE23681A49C3F8D1
:10E720000413190B43F307335201002BD2B21CDB45
:10E730001648C51885F8002301225B0901F01F0166
:10E7400002FA01F140F8231023680822C3F80025DB
:10E75000242303FB06860023C6E9063373610123E5
:10E7600086F820303846BDE8F883094B01F00F01E8
:10E770005A54E9E70827F5E71127F3E73CB60120EB
:10E78000D4040700000300501003420000E100E041
:10E7900014ED00E02DE9F041384E0579046824239A
:10E7A00003FB056307465B68ABB1354BC4F8083320
:10E7B00044F30733002B4FEA14320CDB02F01F0145
:10E7C0005B0901228A4020332E4941F82320BFF300
:10E7D0004F8FBFF36F8FD4F80032242223F0200331
:10E7E00002FB0562C4F80032002393614FF4AC7160
:10E7F0002046FFF735FE0123E360D4F85831002BA3
:10E80000FBD093691BB1D4F84431002BF5D0002321
:10E81000C4F800353B68D3F80C05D3F81485D3F859
:10E820000815D3F810754FF0FF329042C3F80C254D
:10E83000C3F81425C3F80825C3F8102501D0FFF745
:10E8400025FEB8F1FF3F02D04046FFF71FFE7A1CBD
:10E8500002D03846FFF71AFE4B1C02D00846FFF7DD
:10E8600015FE2046F4F710F8242303FB056500236A
:10E8700085F820306B60BDE8F08100BF3CB6012018
:10E880001003420000E100E001F06043B3F1005FDB
:10E890002DE9F041064638D11E4B0779242505FBAA
:10E8A000073598466C69002C31D16A610068A9600F
:10E8B0004FF49071FFF7D4FD4FF4AC713068FFF75F
:10E8C000CFFD33686A69A968C3F84415C3F84825C1
:10E8D00001229A606A68AAB9D3F82021D3F8584176
:10E8E0001AB9002CF8D00F2407E0002CFBD101222C
:10E8F000DA60D3F85821002AFBD0242303FB0787D2
:10E9000000237B612046BDE8F0811024FAE7112442
:10E91000F8E700BF3CB601200379044A242101FB3B
:10E9200003235869003818BF012070473CB6012006
:10E93000F8B501F06043B3F1005F04460F465ED1C5
:10E940000379304D242101FB0351496821B100684E
:10E950004FF40476C0F80863242000FB03539E693B
:10E9600056B1D869002839D021B123684FF4047218
:10E97000C3F80423112030E09A61DF60DE61206873
:10E980004FF48871FFF76CFD20684FF4A271FFF718
:10E9900067FD2368C3F83475C3F8382516BB012218
:10E9A0001A602179242202FB015252680ABBD3F873
:10E9B0001041D3F84421D3F82401144302D1002894
:10E9C000F5D02246242303FB01550023984218BFAB
:10E9D00003209A42AB6118BF0F20F8BD1F61DA61B6
:10E9E0000126CCE7D3F8002242F02002C3F800222F
:10E9F000D7E74FF40472C3F804230020EDE710209A
:10EA0000EBE700BF3CB601200368D3F810010038E3
:10EA100018BF0120704700000279084903682420CC
:10EA200000FB0212D2692AB1D3F8002222F02002A0
:10EA3000C3F8002201225A60704700BF3CB6012093
:10EA4000F0B5054699B01F4600230E46144605A8AA
:10EA500019460322D5F8D05001F042FA38BB0146DE
:10EA6000AD00082303AA05A8CDE9034501F078FA13
:10EA7000E8B9611905A801F097FAC0B937B923467A
:10EA80001022314605A801F0A7FA80B905F110035C
:10EA900002A9019100941946324605A8029301F09B
:10EAA000D9FA044B002818BF184619B0F0BD014828
:10EAB00019B0F0BD360CF0002DE9F04F864C8046C1
:10EAC0009E460F4694460FCCB7B00DF11C0A554632
:10EAD0000FC594E80F0004F1100685E80F000FCE73
:10EAE0000FAD0FC596E80F00303485E80F000FCC4E
:10EAF00017AD0FC50FCC0FC594E80F00D8F8D04064
:10EB0000CDF80CE0042C85E80F0001D0082C6BD167
:10EB1000409A231DB2EB830F4FEA830B03D06F485B
:10EB200037B0BDE8F08F07EB0C019CFA8CF30CF1C9
:10EB300018060CF109003B609BFA8BF5802326F048
:10EB40000F06321A7D6038440B72002102F044F83F
:10EB5000409B1B09ABF1100B00F0BB80042C47D08D
:10EB6000DDF80C90CDF808B04B4617ADB1464FF02C
:10EB7000000823ACBB461E4624E0029FCDF814A03B
:10EB8000069701F0EDF903462946204610353BBBB8
:10EB900001F00AFA84464FF0100E4B465A46494699
:10EBA0002046BCF1000F1BD10DEB0E07CDE900672D
:10EBB000CDF810E001F04EFA103688B9409BB8EB62
:10EBC000131F58D2002319460222204601F088F96B
:10EBD000014608F10108082305AA20460029CCD0E7
:10EBE0003F4837B0BDE8F08F3E4837B0BDE8F08F02
:10EBF000DDF80C90CDF808B033460FAD4E464FF01F
:10EC0000000823ACBB46994626E0029FCDF814A02D
:10EC1000069701F0A5F90346294620461035002B3A
:10EC2000DED101F0C1F984464FF0100E4B465A4632
:10EC300049462046BCF1000FD2D10DEB0E07CDE9BD
:10EC40000067CDF810E001F005FA10360028C7D1B2
:10EC5000409BB8EB131F0ED2002319460222204618
:10EC600001F03EF9014608F10108082305AA2046F3
:10EC70000029CAD0B4E7DDF808B0039D0023194687
:10EC800001222046CDE9055B01F02AF90146002862
:10EC9000A6D1082305AA204601F062F900289FD1D9
:10ECA00005EB0B01204601F07FF90146002897D1C2
:10ECB000409A284601F090FF409B009540A90191A1
:10ECC0002A462046194601F0C5F900283FF428AF2E
:10ECD00086E723ACD1E700BF4C050700230CF0000A
:10ECE000360CF000210CF0002DE9F04F2DED028BD9
:10ECF000164687B007321C46D308129D039300289E
:10ED000000F0BC800F46002900F0BF80002C54D0DA
:10ED1000BDF80C108046204601F09CF802280646FB
:10ED200040F2AA8003285DD12378032B40F2A4800F
:10ED3000039B681C591E0123019301F04FFF019BA7
:10ED40000493019B76429AB206F007064FF0FF0A41
:10ED50004AFA06FA08EE102A5E1E4FF6FF72103BC2
:10ED60005FFA8AFA2E440292059318EE101A2A4688
:10ED70004046B84700287DD133780AEA0303337050
:10ED8000049B102B40D0BDF804302246194628467B
:10ED900000F08CFF022852D0029B013B0293E4D189
:10EDA0003E4B03990193284601F018FF019B18463A
:10EDB00007B0BDEC028BBDE8F08F99B22A461C4625
:10EDC000B84703460028ECD1611E70076A5C42F028
:10EDD00080025CD16A540023184607B0BDEC028B58
:10EDE000BDE8F08F039B00F10709A3EBD90105EB08
:10EDF000D90001F0F3FE4FEAD903B9F1870F01936F
:10EE000088BF102304939CE7059B05EB030904EBE3
:10EE1000030B07E0002BB6D0B84758BB33780AEA9B
:10EE200003033370102319465A46484600F03EFF4C
:10EE30000346022B4A464FF010014046EAD1019B9F
:10EE4000002BC8D0013DE918012315F8012F134408
:10EE50008D422B704FEA2323F7D1019B013C2344C1
:10EE6000022214F8011F0A449C4222704FEA222217
:10EE7000F7D1B0E7034694E7094B92E7094B1846F0
:10EE800007B0BDEC028BBDE8F08F074B8FE77642F1
:10EE900006F0070632416A5489E700BF010CF00012
:10EEA000320CF000250CF000140CF0002DE9F043BA
:10EEB0008FB0884607A91746044601F045FD054670
:10EEC00000284ED1D4F8D050042D01D0082D4ED1B9
:10EED000D4F8C4300C2B62D8B8F1000F45D02E1DE9
:10EEE000760106AA04ABCDE90032029707A905AB6B
:10EEF00000222046059600F0BFFE00283CD1069B6C
:10EF00000498D4F8C42023F00303083304F18409DF
:10EF100018449200494601F05BFED4F8C400069AFA
:10EF200004992B1D9E0002EB800200964B46204662
:10EF30000692FFF7C1FD054650B9B8F1010F33D075
:10EF40000346224649462046FFF77AFDB0B1054602
:10EF50002046E42101F042FE38464FF4BF5101F053
:10EF60003DFE28460FB0BDE8F0836E01B9E71B4DAA
:10EF700028460FB0BDE8F083194DE9E7D4F8D43046
:10EF8000012243F00103C4F8D430C4F8CC2000239C
:10EF90004846C4F8C430402101F020FEDCE7114DA2
:10EFA00028460FB0BDE8F0833146204601F016FE3A
:10EFB0002B46224649462046FFF742FD0028C6D18F
:10EFC000D4F8D430084AC4F8CC8023F4803343F01A
:10EFD0000103C4F8D430C4F8DC20D8E7210CF000D9
:10EFE000260CF000040CF000CDAB23012DE9F04F0E
:10EFF0009DB0002800F03B811646002A00F03D81BC
:10F000000D4621B98B4658461DB0BDE8F08FB14F73
:10F0100004464FF0FF31386801F000FE002840F050
:10F020001981AD4BD4F8DC209A4216D0DFF8B8B283
:10F030002946304601F0D2FDD4F8C430002B40F010
:10F040000D81386801F004FE0028DCD0A34801F0EF
:10F0500093FD58461DB0BDE8F08FD4F8D430DA07E0
:10F0600040F10E81D4F8CC30113300F20F81D4F886
:10F07000D080B8F1040F05D0B8F1080F02D0DFF846
:10F080006CB2D5E7D4F8C4200C2A00F2FC8004F15D
:10F090004003029304F1840A002A00F0FD809200EC
:10F0A000514604F1480001F093FDD4F8C4200299C0
:10F0B00008F104039B000093920053462046FFF79B
:10F0C000FBFC83460028B3D1034622465146204626
:10F0D000FFF7B6FC83460028AAD104EB8809012279
:10F0E000D9F80C301BBA9B181BBAC9F80C304FEA80
:10F0F000880B16D3D9F808301BBA9B181BBAC9F86D
:10F1000008300ED3D9F804301BBA9B181BBAC9F8C3
:10F11000043006D354F828301BBA13441BBA44F801
:10F120002830002309A81946032200F0D9FE002840
:10F1300040F0AF800146082307AA09A8CDE9074B94
:10F1400000F00EFF002840F0A480494609A800F016
:10F150002BFF002840F09D80614AD4F8D4301A4239
:10F1600000F0A2802B0915F00F0B049300F099809A
:10F1700001330493CDF80CB05B469D420DD0EA1AE2
:10F1800011463046059201F029FD059A3346314675
:10F1900009A800F021FF00287BD104F1300B1022D8
:10F1A0000298594601F014FD5846102101F016FD51
:10F1B000102306A90191CDF800B009A85A461946B6
:10F1C000069300F047FF002863D1039AA81A304441
:10F1D000594601F0FDFCD4F8D430DB0509D45A4679
:10F1E0000298049B314600F0ABFA834600287FF476
:10F1F0001FAFD9F80C30049A1BBAD3181BBAC9F840
:10F200000C3017D3D9F8083001221BBA9B181BBA4F
:10F21000C9F808300ED3D9F804301BBA9B181BBAB2
:10F22000C9F8043006D354F828301BBA13441BBA6B
:10F2300044F828305146012322462046FFF700FCBF
:10F24000834600287FF4F4AED4F8CC300133C4F800
:10F25000CC30F1E6234801F08FFCE2E60023C4F84D
:10F26000C43004F18400402101F0B8FCE9E6DFF885
:10F2700080B058461DB0BDE8F08FDFF878B0C2E628
:10F28000DFF874B0D4E6DFF874B0D1E6DFF870B020
:10F29000CEE6DFF870B0CBE65046402101F09EFC90
:10F2A0001BE71023039368E704F13003184610218D
:10F2B000039301F093FC039B1022194609A800F068
:10F2C0008BFE0028E5D1D4F8D43043F48033C4F861
:10F2D000D43047E70CD50120CDAB2301F40407005F
:10F2E00000010100DC0407000E0CF000210CF0000E
:10F2F000270CF000000CF000080CF000040CF000EB
:10F30000070CF000360CF00070B5002849D00D460F
:10F31000002943D0244E04464FF0FF31306801F0FD
:10F320007DFC90BB002001F00DFD50BB20462A461D
:10F330000121FFF7BBFD0446012001F003FDB8B930
:10F34000306801F085FC50B9012001F0FBFC08B9E0
:10F35000204670BD154801F00FFC204670BD1448D2
:10F3600001F00AFC012001F0EDFC0028F0D0F1E7EB
:10F370000E4801F001FC306801F06AFC0028E3D07F
:10F38000EDE70C4801F0F8FBD0E70B4801F0F4FB87
:10F39000002001F0D7FC0028C8D0F2E7074C204637
:10F3A00070BD074C204670BD08D501202C05070014
:10F3B000F40407000C050700DC040700200CF00033
:10F3C000250CF00000284CD0F0B50D4689B000297E
:10F3D00038D00446E42101F001FC01A9204601F0E7
:10F3E000B3FA10B1204809B0F0BD204F4FF0FF3103
:10F3F000386801F013FC80BB002001F0A3FC40BB87
:10F4000001A92A46204600F043FC0646012001F0EF
:10F4100099FCD0B9386801F01BFC78B9002EE1D115
:10F420002046E42101F0DAFB29462046FFF76CFF75
:10F430000F4B002818BF184609B0F0BD0D4801F069
:10F440009BFBEBE70C4809B0F0BD0C4801F094FBC6
:10F45000E0E70B4801F090FBD2E70A4801F08CFB93
:10F46000CAE70948704700BF110CF00008D5012019
:10F47000120CF000F4040700200CF0002C0507002B
:10F480000C050700DC040700250CF00028B108B5C6
:10F49000E42101F0A3FB002008BD0148704700BF34
:10F4A000250CF00070B5002950D0044600284AD041
:10F4B000294E0D4630684FF0FF3101F0AFFB0028B8
:10F4C00038D1002001F03EFC58BB244BD4F8DC209E
:10F4D0009A4213D1D4F8D430DB073AD520462A46D5
:10F4E0000021FFF7E3FC0446012001F02BFC58B992
:10F4F000306801F0ADFB78B9204670BD0120184C92
:10F5000001F020FC0028F3D0164801F035FB3068EC
:10F5100001F09EFB0028EFD0134801F02DFB2046A0
:10F5200070BD124801F028FB0C4BD4F8DC209A4245
:10F53000D0D0E3E70E4801F01FFB002001F002FCF1
:10F540000028C2D0EDE70B4C204670BD0A4C204687
:10F5500070BD0A4CC8E700BF08D50120CDAB230120
:10F560000E0CF0002C050700F40407000C05070042
:10F57000DC040700250CF000200CF000080CF00063
:10F580002DE9F84300284FD00E461446054639B100
:10F59000302A01D8930723D0264F3846BDE8F88398
:10F5A000002A45D1DFF8A0804FF0FF31D8F80000E5
:10F5B00001F034FB074648BB402105F1840001F00F
:10F5C0000DFBA408D8F80000C5F8C44001F040FBCA
:10F5D0000028E2D0184801F0CFFA3846BDE8F88399
:10F5E000DFF864804FF0FF31D8F8000001F016FB1F
:10F5F000074678B905F184094846402101F0EEFA42
:10F6000031464846224601F0E3FADAE70B4801F0BA
:10F61000B3FAD1E7094805F1840901F0ADFA48468B
:10F62000402101F0DBFAEBE7054F3846BDE8F883EF
:10F63000044FB2E7040CF000F4040700DC040700F8
:10F64000250CF000030CF0000CD5012030B4029D15
:10F650004DB1064D941EAC4202D830BCFFF744BBFE
:10F66000034830BC7047034830BC7047FDFF0700BB
:10F67000310CF000300CF00038B504464FF48060D7
:10F6800001F00CFB054D06480649074A00232B6094
:10F6900003600B682360136038BD00BFC8B102501F
:10F6A0002CB1025004B1025008B1025001380728B1
:10F6B00005D8DFE800F00A0E041204040406094825
:10F6C00070478B698B6000207047CB688B6000208F
:10F6D00070470B698B60002070474B698B6000207E
:10F6E000704700BF310CF1000B6802E0082B0B6083
:10F6F00006D8426813424FEA4303F7D00020704710
:10F7000000487047310CF100084B094A002119608C
:10F710001368002BFCD107480749084A03604FF4DF
:10F7200080604FF0FF330860136070472CB10250C7
:10F7300010B90250C4B1025008BA025008B10250C8
:10F74000012BF8B516461CD010221D460C4601F0C0
:10F7500027FAE0B1AF1E314604EB0710102201F08A
:10F760001FFAA0B1022D0ADD0025204610342146E3
:10F77000102201F015FA013548B1BD42F5D1002043
:10F78000F8BD1146102201F00BFA0028F7D101480C
:10F79000F8BD00BF020CF000002877D0F8B50C4689
:10F7A000002971D01D46002B6ED0064622B10122E1
:10F7B00000232A60C0F8D8302B68002B62D029467D
:10F7C0002046FFF791FF00285BD128682146FFF70C
:10F7D0006DFF002855D1364B3649374A01271F6047
:10F7E0009C460F60CCF80070A368136011688B42D0
:10F7F000F8D1324F3249334A334B4FF0000CC7F83F
:10F8000000C004270F600A2111606FF03A021A60ED
:10F81000079B012B4FF080533AD0D3F8002C0132D4
:10F8200043D0D3F8002C294BA3FB02321209A36862
:10F83000274C2849284F03FB02F303EB4303DB0368
:10F840009B092360254B2C680C601A60069A244C97
:10F850003A604FF48062226001224FF0FF3441F899
:10F86000C44C43F80C2CD6F8D8302A6823F07F43D8
:10F8700043EA0263C6F8D8302A6843EA0223C6F88E
:10F88000D830F8BD1748F8BD1748F8BD164870477E
:10F89000D3F80C2C013206D0D3F80C2C0B4BA3FB65
:10F8A0000232FA40C3E71622C1E70622BFE700BFD3
:10F8B000C4B1025040B1025030B102502CB10250DC
:10F8C0000CB1025038B1025000B10250ABAAAAAA42
:10F8D000D8B10250CCB10250D0B10250D4B10250D4
:10F8E00008BA0250310CF100350CF100F0B4C90037
:10F8F000002401F1FF3C2646274606E09F4216D031
:10F900000126654519D82C461F46630904F01F01DE
:10F9100050F823301F2923FA01F304F1010518BF21
:10F9200003F00103002CE9D101263546EBE701364F
:10F930009642E6D10248F0BC70470020F0BC704708
:10F94000360CF100002861D02DE9F0414C1EB4F5D1
:10F95000047F27D233B32AB3CD00012B05F1FF3E3C
:10F9600030D000218C460F460E4603F1FF384C097B
:10F9700001F01F0550F824401F2D24FA05F418BF8C
:10F9800004F0010421B90126B44631462746EEE7CA
:10F99000B34213D0A74201D10CF1010C464504D16A
:10F9A000624502D21A48BDE8F0813C4601318E45DD
:10F9B00006F10106EAD20020BDE8F08100264FF0F2
:10F9C000010CF3E70026B44637463446610904F0DB
:10F9D0001F0350F821101F2B21FA03F118BF01F06B
:10F9E00001013CB15FB98C4501D0614608E00136A8
:10F9F000614605E0012634468C460127E6E73E468F
:10FA0000B242CFD30134AC42F6D1D4E700487047BC
:10FA1000370CF1002DE9F04F89B01D46149BDDF83D
:10FA20004CA004460E4617464BB94FF08053D3F80E
:10FA3000002C013200F0A980D3F800BC08E04FF0A0
:10FA40008053D3F80C2C013200F0A280D3F80CBC08
:10FA50007C480AF5C1622A60129A00234FF0FF31F8
:10FA6000136001F0DBF8002840F08680764A774B7F
:10FA7000774910600432196013680693069BD90712
:10FA8000FAD5714A714B002111601B68079304324B
:10FA900013680793079BDB07FAD56C4B6D4A1B680D
:10FAA0000793DDF81C9013680793079BD807FAD5D6
:10FAB000644801F0CDF800285AD1654B994540F0D3
:10FAC000B680D4F8D43013F400790ED1D90512D50C
:10FAD0002B68129A1B6813603BB1D4F8D4309B0595
:10FAE0005BD5484609B0BDE8F08FDFF87C91484609
:10FAF00009B0BDE8F08F002F00F08780564A574BC1
:10FB00001168B2681B689A4245D10A2943D194F81A
:10FB1000DB3005930AF5C26A042500274FF08058B0
:10FB200004A8FFF7A9FD0498820602D510F01A0078
:10FB300039D0D4F8D810059A0B0A03F47F030B438D
:10FB400023F07F43082AC4F8D83077D0149B4FEABB
:10FB5000420CCDE90073002205AB31462046CDF8BA
:10FB600014C0FFF719FE00285FD1013DD8D1B4E7DA
:10FB70003B4801F001F8A0E73A48DFF8F09000F0C8
:10FB8000FBFF484609B0BDE8F08F4FF0900B5FE7F0
:10FB90004FF4047B5CE7DFF8D890FFF7B5FD4846EB
:10FBA00009B0BDE8F08F129B5246C3F800B0594629
:10FBB00000F0FCFE002838D1D8F8043C129A01333A
:10FBC00018BFD8F8043C116808BF51230293D8F835
:10FBD000083C01332ED0D8F8083C03934B1EB3F5F4
:10FBE000047F0FD2029A02915046FFF77FFE48B978
:10FBF0000299039A4FF480635046FFF7A3FE002852
:10FC00003FF46BAF129B1F6093E723F00F03C4F820
:10FC1000D430149B0122CDE90093314605AB204638
:10FC2000FFF7BAFD00283FF475AF814655E7DFF8CE
:10FC30003C9056E740F237330393CFE7DFF8349038
:10FC40004BE700BF20D5012004BF025000BF025087
:10FC500012FA12FA08BF025038B1025030B1025005
:10FC6000F4040700DC040700330CF000350CF0004E
:10FC7000300CF100320CF10030B4DDE90234049DA7
:10FC800002940024CDE9035430BCFFF7C3BE00BF8B
:10FC900010B586B005AB0124CDE901240093002204
:10FCA00004ABFFF7B7FE06B010BD00BFF0B44418B8
:10FCB00031B114F8015D4E1E15B931460029F8D155
:10FCC000D41833B114F8015D5E1E45B93346002BDC
:10FCD000F8D10D1E18BF01252846F0BC70478B4295
:10FCE00022D325D84C1EA64228BF2646002E23DB51
:10FCF000013694190025821904E0012D38BF012531
:10FD000090420BD012F8016D14F8017DB742F4D384
:10FD1000F6D9002D08BF02259042F3D18B4218BFBF
:10FD200000252846F0BC704701252846F0BC7047E6
:10FD300002252846F0BC70470025EFE79942F0B550
:10FD40000DD801EB03044FEA540467D3002C7DD097
:10FD50004FF0000C171F2146051F624632E003F1E9
:10FD6000804C0CF1FF3C051F002600EB8C0C05EBD2
:10FD7000810E34465CF8047FE64546EA0706F9D171
:10FD800016F1FF3744F1FF3C6FEA0C0C99420CF07E
:10FD9000010C3ED201F1804E0EF1FF3E171F02EB27
:10FDA0008E0507EB830355F8042FAB4246EA0206A3
:10FDB000F9D116F1FF3644F1FF32D24302F00102CD
:10FDC00091B3051F002305EB810E28463C461946DA
:10FDD00050F8046F54F8045FAE4218BF002103F0DE
:10FDE000010318BF002388BF41F0010138BF43F071
:10FDF00001038645ECD1A9B182F00100BCF1000FEE
:10FE000000D108408CF0010402B91C4000EB440012
:10FE1000F0BDC3B1171F19460022D3E700263446B0
:10FE2000B446B7E7002BE7D1BCF1000F03D132B1E4
:10FE300060461446EAE782F001000023E2E710463C
:10FE400013461446E1E760461C46DEE7204623469B
:10FE5000DBE700BF4218084630B112F8013D411EF1
:10FE60001BB908460028F8D170471A064FEAC000AF
:10FE700018D4590600F1FF3215D49906A0F10202F8
:10FE800011D4D906A0F103020DD41907A0F1040280
:10FE900009D45907A0F1050205D49B07A0F1060279
:10FEA00001D4073870471046704700BFA1B100EB7E
:10FEB000810001E001390FD050F8043D002BF9D04A
:10FEC0004801A0F1200202E00138904206D0002B48
:10FED0004FEA4303F8DA704708467047704700BF9F
:10FEE00078B3032A70B50E461546044601D9052A93
:10FEF0001CD1012E18D8ABB9022D19D0052D17D061
:10FF00004C21204600F06AFE052D88BF4FF0FF32DD
:10FF100013D900200123C4E90826C4E90B00C4E971
:10FF20000D3370BD094870BD094870BD094870BDEA
:10FF300056B94C21204600F051FE074B53F82520BE
:10FF4000E7E74FF470007047044870BD0E00F00002
:10FF50000600F0000200F000BC0507001200F000EF
:10FF6000C8B110B50C4682B18CB9082B0DD15368BD
:10FF7000102B0ED1136843B101238362D2E9001222
:10FF8000103000F025FE204610BD044810BD044886
:10FF900010BD044810BD4FF4700070470400F0001D
:10FFA0000500F0000300F00070B108B5036A013BE2
:10FFB000022B05D831B1102200F00AFE002008BD46
:10FFC000034808BD034808BD4FF47000704700BFE8
:10FFD0000200F0000100F00038B349B31AB338B59D
:10FFE00012F00F051BD1046A24F00404032C01D085
:10FFF00003B31D4613462A4602F0F4FA58B1A0F5A1
:0200000260009C
:100000007100052818D8052816D8DFE800F0050388
:100010000A0303080A4838BD4FF4700038BD094888
:1000200038BD094838BD074870474FF47000704725
:1000300006487047064838BD4FF4750038BD00BF0C
:100040000200F0000A00F0000600F0000800F000D6
:100050000900F000F8B5079F48B30E460546002A90
:1000600035D0994239D8002F41D02B6A23F00401B2
:10007000032906991FD0002932D03968B14233D301
:10008000300703D0012B1CD8EB6A23B3114633464B
:10009000069A284602F0B2FB044660B3A0F571044C
:1000A000052C37D8DFE804F00310251010174FF4A3
:1000B00070042046F8BDA9B139680F2914D9310759
:1000C000E4D0032BE2D1DFE7144C2046F8BD002931
:1000D000C9D0134CEDE7134CEBE7134C2046F8BDA9
:1000E000002ED3D0114CE4E7114C2046F8BD114C42
:1000F000DFE7114CDDE72B6A23F00403032B01D06B
:100100003E60D6E706982946102200F061FD1023D4
:100110003B60CEE74FF47504CBE700BF0200F00070
:100120000800F0000A00F0000C00F0000900F000E8
:100130000D00F0001100F0000600F0002DE9F84F6E
:100140001E460A9B002B6AD00D4600296FD004463C
:1001500000287DD0022E5ED816B10B9B002B79D0E3
:10016000D4F8B872B7F5107F4CD8D4F8BC127B1C09
:10017000994247D895F80090B9F1070F53D8B9F1D3
:10018000050F50D009F006030737022B4FEAD707B7
:100190003CD07B00013393423BD10A9807F1030B1B
:1001A0004FF45D7100F1040A2BF0030800F016FD16
:1001B000414650463B466A1C00F03EFF002838D1BD
:1001C0004FEA9B0B5B46594622465046FFF7B6FD69
:1001D000022855D119F0040F3ED10A9B214603F1A4
:1001E00094004FF4377200F0F3FC4946504600F09B
:1001F000BFFF0446002845D1022E45D00A9A264B5F
:1002000013601CE0254C2046BDE8F88F7B1C934210
:10021000C3D0234CF7E7234C2046BDE8F88F224C8F
:100220002046BDE8F88F214C2046BDE8F88F204CD1
:10023000E9E7204C0A984FF45D7100F0CFFC0B9B6E
:10024000002BE0D04FF46371184600F0C7FCDAE7EA
:10025000194CD8E7194CD6E70A9B7A1C4C33414617
:10026000184698462A443B4600F0E6FE0028E0D1B6
:1002700040465B4659462246FFF760FD0228ACD057
:100280000C4CC0E70E4CD5E70B99504601F04EF8E8
:100290000028B3D00446CDE7010000EC9508F0003B
:1002A0000F08F0001108F0000E08F0000708F00039
:1002B0000D08F0001008F0000208F0001208F0002D
:1002C0003008F0002DE9F04383B0019300283DD0C1
:1002D0001646002A67D002681F46354B9A420446EC
:1002E0001BD18FB3052914D0072912D8D0F84C336D
:1002F000C56C21F0020203F10709042A03F11F0370
:100300004FEAD9094FEA531305F0010522D002291B
:1003100007D0284803B0BDE8F083274803B0BDE804
:10032000F0833A6809F1010842453ED3304645F072
:10033000020500F8015B9B00221D494600F0D2FE39
:1003400048BBC7F80080E5E71C48E3E71C4803B05A
:10035000BDE8F0833A684FEA490808F101084245D0
:1003600023D3042930460CBF0D4645F006059B00FB
:1003700000F8015B221D4946019300F0B3FE50B91D
:1003800009F10100019B04F14C023044494600F0A0
:10039000A9FE0028D5D03046396800F01FFC0023A4
:1003A00008483B60B6E70848B4E70848B2E700BF32
:1003B000010000EC1508F0001A08F0001708F00022
:1003C0001408F0001B08F0001608F0001808F000F0
:1003D0002DE9F04782B0DDE90A98002A5CD01D467D
:1003E000002B5ED0B9F1000F5DD0B8F1000F5CD0EA
:1003F000074600285BD08A46002948D01446184694
:100400004FF44C7100F0EAFB4FF45D71484600F088
:10041000E5FBD4F8BC621F367609B200013E04F158
:10042000D801404605EB860600F0D2FB002373603E
:100430002B1DD4F8BC220093514638464346FFF7A3
:1004400005F90646C8B128464FF44C7100F0C6FBCA
:1004500048464FF45D7100F0C1FB0C9B23B140F6A0
:100460006811184600F0BAFB40464FF4537100F093
:10047000B5FB304602B0BDE8F087204643464A4609
:10048000294603F007FE06460028E6D0DBE7094EC2
:10049000304602B0BDE8F087074E304602B0BDE8F6
:1004A000F087064EE5E7064EE3E7064EE1E7064E27
:1004B000DFE700BF9008F0000208F0000308F0003A
:1004C0000408F0000508F0009108F0002DE9F04163
:1004D000002940D016461F460A682B4B9A420C460C
:1004E00031D1054600283AD00268013B9A422ED10C
:1004F000002E45D0002F45D0069BB3B300F19401E8
:100500004FF4377204F1500000F04AFB0435211D0E
:1005100068BBD4F808333A680733B2EBD30F4FEA1D
:10052000D3081ED3069B2846324600F02FFF044610
:10053000F8B9C7F8008006984FF4537100F04EFBED
:100540002046BDE8F081114C2046BDE8F081104CFA
:100550002046BDE8F0810F4C2046BDE8F0810E4CEE
:10056000F2E70E4CC7F80080EEE70D4CECE70D4CBF
:10057000EAE73968304600F031FB00233B60DAE7F8
:10058000094CE1E7094CDFE7020000EC3408F00019
:100590003208F0003308F0003108F0003808F000AD
:1005A0003708F0003A08F0003508F0003608F0008F
:1005B0002DE9F04F85B0109F08B30C46F9B11646EF
:1005C000EAB19A460E9BD3B1CFB1054603F0E4FFE2
:1005D0002268436AB2EB830F80464FEA830909D34E
:1005E0000F9B994506D1D0F88C30BAEB830F4FEAB8
:1005F000830209D0324B184605B0BDE8F08F314B6D
:10060000184605B0BDE8F08F131F07F1400A3146C8
:100610003846009300F096FD0E994A46504600F089
:1006200091FD009A3968BB58CDE9011323F040438E
:1006300043F08043BB503B6807F1200B23F00703D6
:100640003B60524658464346394602F01BFE039033
:10065000002832D1009A0198029B3860BB5059465D
:10066000D8F82420284600F07DFD039BC4F80090B4
:10067000BE4205D049463846009300F0AFFA009BD1
:100680005D4505D058464946009300F0A7FA009B07
:100690000E9A524505D049465046009300F09EFA06
:1006A000009B009307F160004FF4807100F096FA10
:1006B000009B184605B0BDE8F08F034BD8E700BF9C
:1006C0003123F0003023F0003423F0002DE9F04F07
:1006D00085B00E9F002854D00C46002951D01646F4
:1006E000002A4ED0002F4CD09A46054603F054FF06
:1006F0002268416AD0F88C30B2EB810F80464FEA15
:1007000081094FEA830337D39A4535D1AAF1040B07
:1007100052463146384600F015FD57F80B303A681E
:10072000CDE9012323F0404343F0804347F80B30E9
:100730003B6807F1200A23F007033B60504643461D
:1007400008F12802394602F09DFD0390F0B1174BE5
:10075000BE4205D038464946019300F03FFA019B5E
:1007600055450AD050464946019300F037FA019B9F
:10077000184605B0BDE8F08F0D4B184605B0BDE832
:10078000F08F0C4B184605B0BDE8F08F0199029B25
:10079000396047F80B305146D8F82420284600F03D
:1007A000E1FC039BC4F80090D2E700BF3423F000C3
:1007B0003123F0003023F0002DE9F04782B0002A09
:1007C00037D01E46002B34D0804690B30F4681B3FD
:1007D0000A9B73B30C9B63B30B9B002B43D0144653
:1007E00003F0DAFE3268D0F88C30B2EB830F4FEAB8
:1007F000830A3AD33B68534537D3436A0A981FFAB2
:100800008AF122464FEA83090B9B98470546A8B117
:100810000C984FF4B07100F0E1F94946404600F001
:10082000DDF92046514600F0D9F9284602B0BDE86E
:10083000F087104D284602B0BDE8F0870C9BC7F842
:10084000009039460093224653464046FFF73EFF4C
:1008500005460028DCD10C98C6F800A04FF4B07112
:1008600000F0BCF9E6E7044DE4E7044D284602B089
:10087000BDE8F0873023F0000523F0003123F000BD
:100880002DE9F04F83B060B30C4651B3174642B325
:100890001E4633B30E9B23B30C9B13B30D9B002B4F
:1008A00037D0054604F04EF92168426AB1EBC20F19
:1008B00081464FEA820A4FEAC20B2DD33268524575
:1008C0002AD3DDE90C030E9A1FFA8AF19847804675
:1008D00068B10E98514600F081F9404603B0BDE87A
:1008E000F08FDFF84080404603B0BDE8F08F0E9BEC
:1008F00003F1200200924B460E9A2946384602F038
:100900003DFC80460028E4D1C4F800B0C6F800A041
:10091000DFE7DFF81480E0E7DFF81080404603B03F
:10092000BDE8F08F0023F0000523F0000123F00064
:100930000B2804D8034B53F8203003B1184700208C
:10094000704700BFD40D070030B5042285B00123E5
:10095000C0F8D0200B6068460023CDE90033CDE914
:1009600002330C4600F04EF80546C8B9DDE9003008
:10097000DDE90212E360003BC4E9040118BF012372
:10098000A26108B143F0020309B143F004030AB1C4
:1009900043F00803002228466360A26005B030BD22
:1009A000014800F0E9F8E1E7D405070030B585B06B
:1009B00004460D46104803924FF0FF3100F02EF927
:1009C000039A68B9204600950123002102F098FDA2
:1009D0000446094800F03CF938B9204605B030BD5E
:1009E000064800F0C9F8039AECE7054800F0C4F89F
:1009F000204605B030BD00BF20D50120DC04070033
:100A0000F404070000234FF4FA714FF47A72C0E93E
:100A100000228160C3601846704700BF10B500F027
:100A200039F8A0B900F026F920B1032400F078F8D5
:100A3000204610BD00F086F9034680B90D4A1268C1
:100A4000120EF02A06D0052400F01AF9EEE704246D
:100A5000204610BD0849094A0968914201D0062480
:100A6000F2E7074A0120136000F06CF90446002801
:100A7000DED0E8E728B9025024BA02500000E02096
:100A80000CBA025008B500F0FBF8BDE8084000F0D1
:100A900047B800BF08B5184800F0A4F898B917483F
:100AA00000F0A0F8B8B9164800F09CF8D8B9154B7A
:100AB000124A15481A6000F095F8C0B9134B124A53
:100AC0001A60002008BD124800F056F80B4800F0EC
:100AD00089F80028E7D00F4800F04EF8084800F0E9
:100AE00081F80028E3D00C4800F046F8DFE70B4817
:100AF00000F042F8E2E700BF20D5012014D5012024
:100B000018D5012008D501201CD501200CD50120C5
:100B100004060700200607003C0607005C060700E5
:100B200008B500F03BF80F4800F06AF804210D48C2
:100B300000F054F80C4800F063F80B48042100F072
:100B40004DF80A4800F05CF840B9094800F058F840
:100B5000BDE808400648042100F040B8054800F010
:100B60000BF8F2E720D5012014D5012018D501207B
:100B70001CD501203C060700BFF34F8F0549064BEB
:100B8000CA6802F4E0621343CB60BFF34F8F00BF2B
:100B9000FDE700BF00ED00E00400FA05704700BF6C
:100BA000A2B1013A30B401398518421E002012F872
:100BB000013F11F8014F954283EA040340EA030024
:100BC000F5D1003818BF012030BC7047104670477F
:100BD000C9F7F6B9C9F702BAC9F71ABA0A46002125
:100BE000C9F716BA10B5044610B10020206010BD38
:100BF0000248FFF7C1FF0020206010BD7C060700FF
:100C000010B5044610B10020206010BD0248FFF767
:100C1000B3FF0020206010BD7C06070010B504461D
:100C200080B10123BFF35B8F54E8002F44E800310B
:100C30000029F9D1BFF35B8F012AF3D0BFF35F8F97
:100C4000002010BD0148FFF797FFEAE7A006070064
:100C500010B5044620B1BFF35F8F0020206010BDA7
:100C60000348FFF789FFBFF35F8F0020206010BDAE
:100C7000C0060700014B00201860704784B60120B1
:100C800000207047014B1860704700BF08BA02503F
:100C9000014B1860704700BF04BA025010B50446FB
:100CA00082B0C0B1124A134BC14311601B6801935B
:100CB000019B18420AD1104A20BFBFF35B8F136813
:100CC000BFF35B8F0193019B2342F5D00B4B1C605C
:100CD000019802B010BD0A48FFF74EFF044A054BC9
:100CE0004FF0FF3111601B680193019BE3E700BFE8
:100CF00004BA025000BA025084B6012008BA025069
:100D0000E00607000B490C4B0C4A4FF0FF3008601F
:100D10001B68BFF35B8F52E8001F42E800300028D9
:100D2000F9D1BFF35B8F9942F3D1BFF35F8F044AD0
:100D30001360704704BA025000BA025084B6012012
:100D400008BA025038B54FF0FF3104461E48FFF78D
:100D500065FF08BB1D4A54B11368C3B1012B1CD0F9
:100D6000013B1360BDE838401748FFF771BF1068BA
:100D700058B9174C174B18490125C4F800554FF4C2
:100D800080645C600B68002BFCD101301060BDE812
:100D900038400D48FFF75CBF38BD0F490B68002B8A
:100DA000FCD10B480B49C0F800354FF48063C1F803
:100DB0008430BFF34F8FBFF36F8F084B6FF07E41CE
:100DC00019601368CCE700BF18D5012088B6012050
:100DD00000A0025000E100E010B9025004BA025035
:100DE0002DE9F0410546D0E917301E1AB6FBF3F4A1
:100DF00003FB1464944228BF1446174688469CBBE4
:100E0000984224D0B7FBF3F403FB04F46CB1D5F89B
:100E1000E8302246414628469847064610B93E1B10
:100E2000A0442EB93046BDE8F0813E46002EF9D0F0
:100E3000286E193005EB800032464146FFF7C8FEA8
:100E40002A6E32442A6600263046BDE8F0811A46F2
:100E500005F16401D5F8E830284698470646002891
:100E6000E0D1EB6D2866CDE705F164031844224616
:100E7000FFF7AEFED5E917302044A0443F1B28669B
:100E8000BEE700BF70B5002837D00E46002937D026
:100E9000026E0446DAB91146012363602046D4F895
:100EA000E8309847B0B9D4F8EC302046984705466A
:100EB000C0B923682066032B1CD8144A04F108012A
:100EC00052F823203046FFF783FE284670BD00F11C
:100ED0006401E1E7A0F57203022B13D8A0F5FF35FA
:100EE000284670BDA0F57203022B0BD8A0F5FF3584
:100EF000284670BD064D284670BD064D284670BD7B
:100F0000054DE2E74FF47505DFE700BF1007070066
:100F10000102F0000002F0000502F000F0B5BDB0E3
:100F200004460E466846F02117461D46FFF756FE5A
:100F3000042C2FD8DFE804F030351F2E03000323E4
:100F400000938023294A1793294B2A4C3994CDE9E1
:100F50003A236846A047284CA0421BD032D828B379
:100F6000B0F5720F3BD1254C6846F021FFF736FEF5
:100F700020463DB0F0BD224C224A39940123009313
:100F800040231793204B6846CDE93A23A0471A4CDB
:100F9000A042E3D11D4CE7E7194C1A4A39940023CB
:100FA000EDE7174C174A39940223E8E78FB1DEB119
:100FB000019BBBB93A4631466846FFF711FFA04294
:100FC000E8D004D9124B984209D1124CCCE7002842
:100FD000C6D129466846FFF755FF0446C4E74FF4DB
:100FE0007504C1E70C4CBFE70C4CBDE7313306007C
:100FF000BD330600FD3206000100F2000002F000E1
:1010000001140600551406007D1606000102F000CA
:101010000200F2000202F0000C02F0000302F000F5
:101020003AB10A44013812F8013D00F8013F8A4202
:10103000F9D10020704700BF002A48D02DE9F041C7
:101040000446002845D015465A1E053234D811F002
:10105000030631D18B422FD8CF1C27F003028A42DE
:1010600032D8A2EB030840441A462946FFF7B2FDE6
:10107000414620464FEA9708FFF7B0FDB8F1010F4F
:101080001DD0FF0804EB87000438231F04EB8805FC
:1010900053F8042F55F8041D12BA09BA8342196097
:1010A0002A60F5D118F0010007D054F827301BBA98
:1010B00044F82730002000E00748BDE8F0812368AD
:1010C0001BBA30462360F8E70448BDE8F0810448C5
:1010D00070470348F1E700BF050DF000090DF0006F
:1010E000040DF00030B40AB300B3DBB113F0030514
:1010F00018D18B4216D3A9B1904208D002D913441B
:10110000984217D3904202D243189A4212D91144FE
:10111000431E11F8014D03F8014F8A42F9D12846C8
:1011200030BC7047044D284630BC7047034D2846FC
:1011300030BC7047024DF6E7050DF000040DF000DD
:10114000060DF00088420CD030B413466FF04045D5
:10115000033305EB9303002540F8235030BCFFF721
:1011600039BD7047814202D09200FFF733BD70470E
:10117000F0B50446D0F848038DB000F11F062023D7
:10118000B6F5187F00937ED20F46694601F070FDD8
:10119000054610B128460DB0F0BD7609334604F17E
:1011A0009002012101F0A4FE01210846052304F567
:1011B000127201F09DFE334622460121022001F009
:1011C00097FE334604F1D8020121042001F090FE7D
:1011D00004F5907233460121052001F089FE424A50
:1011E00013680193019BDB07FAD5404B40493E4A07
:1011F000196013680293029BD807FAD53B4B3D490F
:10120000394A196013680393039BD907FAD5374B02
:101210003949354A196013680493049BDB07FAD5F2
:10122000324B364A1A6007F00603022B2FD004F126
:10123000480233460121032001F05AFE2A4A13686E
:101240000593059BDC07FAD5284B2D49264A1960E2
:1012500013680693069BD807FAD5244B29492A4AD6
:10126000196013680793079BD907FAD5274A284BBB
:10127000126812F4805F08BF1D46009801F0E2FD7D
:1012800028460DB0F0BD234D28460DB0F0BD02F04C
:10129000B1FA002826D01C4A13680893089BDB0784
:1012A000FAD51D4B184A196813680A930A9BD80788
:1012B000FAD51A4A1A4B11601B680993099B5F40C3
:1012C000F90708D5343A13680B930B9BDB07FAD563
:1012D000064B144A1A60314604F14800032201F01B
:1012E000DBFDCAE7104DC8E7B0B0025080B0025035
:1012F00080210888804118318061088800511831A8
:1013000080310C8800681051B4B0025088B002508F
:101310001008F0000F08F0000CB00250E4B00250CA
:10132000DCB00250C03000294021F00070B5D0E997
:10133000D2421F3484B0640900F148030D4601EB2A
:1013400084061F3201EBC4010391009300F5B471D0
:101350000346CDE901565209903001F053F870B9B7
:1013600030462146FEF7A2FD30B921462846FEF759
:101370009DFD08B904B070BD024804B070BD0248BC
:1013800004B070BD1008F0003008F0002DE9F04303
:10139000D0E9D2451F3485B0640903EBC40E1E4664
:1013A00003EB84071F3500F148030093CDE9027E6B
:1013B00003460196904690306A0901F023F80546ED
:1013C00040B130464FF45371FFF708FC284605B092
:1013D000BDE8F08338462146FEF768FD60B121463E
:1013E0003046FEF763FD38B14FEA84094A4640466D
:1013F0003146FFF715FEE4E7004DE2E72008F10073
:10140000E8B110B50468012C04D0022C10D044B10E
:101410000C4810BD0C4908302022FFF7D9FB0020F2
:1014200010BD0A4908301422FFF7D2FB204610BD38
:10143000074908302022FFF7CBFB002010BD4FF4F6
:10144000720070470100F2005407070020070700F0
:1014500034070700002800F0DE80F8B503680E4668
:1014600015460446002B00F0B480013B012B00F22E
:10147000C3806A484FF0FF310227FFF7CFFB0028F7
:1014800040F0B0800020FFF75DFC002840F0BB80FA
:10149000634A1368002BFCD1624A1368002BFCD10D
:1014A00061480368002BFCD14FF0FF30FFF7EAFBE7
:1014B0005E4B186820F04000FFF7EAFB5C485D4A8D
:1014C0005D4901230360072010600B60A2F59A724A
:1014D000A36C1360594BE16C51601F6023685BB1D2
:1014E000013B012B17D8564B626A1A60226A43F8F7
:1014F000042CE26943F8082C524BA2691A60626915
:1015000043F8042C226943F8082CE26843F80C2CB9
:10151000A26843F8102C434A1368002BFCD1002D1D
:1015200053D06368012B04BF474A1360474A484BB6
:10153000166040201D60FFF7B1FB3A4A1368002B8C
:10154000FCD1394A1368002BFCD123685BB1013B05
:10155000012B17D83A4A3F4B126862621A6822621E
:10156000043B1B68E361374A3B4B1268A2611A686F
:10157000626153F8042C226153F8082CE2600C3BA2
:101580001B68A360354A364B1268A2641B682A4D5B
:101590002D483449E364234A002301242C6003606E
:1015A0000B601368002BFCD12149204A0B601068A6
:1015B00040F04000FFF76CFB0120FFF7C3FB30BB9E
:1015C0001648FFF745FBC8B9F8BD264B04221A6040
:1015D000B3E712484FF0FF310127FFF71FFB002848
:1015E0003FF450AF2048FFF7C7FA0020FFF7AAFBEF
:1015F00000283FF44DAF06E01C48F8BD1C48FFF73B
:10160000BBFA0020F8BD1B48FFF7B6FA40E71A48BE
:10161000FFF7B2FAD4E74FF47200704720D50120EB
:101620001CB9025010B9025020BC025004BA02503A
:1016300018B8025000B90250C4B70250C0B70250E7
:101640005CB6025050B6025084B6025028BC02501C
:101650002CBC025058B602504CB60250CCB70250C7
:10166000D0B70250C8B70250DC0407000100F200F6
:10167000F40407000C0507002C05070000283BD0E8
:10168000F0B482B0436A0193836893FA83FC019BB0
:10169000D0E90712D0E90376D0E905541BBA4362BA
:1016A000436C019309BA836AC16112BA02623FBAFC
:1016B000D0E90F1236BA2DBA24BAC0E902C7C0E980
:1016C0000465C76A066B456B846193FA83FC846B7F
:1016D000019B3FBA36BA2DBA24BA09BA12BA1BBA5C
:1016E000C0E90AC7C0E90C65C0E90E41C0E9102392
:1016F000002002B0F0BC70474FF47200704700BF8A
:101700002DE9F04F97B0DDE920744FEA043E4EEA30
:10171000844E4EEA83149D4D44F0045C9C012E6877
:101720000096009EF607FAD5229DDFF86482974E58
:10173000C8F800C0920142EA834242EA053545F00A
:1017400010454FEA834832680192019AD207FAD5D0
:101750008F4ADFF838C215604EEA811E4EF0104EF7
:101760008E01DCF800200292029AD507F9D53D03DC
:1017700045EA8745864A854FC2F800E044EA0509F4
:1017800049F004593A680392039AD207FAD5804A7D
:10179000DFF8F8E1C2F8009044EA033C48EA0C079D
:1017A00047F004574FEA033ADEF800200492049A07
:1017B000D207F9D5764ADFF8D4E117604CEA8149BF
:1017C00049F010498F04DEF800200592059AD207EF
:1017D000F9D56F4ADFF8B4E1C2F8009045F0104542
:1017E00045F48075DEF800200692069AD207F9D5F6
:1017F000DFF89CE1674ADFF89491CEF8005042EAA6
:1018000080124FEA801ED9F800500795079DED071A
:10181000F9D5DFF87CB1DFF884915C4DCBF800207E
:1018200049EA00394FEA003B2A680892089AD20731
:10183000FAD5574DC5F80090239A574D45EA82498D
:10184000524A12680992099AD507F9D5504A4F4D64
:10185000C2F800904CF0245949F400192A680A9201
:101860000A9AD207FAD54A4D484AC5F800904EEA7E
:10187000030343F0484343F4821315680B950B9D13
:10188000ED07FAD54EEA0B05DFF804E13F4ACEF842
:10189000003045EA080545F0045513680C930C9B8D
:1018A000DB07FAD53A4B394A1D604CEA804040F0DC
:1018B000045013680D930D9BDD07FAD5344BDFF808
:1018C000E0C0324A18604AEA0C0C13680E930E9B73
:1018D000D807FAD52E4B2D4DC3F800C047EA013783
:1018E00046EA070C4CF004500A032B680F930F9B39
:1018F000DB07FAD5264B254D18604CF0104C2B68B1
:101900001093109BDB07FAD5214B204DC3F800C084
:101910002B681193119BDB07FAD51D4B1B4D1860EB
:10192000274347F004572B681293129BDB07FAD525
:10193000174B16481F60239B44EA080444EA03340B
:1019400044F0104403681393139BDD07FAD5104B42
:101950000E481C60324342F0245242F410120368D5
:101960001493149BDC07FAD5094B08481A600E4300
:1019700046F0484646F4A21603681593159BDB070C
:10198000FAD5034B1E6017B0BDE8F08FB0B002501F
:1019900080B00250004010210041002100011021C0
:1019A000400128292DE9F04F9FB0AF4F2D9D289E73
:1019B0002C0344EA854C4CEA831C4FEA854E019483
:1019C0004CF0104C9D013C680494049CE407FAD54B
:1019D0004FEA801BA54F4BEA033848EA8646DFF8FA
:1019E0008882C7F800C046F010461F03D8F80040B0
:1019F0000594059CE407F9D5DFF87082DFF868C22A
:101A00004BEA00340294C8F8006044F0245848F4CB
:101A10000018DCF800400694069CE607F9D5DFF8CC
:101A20004C92914EC9F8008045EA070C4EEA0C0E24
:101A30004EF0104E34680794079CE407FAD5299CB1
:101A4000DFF82892DFF82082C9F800E047EA811623
:101A500046EA84468C0146F010460094D8F80040CF
:101A60000894089CE407F9D5009CDFF80082DFF8B1
:101A7000F891C8F8006044EA013E4EF0245848F45A
:101A80000018D9F800400994099CE607F9D52A9C6A
:101A9000DFF8D891744EC9F800804FEA043A4AEA58
:101AA000844A2A9C4AEA050A4AF0104A4FEA8449C5
:101AB00034680A940A9CE407FAD52B9C47EA8446CA
:101AC00006430396694E684CC6F800A0039E46F094
:101AD000484A4AF0C00A26680B960B9EF607FAD5CC
:101AE000624C614EC4F800A049EA0C0A4AF0104A60
:101AF00034680C940C9CE407FAD52C9C47EA844685
:101B00000E430396594E584CC6F800A0039E2E4330
:101B100046F0484A26680D960D9EF607FAD5019CB8
:101B200044EA8216514C46EA09094F4EC4F800A017
:101B300049F010494FEA821A34680E940E9CE4076B
:101B4000FAD54A4C484EC4F800904AEA824A4AF014
:101B5000104A4AF4405A4FEA824934680F940F9C65
:101B6000E407FAD5414E404CC6F800A0266810960E
:101B7000109EF607FAD53D4EDFF8F8A03A4CC6F8AD
:101B800000A026681196119EF607FAD5374EDFF8A9
:101B9000E8A0354CC6F800A026681296129EF607FB
:101BA000FAD5324EDFF8D4A02F4CC6F800A04EF084
:101BB000104E4EF4402E26681396139EF607FAD563
:101BC0002A4E2B4CC6F800E044EA804E30368004A2
:101BD00034681494149CE407FAD547EA8347DFF885
:101BE0008CA0214CCAF800E04BEA070646F04846B4
:101BF00046F003064FEA834A23681593159BDB07DB
:101C0000FAD5DFF868E0184CCEF80060029B43F08C
:101C1000045646F4801623681693169BDB07FAD504
:101C2000124CDFF844E02660DEF800301793179B73
:101C3000DC07F9D50D4CDFF830E0266040F00450A9
:101C400040F48240DEF800301893189BDB07F9D58A
:101C5000009B054C4AEA01011943044B41F04841FD
:101C6000186041F480410BE0B0B0025080B00250E7
:101C70000041009000310C90C0400C90C0302029F1
:101C800023681993199BDE07FAD5194B1948196077
:101C900003681A931A9BDC07FAD5154B1549C3F84C
:101CA000008049EA02322A4342F010420B681B933B
:101CB0001B9BD807FAD50E4B0E491A602F4347F0ED
:101CC00010470B681C931C9BDA07FAD5084B094A8E
:101CD0001F604CF0104141F4301113681D931D9B9F
:101CE000DB07FAD5024B19601FB0BDE8F08F00BFCB
:101CF00080B00250B0B002502DE9F04F99B0DFF83B
:101D000070C2269C239D270347EA844949F0104668
:101D100046F0800699464FEA844EDCF80030019385
:101D2000019BDC07F9D5914B914C1E604FEA894924
:101D300049EA801949F0104646F400564FEA801AE5
:101D400023680293029BDB07FAD5884B884C1E6000
:101D50004AEA003C4CF0245646F4001623680393EC
:101D6000039BDB07FAD5814B814C1E604EF0104679
:101D700046F4025623680493049BDB07FAD5229BA2
:101D80007B4C4FEA834E4EEA811E784B4EF0104E4C
:101D90001E604EF4005E8E0123680593059BDB07F1
:101DA000FAD5724B724CC3F800E046EA013949F0AB
:101DB000245B4BF4001B23680693069BDB07FAD5D4
:101DC0004FEA053E694B6A4CC3F800B04EEA854EB7
:101DD0004EF0104E4EF0800E4FEA85482368079370
:101DE000079BDD07FAD5249B604C40EA834545F00C
:101DF00048455F4BC4F800E045F403551C6808945F
:101E0000089CE407FAD5594B594C1D6048F0104521
:101E100045F4025523680993099BDB07FAD5259BF6
:101E2000DFF848E1524CCEF8005041EA834343F0DA
:101E3000484545F4025523680A930A9BDB07FAD507
:101E400047EA8217494B4A4C1D6047EA080848F0A8
:101E50001047950123680B930B9BDB07FAD5434B87
:101E6000434C1F6045EA824242F0104242F4405225
:101E700023680C930C9BDD07FAD53C4B3C4C1A6055
:101E800023680D930D9BDA07FAD5384B394C384A45
:101E90001C6013680E930E9BDB07FAD5334B364C50
:101EA000334A1C6013680F930F9BDF07FAD52F4B43
:101EB000324C1C602E4A49F0104444F4402413680C
:101EC0001093109BDD07FAD5284B2D4D284A1C6036
:101ED00045EA8045800413681193119BDC07FAD50D
:101EE000224B284C224A1D604AEA040413681293CC
:101EF000129BDB07FAD51D4B1D4A1C604CF00454A5
:101F000044F4801413681393139BDF07FAD5174B1F
:101F1000174A1C6013681493149BDD07FAD5134B02
:101F2000134A1C6040F0045040F48240136815933B
:101F3000159BDC07FAD50D4B0D4A18600E4346F091
:101F4000484646F4042613681693169BD907FAD51B
:101F5000064B074A1E6013681793179BDB07FAD5D9
:101F6000024BC3F800B019B0BDE8F08F80B002504A
:101F7000B0B0025000310C90C0400C90C03020290D
:101F800000410090032008C82DE9F043974AABB008
:101F900013680993099BDF07FAD5954B9549934A36
:101FA000196013680A930A9BDE07FAD5904B924991
:101FB0008E4A196013680B930B9BDD07FAD58C4B87
:101FC0008E498A4A196013680C930C9BDC07FAD57A
:101FD000874B8B49854A196013680D930D9BD80771
:101FE000FAD5834B8749814A196013680E930E9B7B
:101FF000D907FAD57E4B844A1A601B2000F030FDC9
:102000000446182000F02CFD8442784A09D9136850
:102010000F930F9E16F00106F9D0754B7B4A1A609C
:1020200009E013681093109BDB07FAD5704B784AD0
:102030001A60044600266D4A13681193119BDF074E
:10204000FAD56B4B7349694A196013681293129B56
:10205000DD07FAD5664B704A1A601C201D21182234
:102060000B238DE80F000F230E220D210C20FFF70C
:1020700047FB01340C200D210E220F238DE80F00A9
:1020800024F001041323122211211020FFF738FB42
:102090000125A11E08AB07AA1B20089500F02CFD06
:1020A000022800F06A81032800F04081012800F036
:1020B000168100274D4A13681F931F9BDB07FAD533
:1020C0004B4B5649494A196013682093209BDD0702
:1020D000FAD5474B5249454A196013682193219B11
:1020E000D807FAD5424B4F4A1A60043C39D44FF016
:1020F000170916254FF01A0815211420CDE9000103
:102100001A231622CDE90259FFF7FAFA14200346E2
:102110008DE82201162201F043FE08AB07AA2146F2
:102120001B2000F0E9FC00EB87000430072816D8DC
:10213000DFE800F0A1A8A59D99958404122711223B
:10214000102315211420CDE904270393CDE90001C4
:10215000029517231622FFF725FC4FF0FF37023CAC
:10216000CAD519201C21162215231824CDE90121D6
:10217000CDE9030400930E2214230D210C20FFF758
:10218000BBFD1A4A002F40F0818013682693269BDE
:10219000DC07FAD5164B2449144A196013682793B3
:1021A000279BD807FAD51248204B2149214C0F4ACA
:1021B0000460002E14BF1E460E4613682893289B09
:1021C000D907FAD50A4B094A1E6013682993299B3F
:1021D000DB07FAD5064B184A1A6018231D221C216A
:1021E000012001F0F1FE2BB0BDE8F083B0B0025049
:1021F00080B0025000020021008220214082202174
:102200008082242140066E4900966929C0066649ED
:10221000C0066249000662410016624940D6212983
:10222000C0D32029C0142129C0552129400756496F
:1022300040075E490007524900065A490E270D2201
:102240000C2315211420CDE904270393CDE90001C7
:10225000029517231622FFF7A5FB00277FE7182713
:102260001D221C23EDE718271D221C2369E71827D0
:1022700019221C23E5E7122713221023E1E70E277A
:102280000F22DDE70E270F220C235AE71368229353
:10229000229BD907FAD54C4B4C494D4A196013681B
:1022A0002393239BDB07FAD547484A4B4A494B4CBB
:1022B000474A0460002E14BF1E460E46136824933E
:1022C000249BDF07FAD5404B414A1E6013682593D3
:1022D000259BDD07FAD53C4B414A1A607DE73C4A15
:1022E00013681393139BD807FAD5374B3D49384AE7
:1022F000196013681493149BD907FAD5324B3A49E5
:10230000334A196013681593159BDB07FAD52E4BDA
:1023100036492F4A196013681693169BDF07FAD5C2
:10232000294B334A1A604FF0FF37C3E6284A136837
:102330001B931B9BDF07FAD5234B2E49244A1960B8
:1023400013681C931C9BDD07FAD51F4B2A49204AB2
:10235000196013681D931D9BD807FAD51A4B27499E
:102360001B4A196013681E931E9BD907FAD5164B9A
:10237000234A1A604FF0FF379CE6154A13681793FB
:10238000179BDD07FAD5104B1649114A19601368DF
:102390001893189BD807FAD50B4B13490C4A1960B0
:1023A00013681993199BD907FAD5074B0F49084AA7
:1023B000196013681A931A9BDB07FAD5024B0C4A73
:1023C0001A60002776E600BF80B00250C0D32029F3
:1023D000B0B002504007364940073E490007324935
:1023E00000063A49000532494005364980053A4918
:1023F000C0053E49000542494005464980054A4915
:10240000C0054E492DE9F04F0D4687B004461146F0
:10241000284600929846FDF749FDD4F8BC32009951
:1024200004F1D80A1F3306465B0952462846FDF7D9
:1024300085FC002E70D001286ED0D4E9AEB0394BA7
:10244000584593F91A2093F91CC000924FF02007C9
:1024500093F91B2093F91D30059738BF584605A9FD
:102460000192CDF808C0039300F002FC074618B1B2
:10247000384607B0BDE8F08F2B490BF11F094FEA32
:1024800059194B46C1F800B02246012100F030FD39
:102490000121084604F5DC72052300F029FD4B46B6
:1024A00004F1480201210B2000F022FDD4F8BC32D7
:1024B0009DF808409DF800001F3352465B099DF8C7
:1024C0000CA0012100F014FD42464B46204601219C
:1024D00000F00EFD109A4B465046012100F008FD19
:1024E00006F11F035B099DF804002A46012100F054
:1024F000FFFCFFF749FD11982246494600F0CCFC4D
:1025000012985246494600F0C7FC059800F09AFC24
:10251000384607B0BDE8F08F044F384607B0BDE835
:10252000F08F00BF7407070090B002503008F10030
:1025300038B5224B224A0121054619601368002B49
:10254000FCD1204A1368002BFCD11F4A1368002BD2
:10255000FCD11E4A1368002BFCD11D4B1C68002CBB
:10256000FCD14FF0FF30FEF78DFB2B6A23F0040304
:10257000032B184B18680CBF20F0400020F080009F
:10258000FEF786FB144B00221A602B6A23F004022C
:10259000032A18BF6C6A114A4FEA830318BF04F07C
:1025A000010403F01C031C4314602B6A072B02D1A7
:1025B0000B4B01221A60002038BD00BF00B9025049
:1025C00070B4025020BD025020BC025038BD0250F1
:1025D00038BC025004BA0250BCB40250C0B402501D
:1025E0007CB40250002800F0BF80F8B51D46436B54
:1025F0000E4617460446002B35D0012B02D1B5F507
:10260000803F33D265484FF0FF31FEF707FB0028CB
:1026100057D10020FEF796FB00284ED1604B0122D7
:102620001A60236A032B28DC002B28DA5D4A136822
:10263000002BFCD15A4A1360236A23F00403032BB6
:10264000594B18680CBF40F0400040F08000FEF786
:102650001FFB0120FEF776FB002836D14F48FEF71E
:10266000F7FA28B9F8BDB5F5805FCBD34F48F8BD70
:102670004F48FEF781FA0020F8BD072BD6D1636AD8
:10268000012BD3D8636B012BD0D8A36B012BCDD8F2
:102690002046FFF74DFF0028C8D1A36A012B6CD05C
:1026A00033F0020263D0236A5A1E062A1BD8DFE8E1
:1026B00002F0104B101A1A1A10003E48FEF75CFA8E
:1026C000ACE73D48FEF758FAA3E73C48FEF754FA5A
:1026D000C4E73B4B22681A6062685A60A2689A603D
:1026E000E268DA60236A23F00403032B31D0A36B82
:1026F000012B4CD0334A344B176020201D60636B94
:10270000012B2CD0314A324B16601D60FEF7C6FA01
:10271000244A1368002BFCD1236A013B062B10D8F6
:10272000DFE803F00414040F0F0F0400244A294BC0
:10273000126822601A6862605A68A26008331B68D7
:10274000E3600123236371E7234BC3E7224A234B52
:10275000EEE7636B012B01D01020D3E74020204A25
:10276000204B16601D60D1E74FF4710070471E4981
:102770001E4A0B600123136095E71D4B22691A6006
:1027800062695A60A2699A60E269DA608BE7194A65
:10279000194B176080201D60B1E700BF20D50120D4
:1027A00010B8025010B9025004BA02500500F100EE
:1027B000F40407000C050700DC0407002C050700E3
:1027C00040B4025030BD025034BD025030BC025003
:1027D00034BC025044B4025060B4025064B402509D
:1027E00028BC02502CBC025038BA025078B40250B7
:1027F00000B4025028BD02502CBD02502DE9F0411A
:10280000002800F081801D46036A072B0F4604460E
:1028100016D055B9032B0FD1036B6BB9C0E90F5517
:10282000C0E9115500F13C0710252B4639462046DA
:10283000BDE8F041FFF7D6BE2E463046BDE8F08138
:10284000436B002B37D1B5F5805F39D215B9236BB7
:10285000002B35D167484FF0FF31FEF7DFF9002834
:1028600040F097800020FEF76DFA002840F0998034
:10287000614B01221A60236A032B23DC002B23DA2D
:102880005E4E5F4A1368002BFCD15B495D4A0B60CA
:10289000106840F04000FEF7FBF90120FEF752FA05
:1028A00000287AD15348FEF7D3F90028C5D05648FE
:1028B000FEF762F9C1E7012BC8D1B5F5803FC5D35A
:1028C000524EBAE7072BDBD1636A012B78D8636BD2
:1028D000012B57D8A36B012B00F284802046FFF711
:1028E00027FE06460028CCD1A36A012B6AD033F01C
:1028F000020271D0236A013B062B13D8DFE803F0F4
:1029000009440912121209004FF471063046BDE85D
:10291000F0813F4B22681A6062685A60A2689A6030
:10292000E268DA603B493C4A01230B601560002DE8
:102930003BD1226B0AB9394A1360314B1E68002E15
:10294000FCD1236A013B062B9BD801A252F823F04D
:102950006D2906008D2906006D29060083280600D2
:1029600083280600832806006D290600284A2C4B80
:10297000126822601A6862605A68A26008331B6895
:10298000E3607EE7274E7CE7274BC3E7264A274BC9
:10299000EEE72748FEF7F0F864E72648FEF7ECF884
:1029A00080E72548FEF7E8F862E7636B012B1BD050
:1029B000224A234B176010201D60FEF76FF9BCE719
:1029C000204E5EE7204B22691A6062695A60A26954
:1029D0009A60E269DA608DE71C491D4A0B600123A9
:1029E000136087E71B4E4CE71B4A1C4B17604020C7
:1029F0001D60E2E720D5012010B802500100F1006F
:102A000010B9025004BA0250F40407000500F100A6
:102A100040B402507CB40250BCB4025024B5025001
:102A200044B402500300F10060B4025064B4025098
:102A3000DC0407002C0507000C05070030BC025021
:102A400034BC02500200F10000B4025038BA025007
:102A500078B402500400F10028BC02502CBC025093
:102A600030B4214A84B013680093009BDC07FAD588
:102A700000F1A05303F52C439B001B4A1868136810
:102A80000193019BD907FAD5184B1A6812F11F035D
:102A900048BF02F13E035B11591E0FD4124A144D78
:102AA000144C13680393039BDB07FAD50B182B60B8
:102AB00023680293029B2BB90139F2D2580104B06A
:102AC00030BC704701314801A0F120014FF00042B5
:102AD00002E001388142F2D013424FEA5202F8D0AC
:102AE00004B030BC704700BFB4B00250ACB002506C
:102AF000E4B00250DCB0025070B41C6885B001F044
:102B00001F0644B91E2E06D01068F04000F00300E6
:102B100005B070BC70470F4D2C680194019CE40710
:102B2000FAD500F1A05404F52C44A400094D206806
:102B30002C680394039CE407FAD5074C00EB611161
:102B40000648216001680291029911600021196014
:102B5000DAE700BFB4B00250E4B00250DCB002507B
:102B6000A0F12003B3F5426F61D8F0B48F2882B092
:102B700053D900F11F035B095B013F339B0901330C
:102B800011B18B4255D80B46DC004FF48051B1FB9C
:102B9000F4F1202928BF202102B11160264C274DD5
:102BA0000126002226600239144603FA06F640F692
:102BB000FC778C4204F10104B6BF2A602F609219A1
:102BC0001E2C05F10405F4D11D4C1E4D226032442B
:102BD0002A6000F13F011C4A1C4DDFF890C0E560FF
:102BE00021F03F0110604031194F1A4E1A4D1B4819
:102BF000CCF800109B011A493B6033602B60E36204
:102C00000360D3610A680192019AD207FAD5154A86
:102C10000020136002B0F0BC704700F1470400F1DF
:102C20006603E4064FEA5313A6D00133A4E70E4827
:102C300070470D48EEE700BF1CB8025000B00250CC
:102C400078B002507CB0025090B0025020F80F00D3
:102C500098B002509CB00250A0B00250A8B00250F0
:102C6000B4B00250ACB002502221F00094B0025037
:102C700038B504460D4619484FF0FF31FDF7CEFF39
:102C800060B90020FEF75EF880B920462A46002190
:102C9000FFF766FF0446A0B9204638BD1048FDF78F
:102CA0006BFF0020FEF74EF80028EED00D48FDF730
:102CB00063FF20462A460021FFF752FF0446002802
:102CC000EAD00120FEF73EF820B90448FDF7C0FF26
:102CD000204638BD0448FDF74FFFF6E714D5012024
:102CE000DC0407000C0507002C0507002DE9F04364
:102CF0004E4C89B023680193019BDD07FAD54C4BFC
:102D000013449B000A181D681E2A05F11F0588BF81
:102D10001E224FEA551502FB05F288BFC0F11E01C5
:102D2000B2F5806F04D94FF48061B1FBF5F1091A57
:102D3000002976DD00F1A05000F52C4005F1010ED0
:102D40004FF0000C394ADFF8F4803A4C87002EF03F
:102D50000106604613680293029BDB07FAD5D7F899
:102D6000009013680393039BDB07FAD5C8F8009023
:102D7000002355B101339D422060FBD1AE4204D9FE
:102D80002B4601339E422060FBD10CF1010C6145C2
:102D900007F10407DED1254A13680493049BDC077E
:102DA000FAD5254B214A196813680593059BD80766
:102DB000FAD5224B19607DB100231E491A46013312
:102DC0009D420A60FBD1AE4206D91A492B46002229
:102DD00001339E420A60FBD1144A13680693069B96
:102DE000D907FAD5164B114A196813680793079B40
:102DF000DB07FAD5114B196035B100230D491A468E
:102E000001339D420A60FBD1AE4207D9094A002333
:102E100001E00EF1010E76451360FAD109B0BDE86C
:102E2000F08305F1010E2EF00106B4E7B4B00250B4
:102E300024AC0014D8B002507CB00250D4B0025080
:102E400078B0025008B558B90F4B00221A60012023
:102E5000FDF778FF98B90D48FDF7FAFE50B908BDA7
:102E6000202801464FF0070228BF20210020FFF74D
:102E70003DFFE9E7BDE808400548FDF77DBE054890
:102E8000FDF77AFEE7E700BF1CB8025014D5012019
:102E9000F40407002C05070010B4124C85B0236819
:102EA0000193019BDB07FAD502F1A05202F52C42F7
:102EB00093000C4A1C6813680393039BDB07FAD545
:102EC000094B1C6051B10438084A00EB81011368BA
:102ED0000293029B40F8043F8842F8D105B05DF8A8
:102EE000044B7047B4B00250E4B00250DCB0025062
:102EF00070B42F4D85B02C680094009CE407FAD57F
:102F000000F1A05000F52C408000294C0568206895
:102F100001900198C607FAD52648012605609BB1A5
:102F2000043A254E02EB830452F8040F3060A242AB
:102F3000FAD15E1C26F00102934205D21E4C0020FD
:102F4000013393422060FBD1194A26F00100136837
:102F50000293029BDC07FAD5184B0B449B001B68BD
:102F60001F33B0EB531F4FEA53121DD210490B68A9
:102F70000393039BDB07FAD50E4B0544121A1D6021
:102F800012D000230C481946013393420160FBD153
:102F90005A1C22F00101994206D90748002300E09B
:102FA00001328A420360FBD105B070BC704700BF9C
:102FB000B4B00250D4B00250D8B0025024AC0014C7
:102FC0002DE9F04784B09A460C9C8146884610460D
:102FD0001946656A1646FCF769FFBAF1000F00F062
:102FE000BA802B462246072107460020FFF780FFC4
:102FF000052304F2D44207210120FFF779FF2B4675
:1030000004F5EA7207210C20FFF772FF2B4604F546
:10301000FA7207210D20FFF76BFF2B4604F50572AE
:1030200007210E20FFF764FF2B4604F50D720721E0
:103030000F20FFF75DFF2B4604F5157207211020C6
:10304000FFF756FF2B4604F51D7207211120FFF7ED
:103050004FFF2B4604F5257207211220FFF748FF8A
:103060002B4604F52D7207211320FFF741FF2B4655
:1030700004F5357207211420FFF73AFF2B4604F5BB
:103080003D7207211520FFF733FF2B4604F54572EB
:1030900007211620FFF72CFF2B4604F54D72072160
:1030A0001720FFF725FF2B4604F2144207210820C2
:1030B000FFF71EFF2B4604F2344207210920FFF7D9
:1030C00017FF04F254422B4607210B20FFF710FF95
:1030D000234A13680093009BDB07FAD5214B224952
:1030E0001F4A196013680193019BD807FAD51D4B3D
:1030F0001E491B4A196013680293029BD907FAD52F
:10310000184B1B49164A196013680393039BDB078E
:10311000FAD5144B174A1A60072104F27442084684
:103120002B46FFF7E5FE3946304601F003FC044626
:1031300018B1204604B0BDE8F08748462946102261
:10314000FFF7AAFE404629461122FFF7A5FE2046BA
:1031500004B0BDE8F087084C204604B0BDE8F08715
:10316000B0B0025080B0025080022A4780122A4F2D
:1031700080010021806118210223F0002DE9F04F29
:1031800087B05C6A109D16464FEA84090F464FF0DF
:10319000000C9A4680464A4631462B460420039747
:1031A000CDF814C0FDF7BAFE074660B104EB440445
:1031B000A1002846FDF712FD0598FFF743FE3846AB
:1031C00007B0BDE8F08F2B484FF0FF31FDF726FD2B
:1031D00000284AD10020FDF7B5FD002841D11E236B
:1031E000DAF82000059305AA0021FFF7B9FCB0BB6F
:1031F0002B68CDF800A023F00703A9F1040A2B6087
:1032000055F80A3023F0404343F0804305EB090BA7
:1032100045F80A30594623462A4605EB4900FFF790
:10322000CFFE07460028C1D15BF824105BF80A20C6
:1032300042EAC1723146039E4BF80A2030464A46A4
:10324000FDF7C6FC224659464046FDF78BFF334644
:103250004B444A4641461846FDF7BAFCA6E7064FDE
:10326000A4E70648FDF788FCB9E70548FDF784FCAC
:10327000B0E700BF14D501203323F0000C05070090
:10328000DC0407002DE9F04184B007460E460D240A
:10329000174803944FF0FF3190461D46FDF7BEFCE2
:1032A00010BB0020FDF74EFDD0B9286A03AA00210B
:1032B000FFF756FC044660B9D5F88C103046FCF791
:1032C000F5FD0095024643463146384601F032F995
:1032D00004460398FFF7B6FD204604B0BDE8F08130
:1032E0000448FDF749FCE0E70348FDF745FCD8E753
:1032F00014D501200C050700DC04070078B110B5D7
:103300000368032B044601D0064810BD064940223D
:103310000830FDF75DFC054BA365002010BD4FF4A0
:10332000720070470100F2009407070078563412CB
:1033300000283CD02DE9F0431E4B9046826D9A4206
:10334000A1B0064603D01C4821B0BDE8F083D0F8F8
:103350005C90B8FBF9F707FB09F30C460422D9008F
:10336000483001F01FFC14F0030514D0C1450ED8FD
:10337000F26D002521466846FDF72AFC6946304675
:1033800001F056FC0135F26DAF421444F2D8002032
:1033900021B0BDE8F083C145F9D82146304601F09F
:1033A00047FC0135F36DAF421C44F6D8EFE74FF40C
:1033B00072007047785634120200F200002800F0C4
:1033C00098802DE9F0414C4B826D9A42E0B08046E6
:1033D00003D04A4860B0BDE8F081016E00F14805B5
:1033E0002846C900042201F0DDFBD8F8543020A89B
:1033F0004FF4807200211CBAFDF7EEFBD8F85C2078
:10340000E308B3FBF2F402FB1434141B102C98BF36
:10341000A41820ABA4F110001844294610228025DE
:103420008DF88050FDF7D4FB2A46684608F1640108
:10343000FDF7CEFBD8E917230DEB05010DEB0300DB
:10344000D21AFDF7C5FBD8E91753ED1AADB269469C
:10345000404601F0EDFBA5423FD3D8E90641D8E94B
:103460000823D8E90207D8E9046500BA3FBA24BAAC
:1034700009BA12BAC8E9027036BAD8F83400C8F8E6
:103480001C402DBAD8F83040C8F818101BBAC8F83C
:103490002420D8E90F12D8F83870C8F81460C8F89A
:1034A0001050D8F82860D8F82C50C8F82030D8F838
:1034B000443024BA00BAC8E90C0436BA2DBA3FBA6F
:1034C00009BA12BA1BBA0020C8E90A56C8E90E1791
:1034D000C8E9103260B0BDE8F08120AB59196846E8
:1034E000D8F85C20FDF774FB6946404601F0A0FB6C
:1034F000B3E74FF472007047785634120200F200BE
:10350000F8B5069E002E33D001292FD8012B31D8D3
:103510001C4C074600251C4825600468002CFCD183
:103520001A4D2C68002CFCD1194D2C68002CFCD1B4
:10353000184D2C68002CFCD1174D2C68002CFCD1A8
:10354000012B19D01548164B026020201E6001295E
:103550000BBF144B144B154A154A17601E60FDF73C
:103560009DFB144B18680028FCD1F8BD1248F8BD2B
:103570001248F8BD1248F8BD1248134B0260802073
:103580001E60E4E700B9025070B4025020BD025042
:1035900020BC025038BD025038BC025030BD025031
:1035A00034BD02502CBC025034BC025028BC025026
:1035B00030BC025010B902500200F4000100F400C7
:1035C0000300F40028BD02502CBD02500B6830B43B
:1035D0000468524284EA03052A4054405340046080
:1035E00030BC0B60704700BF0B6812F01F0F10B4A7
:1035F00004464FEA937004D09B005DF8044B0B60C7
:103600007047002A6FF04043B8BF1F3203EB6212CD
:1036100054F822300B605DF8044B70472DE9F043FD
:10362000644A93B013680093009BD907FAD5624BA4
:103630006249634A196013680193019BDB07FAD55D
:10364000604B1B68DF0400F1AF805A4A1368029395
:10365000029BDE07FAD5584B5B49594A196013683B
:103660000393039BDD07FAD5564B1B68DC0400F17E
:103670008580534B554E4F494F4FDFF86CC14FF08B
:103680000109DFF868E1524D00241A680492049A97
:10369000D007FAD530681A680692069AD207FAD58A
:1036A000CEF800002A680592059A12B95DE052082A
:1036B0000134D007FBD514F01F0568D11D680995AA
:1036C000099DE807FAD5434DD5F800801D680B9594
:1036D0000B9DED07FAD5DFF814E13D4DCEF80080E3
:1036E0002D680A95E0070A9D05D505F00704032C0F
:1036F0004AD0052C48D002F00302032A05D105F078
:103700000305032D08BFC9F100090A680C920C9A41
:10371000D407FAD5304A3A600A680D920D9AD0075C
:10372000FAD52E4A3A600A680E920E9AD207FAD556
:103730002B4A3A600A680F920F9AD507FAD5294AA0
:103740003A600A681092109AD407FAD51B4A3A6078
:103750001A681192119AD007FAD51A4A1268D2043F
:103760008FD5484613B0BDE8F0830A680792079AE0
:10377000D207FAD5C7F800C0203486E74FF0010918
:10378000484613B0BDE8F083C9F10009B3E7DFF89C
:1037900060E0013D4EEA053E0D680895089DED0785
:1037A000FAD5C7F800E089E74FF00009484613B0A2
:1037B000BDE8F083B0B0025080B0025000082A513A
:1037C000B4B0025088B0025000182A5128B00250FC
:1037D000DCB002502CB0025000032A4980022E496E
:1037E000C0C228A1C002324980F22961E4B002506F
:1037F000800228612DE9F047894ABAB01368009326
:10380000009BD807FAD5874B8749884A1960136807
:103810000193019BD907FAD5854B1B68DB0400F1A6
:103820009181824A13680393039BDE07FAD5814B8B
:103830007E4A196813680593059BDD07FAD57E4A11
:103840007E4B11601B680493049F07F00303032B56
:1038500000F0748207F00703052B714A00F02781FE
:1038600013681993199BDC07FAD56E4B74496C4A9F
:10387000196013681A931A9BD807FAD5694B714AD5
:103880001A60FFF7CBFE013000F01D82644A136816
:103890001B931B9BD907FAD562486B4B0360013F12
:1038A00040F071825E49DFF8D0C1604B674E624DD7
:1038B000624CB8460A681C921C9AD207FAD5C0F826
:1038C00000C008F120081A681D921D9AD707FAD582
:1038D00037681A681F921F9AD207FAD52F6022689C
:1038E0001E921E9F002FE5D017F0010311D17F0813
:1038F000FE07194603F10103F9D5494802682092F1
:10390000209AD507FAD5524A464842EA01319844EE
:103910000160434A13682193219BDC07FAD5414B90
:103920004C493F4A196013682293229BD807FAD565
:103930003C4B494A3A4CDFF84491484E414D1A609D
:103940009A4623682393239BD907FAD5CAF8009097
:1039500023682493249BDA07FAD5CAF80060236809
:103960002593259BDB07FAD5CAF80050FFF756FED2
:103970000130E6D12A4A13682693269BDC07FAD544
:10398000284B3749264A196013682793279BD80785
:10399000FAD5244B3349224A196013682893289B8F
:1039A000D907FAD51F4B2A491D4A19601368299374
:1039B000299BDB07FAD51B4B2B49194A1960136861
:1039C0002A932A9BDE07FAD5164B2849144A196018
:1039D00013682B932B9BDD07FAD51248244A104B12
:1039E000DFF89C90DFF89CE0224EDFF89CC002607C
:1039F0001A682C922C9AD407FAD5C0F800901A684D
:103A00002D922D9AD107FAD50849094DC0F800E04A
:103A100000241A682E922E9AD207FAD5066035E055
:103A2000B0B0025080B0025000081251B4B0025041
:103A300088B0025000B00250E4B00250DCB0025036
:103A400080021249C0020249C01002290CB0025083
:103A5000C0000C61C0011E41C0111E4980021E49F8
:103A6000C0311C98C0100E21C0301098400212497D
:103A7000809184A800182651C0F00D61C0111E214C
:103A800040320C8840622488409224880A682F9231
:103A90002F9AD207FAD52A68D20460D401341A6862
:103AA0003092309AD207FAD5C0F800C0B1E7136857
:103AB0000993099BDB07FAD5854B8649864A19602D
:103AC00013680A930A9BDF07FAD5814B8349824A20
:103AD000196013680B930B9BDE07FAD57C4B80496A
:103AE0007D4A196013680C930C9BDD07FAD5784B5F
:103AF0007C497D4A196013680D930D9BDC07FAD54C
:103B00007A4B754A1B68D80440F1928013680E9373
:103B10000E9BD907FAD56E4B75496F4A1960136829
:103B20000F930F9BDB07FAD5694B72496A4A1960FC
:103B300013681093109BDF07FAD5654B6E4A1A6025
:103B4000002054E0644A13680293029BDF07FAD511
:103B50005F4B6A4A1A6001203AB0BDE8F087002C3A
:103B60003FD0A8EB0404012C33D0621E02F01F01E9
:103B7000002A4FF00107B8BF04F11E028F40511117
:103B80001A683292329AD207FAD55D4A564C0260D0
:103B900022683392339AD507FAD55A4A524C15689F
:103BA00022683492349AD207FAD5574C574A29449E
:103BB000216017601A683592359AD207FAD5544AAF
:103BC00002601A683692369AD507FAD5514A0260D1
:103BD0000EE71A683192319AD107FAD54E4A02603F
:103BE00006E707F00303032B40F0C58001203A4AA3
:103BF00013683793379BDC07FAD5354B4749364A6C
:103C0000196013683893389BD907FAD5304B44496B
:103C1000354A196013683993399BDB07FAD5334B62
:103C20001B6813F4805F18BF01203AB0BDE8F0872D
:103C300013681193119BDE07FAD5254B39492A4A9F
:103C4000196013681293129BDD07FAD5274B1B6886
:103C5000DC04C3F30030CAD51F4B1A681392139AC1
:103C6000D107FAD51A4B304A1B491A600B681493D6
:103C7000149BDA07FAD5164B1E4A17491A600B68CF
:103C80001593159BDB07FAD5114B284A12491A6088
:103C90000B681693169BDF07FAD50D4B244A0E4985
:103CA0001A600B681793179BDE07FAD5084B214A59
:103CB00009491A600B681893189BDD07FAD5044B65
:103CC0001D4A1A603CE700203AB0BDE8F08700BF0B
:103CD00080B0025040120229B0B00250C0112461DD
:103CE0008071109800181A51B4B0025088B0025078
:103CF0008031022180211861C0601098C0000E41FF
:103D00000002224120B00250D4B00250D8B002507C
:103D100040821C98C0900C88C0700C8880310C8840
:103D20000048185100981851805102294012107112
:103D3000C061249840021071C0901C88343A136806
:103D40000693069BDC07FAD5104B1149114A1960FE
:103D500013680793079BD807FAD50C4B0E490D4AF9
:103D6000196013680893089BD907FAD5074B0B4ACB
:103D70001A6000203BE707F00707052F4FF001000E
:103D80003FF435AFE8E64FF00008ADE580B00250F3
:103D9000C0100221B0B0025080110C61C0601098B8
:103DA000F0B595B07D4C1A9E370347EA864747F039
:103DB000045545F0800526680096009EF607FAD562
:103DC0001B9C764E920142EA0434754A44F010443A
:103DD000156044F4002432680192019AD507FAD59F
:103DE0006F4A6E4E146047EA811747F010478A0108
:103DF00034680294029CE407FAD54FEA033C4CEA8B
:103E0000834C674B654C1F604CF0045646F08006AF
:103E100023680393039BDF07FAD5614B5F4C1E6059
:103E200023680493049BDD07FAD55D4B5D4F5E4C20
:103E30005A4E1C6047EA81478C0433680593059B02
:103E4000DB07FAD5564B554E1F604CF0104C4CF426
:103E5000807C33680693069BDD07FAD5504E534DA0
:103E60004E4FC6F800C045EA801586013B680793AF
:103E7000079BDB07FAD54A4F4D4BDFF820C13D6069
:103E800043EA003E0703DCF800300893089BDD0797
:103E9000F9D5434DDFF828C1C5F800E01C9B30354B
:103EA0004CEA834E2B680993099BDB07FAD53C4B00
:103EB0003A4DC3F800E02B680A930A9BDB07FAD55A
:103EC000374B3C4DDFF8FCC01D60344D46EA0C0C0E
:103ED0002B680B930B9BDB07FAD5314B2F4DC3F8A7
:103EE00000C03E4346F0045646F400262B680C936F
:103EF0000C9BDF07FAD52A4D2F4B2E6043EA8040FA
:103F000030352B680D930D9BDE07FAD5244B234DDE
:103F100018602B680E930E9BDB07FAD5204B274DBC
:103F20001E481D60144344EA013444F004550E0356
:103F300003680F930F9BDF07FAD5194B17481D60D5
:103F400044F0104403681093109BDB07FAD5144B20
:103F500012481C6003681193119BDF07FAD5104BC0
:103F60000E481D60164346F0245646F410160368AA
:103F70001293129BDC07FAD5094B08481E600A43CE
:103F800042F0484242F4A21203681393139BDB07EA
:103F9000FAD5034B1A6015B0F0BD00BFB0B00250A7
:103FA00080B0025080200090802008210040102125
:103FB0000001102180202029802000214021282973
:103FC00000410021024010C830B42D4C88B0206858
:103FD00000900098C507FAD52A4C2B482B4D256038
:103FE000303440EA834523680193019BD807FAD512
:103FF000900140EA8240234B214A1D6040F010446A
:1040000044F4C04413680293029BDB07FAD51D4BAE
:104010001B4A1C6013680393039BDD07FAD58B01D1
:1040200043EA8141174B1A4D1D60154A41F0104576
:1040300045F4C04513680493049BDB07FAD5114B84
:104040000F4A1D6013680593059BDD07FAD50D4BDC
:104050000B4A1C6041F0584113680693069BDC072D
:10406000FAD5084B064A196040F058401368079388
:10407000079BDB07FAD5034B186008B030BC7047CC
:10408000B0B0025080B0025080710098C021022967
:10409000806118902DE9F04385B000284CD00E4681
:1040A00000294ED01546002A4DD0002B3FD0D0F825
:1040B000BC22039305F14C0700F5B6731F3201F1E2
:1040C000040905F10408CDE9018700935209494626
:1040D00000F592730446FEF795F90746A8B94FF428
:1040E0003772214606F15000FCF772FD174B336022
:1040F00021464FF4377205F19400FCF769FD144B2B
:104100002B60384605B0BDE8F08300244846346093
:1041100021462C604C22FCF75FFD40462146902250
:10412000FCF75AFD0B4F384605B0BDE8F0830A4F47
:10413000384605B0BDE8F083084F384605B0BDE805
:10414000F083074FDDE7074FDBE700BF020000EC1D
:10415000010000EC3008F0000508F0000208F00053
:104160000308F0000408F0002DE9F04FA7B0092380
:1041700004460B2218460394059306920C23012251
:104180000A250C46042108930795FEF7AFFD059B11
:10419000A14A990141EA834141F0924141F404313D
:1041A00013680993099BDF07FAD59C4A9C4B116061
:1041B0000699303243EA811113680A930A9BDE079D
:1041C000FAD5964B944A1960089B990141EA8341BC
:1041D00041F0924141F4043113680B930B9BDD07CE
:1041E000FAD58E4B8C4A196013680C930C9BD80738
:1041F000FAD58A4B8B49884A196013680D930D9B39
:10420000D907FAD5854B884A1A6014F11E0248BFB7
:1042100004F13D026FF0404303EB6213039A671E03
:1042200052F823300293002FC0F23981DFF8148254
:10423000794C7A4D002206AB0DF1140B0DF1200ADA
:104240000DF11C0907F01F061F2E04D103987911E8
:1042500050F8211002910299009321FA06F606F017
:1042600001061946724058460192FFF7AFF9019ACC
:1042700051464846FFF7AAF9089A009B48EA0231DE
:1042800022680E920E9AD207FAD52960069A6749DB
:1042900041EA824122680F920F9AD007FAD529602D
:1042A000079A48EA023122681092109AD207FAD58A
:1042B0002960059A5E4941EA824122681192119A69
:1042C000D007FAD52960059A0798910141EA804103
:1042D00041EA023141F0045122681292129AD20747
:1042E000FAD52960DDE906120898920142EA814177
:1042F00041EA003141F0045122681392139AD00729
:10430000FAD52960089A0598910141EA003141F0F7
:10431000104141F4002122681492149AD207FAD570
:104320002960079A910141EA023141F0104141F4BC
:10433000402122681592159AD007FAD52960226883
:104340001692169AD107FAD53A4A2A60059A1103AD
:1043500041EA824141F0104141F0C00122681792C8
:10436000179AD207FAD52960DDE90701069A92016A
:1043700042EA814141EA003141F004512268189239
:10438000189AD007FAD52960079A48EA02312268BC
:104390001992199AD207FAD52960DDE9072091010F
:1043A00041EA804141F0045141F4804122681A926F
:1043B0001A9AD007FAD52960059A1F4941EA821155
:1043C00022681B921B9AD207FAD5296022681C9298
:1043D0001C9AD007FAD5194A2A6022681D921D9AA4
:1043E000D107FAD5164A2A60079A910141EA82411B
:1043F00041EA023141F0104122681E921E9AD20712
:10440000FAD52960069A910141EA824141EA0231D6
:1044100041F0104118E000BFB0B0025080B002502F
:104420000000224940010021405114218040002118
:10443000C040002180300C9000200C9000211429F5
:10444000C0400C210001142922681F921F9AD00736
:10445000FAD5296022682092209AD107FAD52F4AEE
:104460002A60DDE90702910141EA003141F0104183
:1044700041F4001122682192219AD207FAD52960CD
:10448000079A274941EA821122682292229AD0078C
:10449000FAD5013F7A1C296009D03246D2E60026BF
:1044A00006AB0DF1140B0DF1200A0DF11C09194694
:1044B00058463246FFF78AF8324651464846FFF7DB
:1044C00085F8069B1749184A41EA8311136823931C
:1044D000239BDC07FAD5154B134A1960DDE906303A
:1044E000190341EA804141F0184141F0800113680D
:1044F0002493249BD807FAD50C4A0D4B11600599DB
:10450000303243EA814113682593259BDB07FAD5B6
:10451000064B0020196027B0BDE8F08F823018C824
:1045200000200C9000200229B0B0025080B0025050
:10453000C02100882DE9F041069C0E46154698469C
:104540002246636A012107460020FEF7D1FC0121C3
:1045500004F1B40208460523FEF7CAFC636A04F1BD
:10456000940201210620FEF7C3FC636A4246012142
:104570000820FEF7BDFC29463046FFF7F5FD04464E
:1045800030B905F11F01490938460722FEF784FCBE
:104590002046BDE8F08100BF00487047D4070700FF
:1045A0002DE9F00B93B06A4E1A9C6A4FDDE91B5857
:1045B0004FEA043B46EA04363C680194019CE40758
:1045C000FAD5654C654F266047EA053730342668D2
:1045D0000296029EF607FAD55F4E614C37601F9F28
:1045E000303644EA073437680397039FFF07FAD54C
:1045F000594F584E3C604BEA854949F0045545F007
:10460000800537680497049FFF07FAD5524C554F31
:1046100025601E9D303447EA053627680597059FBB
:10462000FD07FAD5209C1D9D4A4F240344EA854589
:10463000494C45F01045266045F080053E680696D9
:10464000069EF407FAD54FEA083444EA8848424CFB
:10465000404E256048F0045545F0C0053468079485
:10466000079CE707FAD53C4C3F4F3A4E256047EA96
:1046700083179D0134680894089CE407FAD5364CEA
:10468000344E276045EA834545F004579B0447F4C0
:10469000A04734680994099CE407FAD52E4C2D4EA6
:1046A000276034680A940A9CE407FAD52A4C2F4FF5
:1046B000284E276034680B940B9CE707FAD5264CEC
:1046C0002B4F244E276034680C940C9CE407FAD5D9
:1046D000214C284F1F4E276034680D940D9CE7072E
:1046E000FAD543EA80101C4B234E1A4C1E6040F052
:1046F000104040F4804023680E930E9BDE07FAD5ED
:10470000154C1E4B2060134843EA811103680F9338
:104710000F9BDC07FAD5104C194B0E48216043EA79
:10472000821203681093109BD907FAD50A4B0949E6
:104730001A6045F0104545F4A0450B681193119B94
:10474000DB07FAD5044B1D6013B0BDE8F00B7047D2
:1047500080001829B0B0025080B0025080000821BB
:1047600000010890400108900040182940411421A0
:104770000021182900311021C0200C2100500C907C
:1047800000301090564A94B013680193019BDB07E8
:10479000FAD5544B5449524A196013680293029B4C
:1047A000D807FAD54F4B51494D4A19601368039306
:1047B000039BD907FAD54B4B4D49494A19601368F9
:1047C0000493049BDB07FAD5464B4A49444A1960D7
:1047D00013680593059BD807FAD5424B4649404AD2
:1047E000196013680693069BD907FAD53D4B4349D8
:1047F0003B4A196013680793079BDB07FAD5394BCF
:104800003F49374A196013680893089BD807FAD5BF
:10481000344B3C49324A196013680993099BD90704
:10482000FAD5304B38492E4A196013680A930A9B0F
:10483000DB07FAD52B4B3549294A196013680B93CE
:104840000B9BD807FAD5274B3149254A19601368C5
:104850000C930C9BD907FAD5224B2E49204A19609C
:1048600013680D930D9BDB07FAD51E4B2A491C4A92
:10487000196013680E930E9BD807FAD5194B274978
:10488000174A196013680F930F9BD907FAD5154B78
:104890002349134A196013681093109BDB07FAD55C
:1048A000104B20490E4A196013681193119BD807C9
:1048B000FAD50C4B1C490A4A196013681293129BD3
:1048C000D907FAD5074B1949054A1960136813939C
:1048D000139BDB07FAD5034B154A1A6014B07047D7
:1048E000B0B0025080B0025080801829809008211A
:1048F00000210890808024214021089080B02C90D5
:1049000080700890C0A02821C0A00C90C042182937
:10491000C0522C21404114210021182900311021BE
:10492000C0200C2100422C9040520C9080321090FC
:10493000C0522C902DE9F043FF2993B027D1C369D1
:1049400009939B0F012B054604D0734C204613B0EE
:10495000BDE8F08309A9FE22FEF746FE0128F4D146
:10496000FC244FF0FF394FF0160815271426224675
:1049700009A92846FEF738FE00EB89030433072B0C
:10498000E3D8DFE803F055504B4639341F09634C38
:10499000204613B0BDE8F083CDE905780B230A2249
:1049A000092108200496CDE90223CDE90001FFF793
:1049B000F7FD4FF0FF39023C45D0FFF7E3FEFFF76C
:1049C000E1FED4E7122111204FF0100C0691059062
:1049D0000B230A2209210820CDF810C0CDE90223BB
:1049E000CDE90001FFF7DCFD4FF00009E3E70E2100
:1049F0000D204FF00C0CE9E70E210D204FF00C0CB0
:104A0000069105900B230A2209210820CDF810C039
:104A1000C9E70F210C204FF00D0CD7E71321102010
:104A20004FF0110CD2E7132110204FF0110CE7E7E3
:104A30004FF0170CCDE904760B230A220921082038
:104A4000CDF818C0CAE7224609A92846FEF7CCFDD2
:104A5000044600287FF479AF0F220C230B200A2193
:104A600006920593092208230D25CDE90121CDE900
:104A7000030500931622172315211420FFF790FD3C
:104A8000274AB9F1000F23D113680E930E9BDD075F
:104A9000FAD5244B2449224A196013680F930F9BBF
:104AA000D807FAD51F4B21491D4A19601368109386
:104AB000109BD907FAD51B4B1D49194A1960136879
:104AC0001193119BDB07FAD5164B1A4A1A603DE782
:104AD00013680A930A9BD907FAD5124B1249104A58
:104AE000196013680B930B9BDB07FAD50D4B12492A
:104AF0000B4A196013680C930C9BDF07FAD5094B1E
:104B00000E49074A196013680D930D9BDE07FAD50D
:104B1000044B0B4A1A6019E70323F0000223F0004C
:104B2000B0B0025080B0025080210229C0612898A4
:104B30000074208840742488C0615898007450889C
:104B40004074548800487047CC08070000487047FC
:104B5000040E070000487047E01007000048704747
:104B6000BC130700004870479816070000487047BC
:104B70007419070000487047501C07000048704730
:104B80002C1F0700004870470822070000487047A4
:104B9000E424070000487047C0270700004870471A
:104BA0009C2A0700F0B48AB3051F2B4605EB82064A
:104BB000970053F8044F24BA9E421C60F9D13C1F61
:104BC00003595918015116D3931E00EB830150F875
:104BD0002340661CA64240F823600CD80BB90AE0BB
:104BE0003BB151F8044D651CA54203F1FF330D6044
:104BF000F6D94AB1051F2846002150F8043F01317B
:104C00001BBA8A420360F8D8F0BC704750F8043CE5
:104C10005B1840F8043CF7D350F8084C631C9C42E6
:104C200040F8083CA0F10801EED36FF00103D8E78B
:104C30002DE9F04F2DED028BADF5597D00F1080502
:104C40000C464022002128A8C5F7E2F9294628A8E9
:104C50004022FBF7BDFF2A9B1493319B1593329B97
:104C60001693339B1793349B1893359B1993369B5C
:104C70001A93379B1B93289B1293299B2B9A2D9851
:104C80002F9F309E2C99139308EE105A784B2E9D2F
:104C90001C921E9021971F961D91209504F1040CE3
:104CA00001930D92DDE915420292179A0392189A28
:104CB000149B0B92199A0093DDE91AAB03460C92F0
:104CC0003046DDE912620DF1E009CDE90607CDF8C5
:104CD00020A0CDF824B00A9104951746CA469B46F9
:104CE00012E002990B9103990C9100990A9106998F
:104CF000DDF834B00096CDE902140D97CDF818E038
:104D000044461E461746704683044FEA844EA1036C
:104D10004EEA903E43EA943841EA90410B9BC2052B
:104D2000850302988EEA010142EA542283EA000ECA
:104D300006984A4045EA9445E10588EA05030EEAEB
:104D4000000E0C9D249241EA502103980B9ADDF845
:104D50009090594045400C9B2591DCF800005CF890
:104D6000041C25405D408EEA0202964690FA80F8C7
:104D7000259A259509BA3D01CAE90081019825992E
:104D800045EA1678B50745EA970519EB0E0388EA58
:104D90000505F0E9028941EB0202710641EAD711EB
:104DA0004D4001900A9900982495350145EA177EF7
:104DB0000143BD070A9845EA96058EEA0505864631
:104DC000009831400EEA000E41EA0E010D98229142
:104DD000790641EAD61113EB080385EA01054BEA8F
:104DE000000142EB09023940FAE8028925950BEAF5
:104DF00000050D43DDF890E022992395089D099860
:104E000013EB080342EB09025B1942EB0000024678
:104E1000DDF894800498239D11EB0E0145EB080505
:104E200010EB030E0798CDF81CB040EB0208CDE95B
:104E30002215CB180B99089158A945EB02020A9844
:104E40000C9D049051450CF1080C09957FF449AF75
:104E50001946084B0E93B6ABCDF83CB0CDE90746EA
:104E6000DDF800B00997CDE9001236A8119314E0DF
:104E7000702D0700F02D0700069A0292079A039200
:104E8000DDE908B20D92009A0892019A0992CDE9E3
:104E90000034CDE906E8CE46D046D0E91E64F300E2
:104EA000620343EA547342EAD6425A40A30643EAF5
:104EB0009613D0E9047C5A404FEAC409730343EACD
:104EC000D44349EA5676056D5E4086EA94164FEA69
:104ED000CC73446DA91843EA57094FEA0C6344EBBD
:104EE000060643EA17234FEA884489EA030344EAA3
:104EF0009E394FEA883444EA9E44C0E9221689EA82
:104F00000404F0E9029ACDE9049A4FEA4C6949EAAF
:104F1000D71983EA090326934FEA0769FB0743EA97
:104F20005C0349EA1C275F404FEACE53029A069D74
:104F3000DDF898A043EA58235C40249414466C4062
:104F400004EA0E04079D5440039A87EADC174FEAEF
:104F50008E434FEA8E3C27974CEA984C82EA05072D
:104F600043EA9833049D83EA0C0307EA08074FEAF3
:104F7000C85C57404CEA5E2C4A19059D83EA0C0335
:104F8000DDF89CC0259345EB060612EB0A0246EBC2
:104F90000C01019E249B009D2494DDE92494259717
:104FA000370147EA15770E9DDDF894C0C0F88020E0
:104FB00013EB0903F5E9029A0E95009D109144EB5D
:104FC0000C044FEA857C009DC0F88410CDE9049A5A
:104FD0004CEA960C4FEA0519009D009987EA0C07E8
:104FE00049EA16794FEA867C089E4CEA950C009DAA
:104FF00089EA0C094BEA060C0CEA050C049D5B19C6
:10500000059D45EB0404019D4FEA416A4AEAD51A21
:10501000009987EA0A0A6F0647EAD117099D0D9998
:1050200089EA07070BEA06094CEA090CCDF888C0A3
:105030009B1841EA050C01EA0502109D019E45EB13
:1050400004040B9DCDE924A75B190C9D0CEA060C0A
:105050004CEA020244EB0505DDF888C091462C4677
:10506000259A0A9DCDF828B01CEB0A0749EB0202ED
:1050700015EB03090F9D0F9145EB040AFB1842EB5A
:105080000404CDE92272029A0B92039A0C92119AAF
:1050900082427FF4F1AE129A0898219E159FD31890
:1050A000139ADDE9001542EB0404149A52181C9976
:1050B000009241EB05051D99099A2B9509181E9838
:1050C000019140EB020220980D99049210EB0B0025
:1050D00046EB01011F9E08901698069A049D0991BF
:1050E00016EB090647EB0A0710EB0E0E179840EB7C
:1050F0000808189810EB020C1998079A40EB02095F
:105100001A98029A10EB020A1B98039A2D95099D92
:105110002F95009D2A95019D2C9540EB020B089D33
:10512000CDF8C8E038A84FF420720021CDE928342A
:10513000CDF8D0C03197CDF8CC80CDF8D490CDF853
:10514000DCB02E953096CDF8D8A0FBF745FD18EED3
:10515000100A28A94022FBF73BFD0DF5597DBDEC57
:10516000028BBDE8F08F00BF0A22002100F0D0B909
:10517000024B1844407800F044007047E27B060080
:1051800030B501390024A24201D1002005E0035DC1
:1051900001340D5DAB42F6D0581B30BD38B50D4B18
:1051A0001D68AB6B04467BB91820C4F7F9FE0A4AA8
:1051B0000A4BA863C0E90023094B83600B2383815A
:1051C00001220023C0E90423AB6B00221C615A6159
:1051D00038BD00BF10A300200E33CDAB34126DE6F6
:1051E000ECDE0500134B10B51C68A36B7BB91820CF
:1051F000C4F7D6FE104A114BA063C0E90023104B40
:1052000083600B23838101220023C0E90423A16B67
:105210000C480A694B690C4C504304FB0300A2FB89
:1052200004345A1C044444F10000C1E9042020F075
:10523000004010BD10A300200E33CDAB34126DE63C
:10524000ECDE05002DF451582D7F954C024B0A469B
:1052500001461868C7F714B810A300200CB430B585
:10526000174B0C1E1D689DB008DA8B232B604FF086
:10527000FF301DB0BDE8304002B070474FF40273FC
:10528000ADF8143014BF04F1FF33234604930793A1
:105290004FF6FF7302900690ADF81630209A21ABBE
:1052A00002A928460193C6F7D7FE431CBCBF8B2337
:1052B0002B60002CDDD0029B00221A70D9E700BFC2
:1052C00010A300200EB410B59FB021AC4FF40171B3
:1052D00054F8042B0192ADF81C1004900890C5F707
:1052E000E3FB0C4B059009900D930B48019A006865
:1052F00003940023119316934FF6FF73ADF81E30FD
:1053000004A9234600F092F91FB0BDE8104003B095
:10531000704700BF1D53060010A3002000207047F7
:1053200070B50C4D04462E4614F8013B5A5D02F050
:105330000302012A11F8012BB05C00F0030008BF42
:105340002033012808BF2032981A01D1002AEBD15E
:1053500070BD00BFE37B0600034611F8012B03F884
:10536000012B002AF9D1704770B50F4E04460A444C
:105370008A4201D1002013E014F8013B985D00F04F
:105380000300012811F8010B355C05F0030508BF87
:105390002033012D08BF20301B1A02D10028E7D18D
:1053A00070BD1846FCE700BFE37B060010B56AB18C
:1053B0000139841810F8013B11F8012F934203D1F1
:1053C000A04201D0002BF5D1981A10BD1046FCE781
:1053D00010B50139034632B111F8014F03F8014B02
:1053E000013A002CF7D11A440021934200D110BD9C
:1053F00003F8011BF9E770B503461E4613F8014B8D
:105400003CB14A1E01E0A542F7D012F8015F002D21
:10541000F9D1301A70BD00002DE9F0473A4E8646AA
:105420008C4660461CF8014BA55D15F00805F8D1C7
:105430002D2C33D19CF800404FF0010800F1020CF4
:10544000002B5CD0102B0CD1302C0AD19CF8000022
:1054500000F0DF0058284DD19CF8014010230CF1DA
:10546000020C08F10047013F0026B7FBF3F9304674
:1054700003FB197AA4F13005092D18D82C46A34254
:1054800024DD751C07D081451DD301D1A2451ADB4F
:1054900000FB034001261CF8014BEBE72B2C08BF57
:1054A0009CF80040A84608BF00F1020CC8E7A4F130
:1054B0004105192D01D8373CE1E7A4F16105192D0B
:1054C00004D8573CDBE74FF0FF36E4E7731C06D106
:1054D0002223CEF80030384642B9BDE8F087B8F153
:1054E000000F00D04042002AF7D00EB10CF1FF317E
:1054F0001160F2E73024002BB3D10823B1E7302C40
:10550000A4D00A23ADE700BFE37B0600FFF784BF0A
:1055100013460A46014602480068FFF77DBF00BFF8
:1055200010A30020034BC35C03F00303022B08BF4E
:1055300020387047E37B060000B59BB000910491D2
:105540006FF0004105910291054903916946C6F744
:1055500083FD009B00221A701BB05DF804FB00BFA6
:105560000802FFFF13460A46014602480068FFF79B
:10557000E3BF00BF10A3002038B54B1C144603D175
:105580004FF0FF35284638BD938923F020039381DF
:10559000636B5268CDB28BB1A36B934208DD236875
:1055A0005A1E226003F8015C636801336360E9E717
:1055B000214600F039FB0028F1D0E1E7216923689A
:1055C00051B1994208D213F8011CA94204D1013B00
:1055D000013223606260D5E7C4E90F3204F144036D
:1055E00063630323A363234603F8465F2360012319
:1055F000DCE710B50C46496B69B104F144039942EC
:1056000001D0C4F70DFD236C63600020606313B10B
:10561000E36B236010BD2369236000236360A389CB
:1056200043F02003A3814FF0FF30F3E72DE9F04F63
:105630000C46ADF5237D0021CDE94411B249A0917E
:105640000DF10408B149B24FDFF8C892CDF81881C6
:105650000646A191009392F800A0BAF1000F00F065
:1056600051811AF8073013F0080302F1010519D02F
:105670006368002B0FDD23681A78BA5C120701D427
:105680002A46E8E7459A0132459262680133013AB9
:1056900062602360ECE7A19B2146304698470028D2
:1056A000E9D0EDE7BAF1250F40F0838041934393B1
:1056B00053782A2B02BF1023951C41930A22AB4634
:1056C0001BF8011BA1F13003092B1DD991480322BE
:1056D000C6F7EEF840B10123A0EB090003FA00F091
:1056E000419B184341905D4615F8013B782B06D845
:1056F000572B10D8252B5CD056D8002B74D0032301
:1057000047930A23429381E0439B02FB0313303B00
:1057100043935D46D3E7A3F15802202AEFD801A1B5
:1057200051F822F0F7570600FF560600FF56060014
:1057300055580600FF560600FF560600FF560600A5
:10574000FF560600FF560600FF560600FF560600ED
:105750006B58060041580600AF570600AF570600C9
:10576000AF570600FF56060045580600FF560600D4
:10577000FF560600FF560600FF5606007B5806003F
:105780004D580600EF570600FF560600FF5606006C
:1057900077580600FF56060041580600FF560600DF
:1057A000FF560600F7570600453B022BA7D80523F6
:1057B0002BE06368002B0DDD23681A78524540F01A
:1057C000A180013362682360459B013A0133626026
:1057D000459355E7A19B2146304698470028EBD0DA
:1057E0004498002840F084804FF0FF3086E0419AD2
:1057F00042F020024192419A42F4007241921022FA
:105800006F2B429234BF0323042347936368002B1A
:1058100041DD419B590604D423681A78BA5C12070B
:1058200040D4479B022B4FDC6B46224641A93046B1
:1058300000F074F8012865D002287FF421AFCFE78B
:105840000A22DDE7002342930323DEE70823429385
:105850000423DAE72946404600F0ACF9419B43F0C7
:105860004003419305460123CFE7419B43F04003AA
:1058700041930023C9E70223C7E74198C3063FF5D8
:10588000FFAE009B459A191D00911B68C0074CBFD5
:105890001A801A60F4E6A19B2146304698470028FA
:1058A000B7D09DE7459A013245926268013A002AD5
:1058B000626002DD01332360AEE7A19B21463046E2
:1058C00098470028A8D08BE7042B06DC6B462246BD
:1058D00041A9304600F07AF8ACE70F4B002B3FF4BB
:1058E000CFAE6B46224641A93046AFF30080A1E718
:1058F000A38913F0400F18BF4FF0FF300DF5237D43
:10590000BDE8F08F4498F9E779550600F355060095
:10591000E37B0600F27D0600000000002DE9F8435D
:1059200015468A6880460C4632B98A69002A0CBF3F
:1059300001224FF0FF328A602268DFF88C90D10696
:105940005FBF1A68111D196016680027A06988B129
:10595000012807D12B681A7863699B5C53B927BB70
:10596000BDE8F883022820D12B681B7813F8093092
:105970001B071AD42368DA065EBF2B681B7806F86B
:10598000013B2A686B6801322A60A268013B013A38
:105990006B600137A26042B1002BD7DCD4F88031B4
:1059A0002946404698470028D0D0236813F01003BA
:1059B00005D1E2680132E260A26902B13370236965
:1059C0001F4427610020CBE7E37B06002DE9F04F61
:1059D0009846744B0C468246164693E8070087B0FB
:1059E00003AB83E80700704BA169704A032918BF15
:1059F0001A46A36801925A1EB2F5AE7F88BF6FF4B3
:105A0000AE75274682BF03EB050940F25D13A36024
:105A100057F81C3B43F4506398BF4FF000092360D4
:105A20003D464FF0000B316803AB097853F82B006B
:105A30000222C5F73DFF28B3BBF1010F59D16268BF
:105A40002AB92268082342F4007263602260226847
:105A500022F4A0622260A268511EA16092B1326855
:105A6000511C3160127805F8012B7268013A002A46
:105A7000726007DCD4F880213146504690470028F8
:105A800040F085800BF1010BBBF1030FCBD16368B4
:105A90000BB90A236360636845496069C91A00F05D
:105AA00089F84FF0000BA3682268002B3DD03168C5
:105AB000606991F800C010F80C00002835D0BCF1E6
:105AC000300F24D1100522D50BF1010BB9F1000FD5
:105AD00003D0013309F1FF39A3607368013B002B48
:105AE00073601BDD336801333360A368013BA3603F
:105AF000D9E7BBF1020FAED1226802F4C061B1F563
:105B0000007FBFD11023636042F48072A2E722F4C9
:105B1000106222600B7805F8013BDEE7D4F8803193
:105B20003146504698470028DFD02368D9050DD567
:105B3000BD4209D915F8011CD4F87C3132465046D3
:105B4000984705F1FF394D46BD4228D0226812F032
:105B5000100213D12A706368019E39465046B0473F
:105B6000D8F8003021681A1DC8F8002011F0200F65
:105B70001B680FD01860E3680133E360ED1BAB4492
:105B800025695D442561002007B0BDE8F08F4FF026
:105B9000000BCAE7CA074CBF18801860EBE701206A
:105BA000F2E700BF10300700B1AB02000D55060050
:105BB0000E30070070B50B7804465E2B0BBF4B7898
:105BC000481C881C002208BF0122611E04F1FF0549
:105BD00001F8012FA942FBD10BB9013870BD82F049
:105BE0000101E154421C12F8015C2D2D02F1FF3637
:105BF000104606D05D2DF1D00DB93046EEE72B46AC
:105C0000EFE716785D2EFAD0B342F8DC1846013083
:105C100086422154FBDCD84330445D1CB342A8BF0C
:105C200000202B180232DEE72DE9F0410C46496BCB
:105C300004F1440399421DD14FF48061C4F740FA46
:105C400018B94FF0FF30BDE8F0814FF48063A363D3
:105C500094F84630606380F8FF3394F8453080F85C
:105C6000FE3394F8443080F8FD3300F2FD302060BC
:105C70000020E8E7A66B77003A46C6F701FB054629
:105C80000028DED000EB0608014632464046C4F745
:105C900097F9C4E90D57C4F80080E9E70000000057
:105CA00051EC100BF8B5C1F30A53A3F2FF35132DD5
:105CB00010EE106A0C4620DC002D3DDB384F2F41E2
:105CC00001EA070303431DD033A3D3E9002300F007
:105CD00071F80022002300F0B3FC48B1002C04DA74
:105CE0004FF4801343FA05F52C4424EA07040026F8
:105CF0002346324643EC102BF8BD332D05DDB5F5B8
:105D0000806F29D041EC100BF8BDA3F213434FF084
:105D1000FF37DF400742F5D01FA3D3E9002300F08F
:105D200049F80022002300F08BFC0028E0D0002C72
:105D300023DB26EA0706DBE717A3D3E9002300F0FD
:105D400039F80022002300F07BFC0028D0D0002C82
:105D50000ADB00263446CBE710EE102A0B4600F093
:105D600029F841EC100BF8BD24F000430D4A1E4306
:105D7000002E18BF14460026BAE7142D08D00123C0
:105D8000C5F1340503FA05F5AE1928BFE418D0E7CC
:105D90000134CEE7AFF300809C7500883CE4377E89
:105DA000FFFF0F000000F0BF81F0004102E000BFE4
:105DB00083F0004330B54FEA41044FEA430594EACB
:105DC000050F08BF90EA020F1FBF54EA000C55EA06
:105DD000020C7FEA645C7FEA655C00F0E2804FEAD7
:105DE0005454D4EB5555B8BF6D420CDD2C4480EAB9
:105DF000020281EA030382EA000083EA010180EAE9
:105E0000020281EA0303362D88BF30BD11F0004F36
:105E10004FEA01314FF4801C4CEA113102D040426C
:105E200061EB410113F0004F4FEA03334CEA1333A7
:105E300002D0524263EB430394EA050F00F0A780BF
:105E4000A4F10104D5F1200E0DDB02FA0EFC22FABA
:105E500005F2801841F1000103FA0EF2801843FAAE
:105E600005F359410EE0A5F120050EF1200E012A9F
:105E700003FA0EFC28BF4CF0020C43FA05F3C018DD
:105E800051EBE37101F0004507D54FF0000EDCF156
:105E9000000C7EEB00006EEB0101B1F5801F1BD3FF
:105EA000B1F5001F0CD349085FEA30004FEA3C0C03
:105EB00004F101044FEA445212F5800F80F09A80F9
:105EC000BCF1004F08BF5FEA500C50F1000041EBFD
:105ED000045141EA050130BD5FEA4C0C404141EB01
:105EE0000101013C28BFB1F5801FE9D291F0000FFC
:105EF00004BF01460020B1FA81F308BF2033A3F1AB
:105F00000B03B3F120020CDA0C3208DD02F1140CA1
:105F1000C2F10C0201FA0CF021FA02F10CE002F1DC
:105F20001402D8BFC2F1200C01FA02F120FA0CFCD5
:105F3000DCBF41EA0C019040E41AA2BF01EB04511E
:105F4000294330BD6FEA04041F3C1CDA0C340EDC1C
:105F500004F11404C4F1200220FA04F001FA02F35F
:105F600040EA030021FA04F345EA030130BDC4F11D
:105F70000C04C4F1200220FA02F001FA04F340EA12
:105F80000300294630BD21FA04F0294630BD94F0C3
:105F9000000F83F4801306BF81F480110134013DAA
:105FA0004EE77FEA645C18BF7FEA655C29D094EA1B
:105FB000050F08BF90EA020F05D054EA000C04BF99
:105FC0001946104630BD91EA030F1EBF0021002084
:105FD00030BD5FEA545C05D14000494128BF41F023
:105FE000004130BD14F580043CBF01F5801130BD87
:105FF00001F0004545F0FE4141F470014FF0000012
:1060000030BD7FEA645C1ABF194610467FEA655CC2
:106010001CBF0B46024650EA013406BF52EA033564
:1060200091EA030F41F4002130BD00BF90F0000F52
:1060300004BF0021704730B54FF4806404F132048E
:106040004FF000054FF0000150E700BF90F0000F47
:1060500004BF0021704730B54FF4806404F132046E
:1060600010F0004548BF40424FF000013EE700BF3E
:1060700042004FEAE2014FEA31014FEA02701FBFCE
:1060800012F07F4393F07F4F81F06051704732F000
:106090007F4208BF704793F07F4F04BF41F4002157
:1060A000704730B54FF4607401F0004521F00041B5
:1060B0001CE700BF50EA010208BF704730B54FF03F
:1060C00000050AE050EA010208BF704730B511F040
:1060D000004502D5404261EB41014FF4806404F178
:1060E00032045FEA915C3FF4D8AE4FF003025FEAFE
:1060F000DC0C18BF03325FEADC0C18BF033202EB82
:10610000DC02C2F1200300FA03FC20FA02F001FADB
:1061100003FE40EA0E0021FA02F11444BDE600BF7E
:1061200070B54FF0FF0C4CF4E06C1CEA11541DBF2D
:106130001CEA135594EA0C0F95EA0C0F00F0DEF8F8
:106140002C4481EA030621EA4C5123EA4C5350EADD
:10615000013518BF52EA033541F4801143F480132E
:1061600038D0A0FB02CE4FF00005E1FB02E506F0BF
:106170000042E0FB03E54FF00006E1FB03569CF014
:10618000000F18BF4EF0010EA4F1FF04B6F5007F1A
:1061900064F5407404D25FEA4E0E6D4146EB06068C
:1061A00042EAC62141EA55514FEAC52040EA5E5015
:1061B0004FEACE2EB4F1FD0C88BFBCF5E06F1ED8BF
:1061C000BEF1004F08BF5FEA500E50F1000041EBF6
:1061D000045170BD06F0004646EA010140EA0200A3
:1061E00081EA0301B4EB5C04C2BFD4EB0C0541EAC5
:1061F000045170BD41F480114FF0000E013C00F3DA
:10620000AB8014F1360FDEBF002001F0004170BDFD
:10621000C4F10004203C35DA0C341BDC04F1140416
:10622000C4F1200500FA05F320FA04F001FA05F2A2
:1062300040EA020001F0004221F0004110EBD3706F
:1062400021FA04F642EB06015EEA430E08BF20EA9B
:10625000D37070BDC4F10C04C4F1200500FA04F33E
:1062600020FA05F001FA04F240EA020001F00041D0
:1062700010EBD37041F100015EEA430E08BF20EA43
:10628000D37070BDC4F1200500FA05F24EEA020E8B
:1062900020FA04F301FA05F243EA020321FA04F0BA
:1062A00001F0004121FA04F220EA020000EBD37071
:1062B0005EEA430E08BF20EAD37070BD94F0000F71
:1062C0000FD101F00046400041EB010111F4801FA5
:1062D00008BF013CF7D041EA060195F0000F18BF56
:1062E000704703F00046520043EB030313F4801F92
:1062F00008BF013DF7D043EA0603704794EA0C0F4C
:106300000CEA135518BF95EA0C0F0CD050EA410661
:1063100018BF52EA4306D1D181EA030101F00041DE
:106320004FF0000070BD50EA410606BF1046194606
:1063300052EA430619D094EA0C0F02D150EA013612
:1063400013D195EA0C0F05D152EA03361CBF104653
:1063500019460AD181EA030101F0004141F0FE41F2
:1063600041F470014FF0000070BD41F0FE4141F476
:10637000780170BD70B54FF0FF0C4CF4E06C1CEA76
:1063800011541DBF1CEA135594EA0C0F95EA0C0F2B
:1063900000F0A7F8A4EB050481EA030E52EA0335E6
:1063A0004FEA013100F088804FEA03334FF0805507
:1063B00045EA131343EA12634FEA022245EA111534
:1063C00045EA10654FEA00260EF000419D4208BFE5
:1063D000964244F1FD0404F5407402D25B084FEA92
:1063E0003202B61A65EB03055B084FEA32024FF43E
:1063F00080104FF4002CB6EB020E75EB030E22BF9B
:10640000B61A754640EA0C005B084FEA3202B6EB5A
:10641000020E75EB030E22BFB61A754640EA5C0009
:106420005B084FEA3202B6EB020E75EB030E22BF99
:10643000B61A754640EA9C005B084FEA3202B6EB9A
:10644000020E75EB030E22BFB61A754640EADC0059
:1064500055EA060E18D04FEA051545EA16754FEABB
:1064600006164FEAC30343EA52734FEAC2025FEAD9
:106470001C1CC0D111F4801F0BD141EA00014FF068
:1064800000004FF0004CB6E711F4801F04BF014339
:106490000020B4F1FD0C88BFBCF5E06F3FF6AFAE55
:1064A000B5EB030C04BFB6EB020C5FEA500C50F1E5
:1064B000000041EB045170BD0EF0004E4EEA113168
:1064C00014EB5C04C2BFD4EB0C0541EA045170BD6F
:1064D00041F480114FF0000E013C90E645EA060EB3
:1064E0008DE60CEA135594EA0C0F08BF95EA0C0FE1
:1064F0003FF43BAF94EA0C0F0AD150EA01347FF429
:1065000034AF95EA0C0F7FF425AF104619462CE7FF
:1065100095EA0C0F06D152EA03353FF4FDAE104662
:10652000194622E750EA410618BF52EA43067FF4B3
:10653000C5AE50EA41047FF40DAF52EA43057FF443
:10654000EBAE12E74FF0FF3C06E000BF4FF0010C4E
:1065500002E000BF4FF0010C4DF804CD4FEA410CB2
:106560007FEA6C5C4FEA430C18BF7FEA6C5C1BD07F
:1065700001B050EA410C0CBF52EA430C91EA030F00
:1065800002BF90EA020F0020704710F1000F91EA5D
:10659000030F58BF994208BF90422CBFD8176FEA2B
:1065A000E37040F0010070474FEA410C7FEA6C5CF9
:1065B00002D150EA013C07D14FEA430C7FEA6C5C00
:1065C000D6D152EA033CD3D05DF8040B704700BF2C
:1065D0008446104662468C461946634600E000BF7A
:1065E00001B5FFF7B7FF002848BF10F1000F01BD4C
:1065F0004DF808EDFFF7F4FF0CBF012000205DF817
:1066000008FB00BF4DF808EDFFF7EAFF34BF01209B
:1066100000205DF808FB00BF4DF808EDFFF7E0FF34
:1066200094BF012000205DF808FB00BF4DF808ED85
:10663000FFF7CEFF94BF012000205DF808FB00BFEC
:106640004DF808EDFFF7C4FF34BF012000205DF8CE
:1066500008FB00BF4FEA410C7FEA6C5C02D150EAB4
:10666000013C0AD14FEA430C7FEA6C5C02D152EA4A
:10667000033C02D14FF0000070474FF0010070471B
:106680004FEA410212F5001215D211D56FF478735A
:10669000B3EB625212D94FEAC12343F0004343EAFD
:1066A000505311F0004F23FA02F018BF40427047D8
:1066B0004FF00000704750EA013005D111F0004062
:1066C00008BF6FF0004070474FF00000704700BFF8
:1066D0004A0011D212F5001211D20DD56FF4787361
:1066E000B3EB62520ED44FEAC12343F0004343EAB6
:1066F000505323FA02F070474FF00000704750EA01
:10670000013002D14FF0FF3070474FF0000070476A
:1067100053B94AB9002908BF00281CBF4FF0FF3108
:106720004FF0FF3000F06EB9ADF1080C6DE904CE0A
:1067300000F006F8DDF804E0DDE9022304B070475C
:106740002DE9F047089D04468C46002B40F08380DD
:106750008A42174647D9B2FA82F242B1C2F120000A
:1067600024FA00F09140974040EA010C94404FEA2F
:106770001748230CBCFBF8F61FFA87FE08FB16C16E
:1067800043EA014306FB0EF1994209D9FB1806F1D1
:10679000FF3080F01981994240F21681023E3B445D
:1067A0005B1AA4B2B3FBF8F008FB103344EA0344CD
:1067B00000FB0EFEA64509D93C1900F1FF3380F01D
:1067C0000581A64540F2028102383C4440EA064079
:1067D000A4EB0E0400261DB1D4400023C5E90043FC
:1067E0003146BDE8F08702B9FFDEB2FA82F2002A34
:1067F00050D1CB1B4FEA174E1FFA87F80126B3FB87
:10680000FEFC210C0EFB1C3341EA034108FB0CF398
:106810008B4207D979180CF1FF3002D28B4200F27B
:10682000E9808446C91AA3B2B1FBFEF00EFB101139
:1068300043EA014408FB00F8A04507D93C1900F1E0
:10684000FF3302D2A04500F2D9801846A4EB080419
:1068500040EA0C40BFE78B4209D9002D00F0B1801F
:106860000026C5E9000130463146BDE8F087B3FA9D
:1068700083F6002E4AD18B4202D3824200F2B880C6
:10688000841A61EB030101208C46002DA8D0C5E9D4
:10689000004CA5E7C2F1200320FA03F6974001FA65
:1068A00002F04FEA174ED9403043030CB1FBFEF61D
:1068B0001FFA87F80EFB161143EA014306FB08F1A5
:1068C000994204FA02F409D9FB1806F1FF3C80F062
:1068D0008D80994240F28A80023E3B445B1A81B22D
:1068E000B3FBFEF00EFB103341EA034100FB08F35B
:1068F0008B4207D9791800F1FF3C73D28B4271D9D2
:1069000002383944CB1A40EA064678E7C6F1200C33
:1069100003FA06F422FA0CF31C4320FA0CF701FAEE
:1069200006F34FEA144E21FA0CF11F433B0CB1FB66
:10693000FEF91FFA84F80EFB191143EA014109FB25
:1069400008FA8A4502FA06F200FA06F308D9611835
:1069500009F1FF3048D28A4546D9A9F102092144FC
:10696000A1EB0A01BFB2B1FBFEF00EFB101147EA2A
:10697000014700FB08F8B84507D9E71900F1FF31D6
:106980002ED2B8452CD90238274440EA0940A7EB5B
:106990000807A0FB02894F45C64649461AD317D0BF
:1069A0005DB1B3EB0E0267EB010707FA0CFCF24096
:1069B0004CEA0202F740C5E9002700263146BDE84F
:1069C000F0872E4628460BE70646E9E61846FDE620
:1069D0004345E5D2B8EB020E69EB04010138DFE76D
:1069E0000846D2E760468DE78146B9E7664675E717
:1069F00030464AE7ACF1020C394413E702383C4414
:106A000024E700BF704700BFF8B500BFF8BC08BC62
:106A10009E467047F8B500BFF8BC08BC9E4670475C
:106A2000486561727462656174206275696C642086
:106A30006661696C65640048656172746265617461
:106A40002073656E7420282564206279746573292B
:106A5000004865617274626561742073656E6420BC
:106A60006661696C656421206A6F696E65643D25A5
:106A700064206C656E3D2564003D3D3D204C6F52A9
:106A80006157414E204A6F696E6564203D3D3D006F
:106A9000424C453A2072652D7374617274206166B0
:106AA000746572204C6F526157414E206A6F696E57
:106AB0000A0057616974696E6720666F7220436CC3
:106AC000617373204220626561636F6E206C6F6337
:106AD0006B2E2E2E00426561636F6E206C6F636BB0
:106AE0003A20256400506F776572207265706F726E
:106AF00074206275696C64206661696C656400501D
:106B00006F776572207265706F72743A2025642504
:106B100025202825642062797465732900506F77D9
:106B20006572207265706F72742073656E64206682
:106B300061696C656421206A6F696E65643D2564D6
:106B4000003D3D3D205354455020303A20426F6F68
:106B500074203D3D3D0A004E4643206469736162E6
:106B60006C656420E280942050302E30392F5030F4
:106B70002E3130206E6F77204750494F0A003D3D3F
:106B80003D205354455020313A204C6F52615741BB
:106B90004E20696E697420286D6179207265626F7C
:106BA0006F7429203D3D3D0A003D3D3D2053544535
:106BB00050203120646F6E6520286E6F20726562F0
:106BC0006F6F7429203D3D3D0A003D3D3D205354EB
:106BD000455020323A2070726F746F2F616C617271
:106BE0006D2F6163747561746F7220696E697420B2
:106BF0003D3D3D0A003D3D3D205354455020333A34
:106C000020636F6E6669675F73746F72655F696E2C
:106C10006974203D3D3D0A003D3D3D2053544550A3
:106C200020343A20706F7765725F6D67725F696EAE
:106C30006974203D3D3D0A003D3D3D205354455083
:106C400020353A206C65645F73747269705F696E99
:106C50006974203D3D3D0A003D3D3D205354455063
:106C600020363A2062757A7A65725F70776D5F6957
:106C70006E6974203D3D3D0A00487562207479704C
:106C8000653D25642067726F75703D307825303220
:106C90005820726F6F6D3D25640A003D3D3D2053C5
:106CA00054455020373A20626C655F6875625F61B9
:106CB00064765F7374617274203D3D3D0A003D3D12
:106CC0003D205354455020383A2054696D65727305
:106CD000203D3D3D0A003D3D3D2053544550203967
:106CE0003A20414C4C20444F4E45203D3D3D0A004A
:106CF0004865617274626561743A206A6F696E6595
:106D0000643D256420616C61726D3D256420626183
:106D100074743D256425250A006C6F72612D616CC9
:106D200061726D2D687562004A756C2032322032B6
:106D30003032360032313A32303A3032006E52461A
:106D400035323834300052414B3436333000312E36
:106D5000302E3000342E322E34004163747561744D
:106D60006F72206D616E6167657220696E6974690A
:106D7000616C697A656420284875622C20646566B8
:106D800061756C7420636F6E666967290041637476
:106D90007561746F722073796E633A207072696FD7
:106DA0003D256420747970653D25642028776173E2
:106DB000207072696F3D25642900554E4B4E4F5728
:106DC0004E004A6F696E207374617475733A2025A2
:106DD000732028256429004A6F696E2073746174DA
:106DE00065206368616E6765643A202564004F46DC
:106DF000464C494E45004A4F494E494E470057417F
:106E000049540000FF0000042C012C01B400FF02D3
:106E1000F401F401FF780002F401F401B400FF0171
:106E200000000000B400FF02E803E8030050FF0286
:106E3000F401F401FFDC0002F401F40100FF3C0165
:106E4000000000000000000000000000010A000037
:106E500000000208F401F40102082C01BC02020542
:106E6000C80020030205E803E8030206F401F40168
:106E70000204F401F4010000000000000000000022
:106E800000000000EE6D0600F66D0600FE6D0600C7
:106E9000F9DA060054CA0600416C61726D20737401
:106EA000617465206D616368696E6520696E6974DF
:106EB00069616C697A656400556E6B6E6F776E20E0
:106EC000616C61726D20747970653A20307825307C
:106ED000325800477265656E2072652D7072657359
:106EE00073207768696C65205265642061637469FA
:106EF000766520E280942052656420737461797312
:106F0000005265642061637469766520E280942094
:106F1000616C61726D20747970653D2564207265C5
:106F2000636F7264656420627574206F7574707528
:106F3000742073746179732052656400546F6F20FC
:106F40006D616E792061637469766520616C617230
:106F50006D7320286D61782025642900416C617271
:106F60006D207365743A20747970653D25642070D6
:106F700072696F3D2564207372633D25642028612A
:106F800063746976653D25642C20746F703D2564BB
:106F90002900416C6C20436C6561723A2072656D0A
:106FA0006F76696E6720436F6465205265640043A5
:106FB0006C65617220416C6C3A20616C6C20616C74
:106FC00061726D732072656D6F766564004C6F52EF
:106FD0006157414E206A6F696E6564207375636303
:106FE00065737366756C6C7900436C6173732042D2
:106FF00020626561636F6E206C6F636B6564004334
:107000006C617373204220626561636F6E206C6FE8
:1070100073740053756363657373004661696C0034
:10702000536574204E6F64652064657669636520DE
:10703000776F726B206D6F64652025730D0A004CAD
:107040006F526157414E2048414C20696E69746906
:10705000616C697A6564202862616E643D25642CE8
:1070600020636C6173733D4229008A612A8B620D33
:107070006EBC00B7D15D51A80AFF45896702219F08
:1070800035288A00545820626C6F636B65643A201F
:107090006E6F74206A6F696E656400545820626C6C
:1070A0006F636B65643A20626561636F6E206E6F1B
:1070B00074206C6F636B6564005458206174746550
:1070C0006D70742025642F33206661696C65642CB3
:1070D00020726574727920696E2032732E2E2E0014
:1070E000202606180100000210270000204E000094
:1070F000409C000060EA000060EA000060EA0000D6
:10710000506F776572206D616E6167657220696E80
:10711000697469616C697A65643A2025646D5620EA
:1071200028256425252900414C41524D5F48554290
:1071300000424C453A204D4143206765742066610A
:10714000696C656420286C656E3D2564290A0042DF
:107150004C453A204D4143203D2025730A00424CC6
:10716000453A20737769746368696E6720746F208D
:10717000626561636F6E206D6F64652E2E2E0A004E
:10718000424C453A207061796C6F61642062756988
:107190006C7420282564206279746573290A004282
:1071A0004C453A204552524F52202D207365742091
:1071B000637573746F6D207061796C6F61642066A4
:1071C00061696C65640A00424C453A2073746172CF
:1071D00074696E67206164766572746973652E2EBA
:1071E0002E0A00424C453A204552524F52202D2043
:1071F000616476657274697365207374617274205A
:107200006661696C65640A00424C453A20616476A7
:107210006572746973696E672073746172746564F2
:1072200020286E616D653D25732C202564206279D0
:10723000746573290A00436F6E666967207361760F
:107240006564202867726F75703D3078253032583C
:107250002900436F6E66696720696E697469616CA5
:10726000697A65642066726F6D20666163746F72FF
:10727000792064656661756C7473202867726F7518
:10728000703D30782530325820726F6F6D3D256427
:107290002900000041524F4C010000000000000096
:1072A0000001000C000000000000000042757A7A26
:1072B000657220696E697469616C697A65642028F9
:1072C00070696E2050305F25642C202564487A2C2C
:1072D00020746F6E6520415049290042757A7A65A5
:1072E000722073656C662D746573743A2033206266
:1072F000656570730042757A7A6572206175746F86
:107300002D73746F7020616674657220256473003C
:107310004C454420737472697020696E69746961A8
:107320006C697A656420282564204C4544732C20C0
:1073300070696E2050305F25642900434D44203031
:107340007830413A206E6565642032206279746538
:107350007300434D4420307830413A20436C6561DE
:107360007220416C6C00434D4420307830413A200B
:10737000416C6C20436C6561722028436F6465200A
:10738000526564206F6E6C792900434D442030783B
:1073900030363A206E65656420313220627974653A
:1073A0007300434D4420307830353A206E65656473
:1073B00020313520627974657300434D4420307864
:1073C00030343A206E656564203234206279746509
:1073D0007300434D4420307830343A20636F6E663A
:1073E0006967207570646174656420616C61726D99
:1073F0003D2564207072696F3D2564206C65643D95
:107400002825642C25642C25642920766F6C3D2565
:107410006400434D4420307830333A206E65656413
:10742000203E3D3220627974657300434D44203024
:107430007830333A20756E6B6E6F776E2070726F96
:10744000746F20616C61726D20256400434D44208F
:107450003078303320436F64653A2067726F7570FF
:107460003D30782530325820616C61726D3D256465
:10747000202D3E20696E7465726E616C3D2564003E
:10748000434D4420307835303A206E656564203EA7
:107490003D31206279746500434D442030783530A9
:1074A0003A205365742047726F75702049443A2022
:1074B000307825303258202D3E2030782530325813
:1074C000000402030105060708506172736572200B
:1074D00074696D656F75742C207265736574746959
:1074E0006E6700496E76616C6964206672616D65D5
:1074F000206C656E6774683A20256400435243200F
:107500006D69736D617463683A2063616C633D30CB
:10751000782530345820726563763D3078253034D4
:10752000580050726F746F636F6C20656E67696E80
:107530006520696E697469616C697A656400000030
:1075400000000000963007772C610EEEBA510999C1
:1075500019C46D078FF46A7035A563E9A395649E1D
:107560003288DB0EA4B8DC791EE9D5E088D9D29741
:107570002B4CB609BD7CB17E072DB8E7911DBF909D
:107580006410B71DF220B06A4871B9F3DE41BE84C1
:107590007DD4DA1AEBE4DD6D51B5D4F4C785D3831D
:1075A00056986C13C0A86B647AF962FDECC9658AC1
:1075B0004F5C0114D96C0663633D0FFAF50D088D1D
:1075C000C8206E3B5E10694CE44160D5727167A2C1
:1075D000D1E4033C47D4044BFD850DD26BB50AA51D
:1075E000FAA8B5356C98B242D6C9BBDB40F9BCAC41
:1075F000E36CD832755CDF45CF0DD6DC593DD1AB9D
:10760000AC30D9263A00DE518051D7C81661D0BFC0
:10761000B5F4B42123C4B3569995BACF0FA5BDB81C
:107620009EB802280888055FB2D90CC624E90BB1C0
:10763000877C6F2F114C6858AB1D61C13D2D66B61C
:107640009041DC760671DB01BC20D2982A10D5EF80
:107650008985B1711FB5B606A5E4BF9F33D4B8E8DC
:10766000A2C9077834F9000F8EA8099618980EE180
:10767000BB0D6A7F2D3D6D08976C6491015C63E6DC
:10768000F4516B6B62616C1CD83065854E0062F200
:10769000ED95066C7BA5011BC1F4088257C40FF55C
:1076A000C6D9B06550E9B712EAB8BE8B7C88B9FC80
:1076B000DF1DDD62492DDA15F37CD38C654CD4FBDC
:1076C0005861B24DCE51B53A7400BCA3E230BBD480
:1076D00041A5DF4AD795D83D6DC4D1A4FBF4D6D3DC
:1076E0006AE96943FCD96E34468867ADD0B860DA80
:1076F000732D0444E51D03335F4C0AAAC97C0DDDDC
:107700003C710550AA41022710100BBE86200CC9FF
:1077100025B56857B3856F2009D466B99FE461CE5B
:107720000EF9DE5E98C9D9292298D0B0B4A8D7C77F
:10773000173DB359810DB42E3B5CBDB7AD6CBAC0DB
:107740002083B8EDB6B3BF9A0CE2B6039AD2B174F7
:107750003947D5EAAF77D29D1526DB048316DC7353
:10776000120B63E3843B64943E6A6D0DA85A6A7AF7
:107770000BCF0EE49DFF099327AE000AB19E077D53
:1077800044930FF0D2A3088768F2011EFEC2066977
:107790005D5762F7CB67658071366C19E7066B6ED3
:1077A000761BD4FEE02BD3895A7ADA10CC4ADD67F7
:1077B0006FDFB9F9F9EFBE8E43BEB717D58EB06053
:1077C000E8A3D6D67E93D1A1C4C2D83852F2DF4FF7
:1077D000F167BBD16757BCA6DD06B53F4B36B24853
:1077E000DA2B0DD84C1B0AAFF64A0336607A0441F7
:1077F000C3EF60DF55DF67A8EF8E6E3179BE694653
:107800008CB361CB1A8366BCA0D26F2536E2685276
:1078100095770CCC03470BBBB91602222F260555D2
:10782000BE3BBAC5280BBDB2925AB42B040AB35C56
:10783000A7FFD7C231CFD0B58B9ED92C1DAEDE5B52
:10784000B0C2649B26F263EC9CA36A750A936D0236
:10785000A906099C3F360EEB856707721357000592
:10786000824ABF95147AB8E2AE2BB17B381BB60CB6
:107870009B8ED2920DBED5E5B7EFDC7C21DFDB0B12
:10788000D4D2D38642E2D4F1F8B3DD686E83DA1F36
:10789000CD16BE815B26B9F6E177B06F7747B71892
:1078A000E65A0888706A0FFFCA3B06665C0B011136
:1078B000FF9E658F69AE62F8D3FF6B6145CF6C1692
:1078C00078E20AA0EED20DD75483044EC2B3033936
:1078D000612667A7F71660D04D476949DB776E3E92
:1078E0004A6AD1AEDC5AD6D9660BDF40F03BD837B6
:1078F00053AEBCA9C59EBBDE7FCFB247E9FFB53012
:107900001CF2BDBD8AC2BACA3093B353A6A3B42435
:107910000536D0BA9306D7CD2957DE54BF67D92391
:107920002E7A66B3B84A61C4021B685D942B6F2A35
:1079300037BE0BB4A18E0CC31BDF055A8DEF022D91
:1079400000C00140001002400020024000D0024070
:1079500025733A256400476F742061206661756C59
:1079600074212069643A203078253038782C2070D2
:10797000633A203078253038782C20696E666F3A6B
:107980002030782530387800433A5C55736572733F
:107990005C7A68756A69655C417070446174615CA9
:1079A0004C6F63616C5C41726475696E6F31355CFC
:1079B0007061636B616765735C72616B5F7275693F
:1079C0005C68617264776172655C6E726635325CA8
:1079D000342E322E345C76617269616E74735C573A
:1079E0006973436F72655F52414B343633315F4286
:1079F0006F6172645C7275695F696E6E65725F6DEE
:107A000061696E2E63005255492056657273696F25
:107A10006E3A2025730052414B2E253032582530C6
:107A2000325825303258007275695F73657475700D
:107A3000007275695F736574757020646F6E6500A0
:107A400043757272656E7420576F726B204D6F6450
:107A5000653A20004C6F5261205032502E0D0A00C2
:107A60004C6F526157414E2E0D0A0046534B2E0D5E
:107A70000A00433A5C55736572735C7A68756A698B
:107A8000655C417070446174615C4C6F63616C5CF7
:107A900041726475696E6F31355C7061636B6167EB
:107AA00065735C72616B5F7275695C686172647743
:107AB0006172655C6E726635325C342E322E345CD7
:107AC00076617269616E74735C576973436F726536
:107AD0005F52414B343633315F426F6172645C7385
:107AE00070692D626F6172642E63000000000000F7
:107AF000010000000200000003000000040000007C
:107B0000050000000600000007000000080000005B
:107B1000090000000A0000000B0000000C0000003B
:107B20000D0000000E0000000F000000100000001B
:107B300011000000120000001300000014000000FB
:107B400015000000160000001700000018000000DB
:107B5000190000001A0000001B0000001C000000BB
:107B60001D0000001E0000001F000000200000009B
:107B7000210000002200000023000000240000007B
:107B8000250000002600000027000000280000005B
:107B9000290000002A0000002B0000002C0000003B
:107BA0002D0000002E0000002F00000014A3002074
:107BB000494E4600696E66004E414E006E616E0091
:107BC0003031323334353637383941424344454613
:107BD00000303132333435363738396162636465A9
:107BE000660000202020202020202020282828286F
:107BF000282020202020202020202020202020207D
:107C000020202088101010101010101010101010CC
:107C100010101004040404040404040404101010DC
:107C20001010101041414141414101010101010188
:107C30000101010101010101010101010101101016
:107C4000101010104242424242420202020202025C
:107C500002020202020202020202020202021010E8
:107C600010102000000000000000000000000000D4
:107C70000000000000000000000000000000000004
:107C800000000000000000000000000000000000F4
:107C900000000000000000000000000000000000E4
:107CA00000000000000000000000000000000000D4
:107CB00000000000000000000000000000000000C4
:107CC00000000000000000000000000000000000B4
:107CD00000000000000000000000000000000000A4
:107CE000000000496E66696E697479004E614E004D
:107CF0000080E03779C34143176E05B5B5B89346A8
:107D0000F5F93FE9034F384D321D30F94877825A73
:107D10003CBF737FDD4F1575000000000000F03F91
:107D20000000000000002440000000000000594056
:107D30000000000000408F40000000000088C340A9
:107D400000000000006AF8400000000080842E411E
:107D500000000000D01263410000000084D797416A
:107D60000000000065CDCD41000000205FA0024270
:107D7000000000E876483742000000A2941A6D42E5
:107D8000000040E59C30A2420000901EC4BCD642D8
:107D900000003426F56B0C430080E03779C3414383
:107DA00000A0D8855734764300C84E676DC1AB43F9
:107DB000003D9160E458E143408CB5781DAF154417
:107DC00050EFE2D6E41A4B4492D54D06CFF08044F2
:107DD000F64AE1C7022DB544B49DD9794378EA4407
:107DE00005000000190000007D000000232D302B4D
:107DF0002000686C4C0065666745464700504F534D
:107E0000495800010000006E75735F6572726F72F1
:107E10005F68616E646C65723A257500433A5C5523
:107E2000736572735C7A68756A69655C41707044E9
:107E30006174615C4C6F63616C5C41726475696E06
:107E40006F31355C7061636B616765735C72616B28
:107E50005F7275695C68617264776172655C6E728D
:107E60006635325C342E322E345C636F7265735C1F
:107E70006E5246355C636F6D706F6E656E745C63D9
:107E80006F72655C6D63755C6E7266353238343066
:107E90005C7568616C5C7568616C5F626C652E63B3
:107EA0000044617461206C656E2069732073657491
:107EB00020746F20307825582825642900415454B7
:107EC000204D54552065786368616E676520636F47
:107ED0006D706C657465642E2063656E7472616C80
:107EE0002030782578207065726970686572616CE1
:107EF00020307825780025733A2025643A202573B0
:107F000028293A206E72665F6572726F723D257520
:107F100000284446552920626C655F6466755F657C
:107F200076745F68616E646C65720044657669633F
:107F30006520697320707265706172696E67207464
:107F40006F20656E74657220626F6F746C6F616410
:107F50006572206D6F64652E00446973636F6E6E89
:107F60006563746564202564206C696E6B732E00F4
:107F70004465766963652077696C6C20656E74650D
:107F80007220626F6F746C6F61646572206D6F64D4
:107F9000652E2E2E005265717565737420746F20E6
:107FA000656E74657220626F6F746C6F6164657268
:107FB000206D6F6465206661696C6564206173790A
:107FC0006E6368726F6E656F75736C792E005265A3
:107FD000717565737420746F2073656E6420612001
:107FE000726573706F6E736520746F20636C696562
:107FF0006E74206661696C65642E00556E6B6E6FE1
:10800000776E206576656E742066726F6D20626C87
:10801000655F6466755F627574746F6E6C657373AB
:108020002E004661696C656420746F206469736317
:108030006F6E6E65637420636F6E6E656374696FD7
:108040006E2E20436F6E6E656374696F6E2068617B
:108050006E646C653A202564204572726F723A2016
:10806000256400446973636F6E6E65637465642094
:10807000636F6E6E656374696F6E2068616E646CA9
:108080006520256400284E55532920446973636F89
:108090007665727920636F6D706C6574652E00284B
:1080A0004E55532920446973636F6E6E6563746522
:1080B000642E00257520617661696C61626C6520B3
:1080C0006973206C657373207468616E2025752058
:1080D0007265636569766564210028424C452053CA
:1080E00063616E29205363616E2074696D6564203D
:1080F0006F75742E0073656E64696E6720666169C2
:108100006C65642E20282575290052414B0025738B
:108110002E25303258253032582530325800284E1E
:10812000555329424C4520757365206E6F6E65204E
:1081300070616972696E672E00424C455F4741501D
:108140005F4556545F504153534B45595F44495323
:10815000504C41593A20706173736B65793D2573BA
:10816000206D617463685F7265713D256400506CB9
:108170006561736520696E707574205B25735D2081
:1081800070617373636F646520746F20796F7572AB
:1081900020736D61727470686F6E652061707073AA
:1081A0002E0D0A00424C455F4741505F4556545FD3
:1081B000415554485F5354415455533A20737461A8
:1081C0007475733D3078257820626F6E643D307829
:1081D0002578206C76343A202564206B64697374AA
:1081E0005F6F776E3A30782578206B646973745FBF
:1081F000706565723A307825780050616972696EF1
:10820000672070726F63656475726520636F6D704F
:108210006C65746564207769746820737563636541
:1082200073732E0D0A0050616972696E6720707257
:108230006F636564757265206661696C2E0D0A0056
:10824000284556542920436F6E6E65637465642E0D
:1082500000436F6E6E65637465642E0D0A00436F94
:108260006E6E656374696F6E203078257820657353
:108270007461626C69736865642C207374617274D4
:10828000696E6720444220646973636F7665727912
:108290002E004D414320697320253032582D253062
:1082A00032582D253032582D253032582D25303278
:1082B000582D2530325800284556542920446973DA
:1082C000636F6E6E65637465642E00446973636FDB
:1082D0006E6E65637465642E0D0A00284E55532931
:1082E00050485920757064617465207265717565B8
:1082F00073742E00284E555329424C455F47415018
:108300005F4556545F5345435F504152414D535F63
:10831000524551554553542E00284E555329424C31
:10832000455F4741505F4556545F444154415F4C5F
:10833000454E4754485F5550444154455F5245515E
:10834000554553542E00424C455F4741505F4556BA
:10835000545F54494D454F555400284E55532942BA
:108360004C455F47415454535F4556545F535953EE
:108370005F415454525F4D495353494E472E002894
:108380004E555329424C455F47415454435F45562F
:10839000545F54494D454F55542E00284E5553298E
:1083A000424C455F47415454535F4556545F5449CE
:1083B0004D454F55542E00284E555329424C455F8C
:1083C0004556545F555345525F4D454D5F5245519B
:1083D00055455354206572725F636F6465203D207C
:1083E000256400284E555329424C455F474154545B
:1083F000535F4556545F52575F415554484F524959
:108400005A455F524551554553542E00284E5553F9
:1084100029424C455F47415454535F4F505F455884
:1084200045435F57524954455F5245515F43414E62
:1084300043454C2E0028424C45205363616E29531E
:108440007570706F7274204C6F6E672052616E672A
:10845000652E00284E555329205370706F7274207A
:10846000424C452044465500534420616C7265617E
:10847000647920656E61626C656400534420456ECA
:1084800061626C656400626C655F616476657274DC
:108490006973696E675F7374617274002842656105
:1084A000636F6E292053746172742E0073645F626F
:1084B0006C655F6761705F6164765F73746172742D
:1084C0003A25750020202020202020202020202058
:1084D0002020202020202028534F4329207265533C
:1084E00074617274204164766572746973696E6731
:1084F0002E2E2E00466C6173682052656164206DDB
:1085000075737420636C6F73653A2564002530328F
:1085100058253032582530325825303258253032DF
:10852000582530325800636F6E6E5F706172616DF6
:10853000735F6572726F725F68616E646C65720002
:10854000C8E0002028E00020040000002000000017
:108550000100000074E10020D4E0002004000000CD
:10856000200000000100000020E2002080E1002047
:10857000040000002000000001000000CCE2002008
:108580002CE2002004000000200000000100000098
:1085900078E30020D8E20020040000002000000062
:1085A00001000000433A5C55736572735C7A68752C
:1085B0006A69655C417070446174615C4C6F6361B1
:1085C0006C5C41726475696E6F31355C7061636BB0
:1085D000616765735C72616B5F7275695C6861721B
:1085E00064776172655C6E726635325C342E322E51
:1085F000345C636F7265735C6E5246355C636F6D9D
:10860000706F6E656E745C636F72655C6D63755CD4
:108610006E726635323834305C7568616C5C7568D2
:10862000616C5F626C655F6869642E63002848490D
:108630004429436F6E6E656374656400284849443D
:1086400029446973636F6E6E6563746564002848BE
:1086500049442950485920757064617465207265D9
:1086600071756573742E002848494429424C455F52
:1086700047415454535F4556545F48564E5F5458D3
:108680005F434F4D504C4554452E002848494429DE
:108690004741545420436C69656E742054696D657C
:1086A0006F75742E0028484944294741545420537B
:1086B00065727665722054696D656F75742E002839
:1086C00048494429424C455F4741505F4556545FF5
:1086D0004144565F5345545F5445524D494E4154B1
:1086E000454400457261736520626F6E64732100BA
:1086F000096D5F77686974656C6973745F7065652F
:10870000725F636E742025642C204D41585F504584
:108710004552535F574C495354202564002848491B
:10872000442977686974656C6973745F7365742034
:108730003A20256400284849442920657261736500
:108740005F626F6E6473203D2025640048494420B9
:108750004B6579626F6172642073746172746564D1
:108760002028626C655F63757272656E745F7365F5
:108770007276696365293A202564200028484944B7
:10878000292053746F70204164766572746973692F
:108790006E672E203A20256400284849442920533A
:1087A000657420545820506F776572203A202578E0
:1087B000002848494429204452565F424C455F41B5
:1087C00044565F4D4F44455F464153540028484945
:1087D0004429204452565F424C455F4144565F4D08
:1087E0004F44455F534C4F57002848494429206166
:1087F00064766572746973696E6720696E746572F8
:1088000076616C203D20256420286D73290028485E
:10881000494429206164766572746973696E6720C2
:1088200074696D656F7574203D202564202873651B
:1088300063290028484944292053746172742041F7
:1088400064766572746973696E672E203A202578A4
:108850000000000000000000000000000000000018
:108860000338FDD87047433A5C55736572735C7A80
:1088700068756A69655C417070446174615C4C6FD5
:1088800063616C5C41726475696E6F31355C7061F7
:10889000636B616765735C72616B5F7275695C685D
:1088A000617264776172655C6E726635325C342E1B
:1088B000322E345C636F7265735C6E5246355C6356
:1088C0006F6D706F6E656E745C636F72655C6D6307
:1088D000755C6E726635323834305C7568616C5C1C
:1088E0007568616C5F7274632E6300433A5C557304
:1088F0006572735C7A68756A69655C417070446121
:1089000074615C4C6F63616C5C41726475696E6F1D
:1089100031355C7061636B616765735C72616B5F5D
:108920007275695C68617264776172655C6E7266AB
:1089300035325C342E322E345C636F7265735C6E3C
:108940005246355C636F6D706F6E656E745C636FFD
:1089500072655C6D63755C6E726635323834305C9E
:108960007568616C5C7568616C5F74696D65722EA9
:1089700063000000B0E80020D0E80020F0E800200C
:1089800010E9002030E90020D0E70020F0E70020C7
:1089900010E8002030E8002050E800204150505FEF
:1089A000555342445F4344435F41434D5F555345F4
:1089B000525F4556545F504F52545F4F50454E00E2
:1089C0004150505F555342445F4344435F41434DE0
:1089D0005F555345525F4556545F504F52545F4365
:1089E0004C4F53450042797465732077616974690F
:1089F0006E673A2025640052583A2073697A653AC6
:108A000020256C7520636861723A203078257800E3
:108A100044726F703A2073697A653A20256C75202C
:108A2000636861723A2025632830782578290055DB
:108A3000534220706F776572206465746563746556
:108A4000640055534220706F7765722072656D6FB8
:108A50007665640055534220726561647900433A3B
:108A60005C55736572735C7A68756A69655C4170A0
:108A700070446174615C4C6F63616C5C41726475DD
:108A8000696E6F31355C7061636B616765735C72D1
:108A9000616B5F7275695C68617264776172655C55
:108AA0006E726635325C342E322E345C636F7265C2
:108AB000735C6E5246355C636F6D706F6E656E747D
:108AC0005C636F72655C6D63755C6E7266353238BF
:108AD00034305C7568616C5C7568616C5F7573627D
:108AE0002E630000000000000000000000000000F5
:108AF0000338FDD870470800000000008CE9002012
:108B000040CF06000200010601020482810100003C
:108B10000082010181000000ADE8020066C400206F
:108B200000000000E5E9020000000000040209075F
:108B300005080106001415160A0000040010004084
:108B40000000804200008043000080440000804517
:108B50000000804633335340000040409A9919404A
:108B60006666E63F9A99993F0A232323232323200D
:108B70003D3D3D3D3D3D3D3D3D3D3D204D4C4D450B
:108B80002D52657175657374203D3D3D3D3D3D3D04
:108B90003D3D3D3D3D202323232323230A00232362
:108BA00023232323202020202020202020202020B9
:108BB0002020204D4C4D455F4A4F494E202020201B
:108BC0002020202020202020202020232323232396
:108BD000230A00232323232323203D3D3D3D3D3D08
:108BE0003D3D3D3D3D3D3D3D3D3D3D3D3D3D3D3DB5
:108BF0003D3D3D3D3D3D3D3D3D3D3D3D3D3D3D20C2
:108C00002323232323230A00232323232323202076
:108C1000202020202020202020204D4C4D455F4C3E
:108C2000494E4B5F434845434B20202020202020C5
:108C300020202020202323232323230A002323234F
:108C40002323232020202020202020202020204DEE
:108C50004C4D455F4445564943455F54494D452079
:108C600020202020202020202020232323232323F2
:108C70000A00232323232323202020202020202018
:108C8000202020202020204D4C4D455F5458435734
:108C900020202020202020202020202020202023D1
:108CA00023232323230A00232323232323202020D9
:108CB00020202020202020202020204D4C4D455FCA
:108CC000554E4B4E4F574E20202020202020202054
:108CD000202020202323232323230A0053544154FC
:108CE00055532020202020203A2025730A004E656D
:108CF000787420547820696E20203A20256C7520E5
:108D00005B6D735D0A000A232323232323203D3D4B
:108D10003D3D3D3D3D3D3D3D3D204D4350532D525C
:108D2000657175657374203D3D3D3D3D3D3D3D3D67
:108D30003D3D3D202323232323230A0023232323F4
:108D400023232020202020202020202020204D43CD
:108D500050535F434F4E4649524D454420202020FA
:108D60002020202020202020202323232323230A07
:108D70000023232323232320202020202020202001
:108D800020204D4350535F554E434F4E4649524D60
:108D90004544202020202020202020202020232384
:108DA000232323230A0023232323232320202020DB
:108DB000202020202020204D4350535F50524F5000
:108DC0005249455441525920202020202020202063
:108DD0002020202323232323230A002323232323A8
:108DE0002320202020202020202020202020202080
:108DF000204D4350535F4552524F52202020202097
:108E000020202020202020202323232323230A0086
:108E10002B42433A4C4F53540D0A002B42433A4CD9
:108E20004F434B45440D0A002B42433A4641494CBF
:108E300045445F25640D0A002B42433A4641494CA4
:108E400045440D0A002530326468253032646D25B2
:108E500030326473206F6E20253032642F2530321B
:108E6000642F253034640051756572795478506FE1
:108E7000737369626C653A2025732C205573657293
:108E80004461746153697A6520256420506F73735F
:108E900069626C654461746153697A652025642058
:108EA0004164646974696F6E616C464F707473538A
:108EB000697A652025640D0A005278314672657121
:108EC00075656E63793A25750D0A005278434672CE
:108ED000657175656E63793A25750D0A00436861A1
:108EE0006E6E656C7344617461726174653A256479
:108EF0000D0A004368616E6E656C735478506F772D
:108F000065723A25640D0A0046436E7455703A2521
:108F1000750D0A00526573747269637465645F57F6
:108F20006169745F25645F6D730D0A002B455654AB
:108F30003A52585F25733A25643A2564003A4D55F4
:108F40004C544943415354003A554E4943415354BC
:108F5000002B4556543A4C494E4B434845434B3AF7
:108F6000303A25643A25643A25643A25640D0A00AE
:108F7000526563656976696E6720696E2052585F35
:108F8000534C4F545F57494E5F310D0A0052656391
:108F9000656976696E6720696E2052585F534C4F41
:108FA000545F57494E5F320D0A005265636569761A
:108FB000696E6720696E2052585F534C4F545F575B
:108FC000494E5F434C4153535F430D0A004465765D
:108FD000416464726573733A253038780D0A005025
:108FE0006F72743A25640D0A00527373693A2564EE
:108FF0000D0A00536E723A25640D0A0052784461DE
:109000007461726174653A25750D0A0046436E7489
:10901000446F776E3A25750D0A004C6F52614D61B1
:10902000634D696247657452657175657374436F0A
:109030006E6669726D204552524F520D0A002B45E3
:1090400056543A53454E445F434F4E4649524D4560
:10905000445F4F4B0D0A002B4556543A53454E443E
:109060005F434F4E4649524D45445F4641494C454A
:1090700044282564290D0A002B4556543A54585F5C
:10908000444F4E450D0A002B4556543A4A4F494E1F
:109090005F4641494C45445F25640D0A002B455607
:1090A000543A4A4F494E45440D0A002B4556543A0E
:1090B0005357495443485F4641494C45440D0A00C3
:1090C0002B4556543A4A4F494E5F4641494C454418
:1090D0005F52585F54494D454F55540D0A002B457A
:1090E00056543A4A4F494E5F4641494C45445F54B5
:1090F000585F54494D454F55540D0A0052656365FC
:109100006976696E67204D4C4D455F4A4F494E0D5B
:109110000A00446576416464723A253038780D0A55
:10912000002B4556543A54494D455245515F4F4BDB
:109130000D0A002B4556543A54494D455245515F4E
:109140004641494C45440D0A002B42433A444F4E98
:10915000450D0A002B4556543A4C494E4B43484561
:10916000434B3A313A303A303A303A300D0A002B1C
:1091700042433A53544F5020414351554953495467
:10918000494F4E0D0A00257328293A4661696C0D36
:109190000A004F4B0042757379005365727669631C
:1091A0006520756E6B6E6F776E00506172616D65D4
:1091B00074657220696E76616C69640046726571CF
:1091C00075656E637920696E76616C6964004461CF
:1091D00074617261746520696E76616C69640046C1
:1091E00072657175656E6379206F72206461746158
:1091F0007261746520696E76616C6964004E6F20DF
:109200006E6574776F726B206A6F696E6564004C6F
:10921000656E677468206572726F72005265676967
:109220006F6E206E6F7420737570706F72746564EA
:1092300000536B6970706564204150502064617404
:109240006100447574792D6379636C652072657370
:1092500074726963746564004E6F206368616E6E3A
:10926000656C20666F756E64004E6F206672656572
:10927000206368616E6E656C20666F756E64004277
:1092800075737920626561636F6E207265736572B4
:109290007665642074696D65004275737920706924
:1092A0006E672D736C6F742077696E646F772074AE
:1092B000696D6500427573792075706C696E6B20FD
:1092C000636F6C6C6973696F6E0043727970746F51
:1092D000206572726F720046436E742068616E641E
:1092E0006C6572206572726F72004D414320636F2E
:1092F0006D6D616E64206572726F7200436C617394
:109300007342206572726F7200436F6E6669726D90
:10931000207175657565206572726F72004D756C90
:109320007469636173742067726F757020756E6401
:109330006566696E656400556E6B6E6F776E20654D
:1093400072726F7200000000929106009591060003
:109350009A910600AA910600BC910600CE910600E3
:10936000DF910600FD9106000F9206001C92060098
:109370003192060042920600589206006992060059
:109380007F92060099920600B4920600CA920600E7
:10939000D7920600EA920600FC92060009930600A6
:1093A0001D93060037930600736572766963655FE7
:1093B0006C6F72615F7365745F6C6F72615F64651F
:1093C0006661756C740000002DFB060031FB060021
:1093D000DCE10600DCE106002F7106002F710600BB
:1093E0002B4556543A525850325020524543454925
:1093F0005645204552524F520D0A002B4556543ABD
:10940000525846534B2052454345495645204552F4
:10941000524F520D0A002B4556543A525850325072
:1094200020524543454956452054494D454F5554D2
:109430000D0A002B4556543A525846534B2052457C
:1094400043454956452054494D454F55540D0A0052
:109450002B4556543A545850325020444F4E450DE7
:109460000A002B4556543A545846534B20444F4E0D
:10947000450D0A004C6F5261205032502052582046
:1094800049563A20002B4556543A52585032503AD9
:1094900025643A25643A002B4556543A52584653AF
:1094A0004B3A25643A25643A004C6F5261205032A1
:1094B000502054582049563A20004C6F5261205099
:1094C00032502073656E6420646174613A202825EF
:1094D000642920005032505F52585F4F4E20616C1B
:1094E00072656164790D0A004F6E547854696D6538
:1094F0006F7574004F6E5478446F6E650D0A00529C
:1095000078202564206F6620256420203E3E3E2082
:109510005045523D2025642025250D0A00527373C5
:109520006956616C75653D2025642064426D2C2070
:10953000536E7256616C75653D202564200D0A00DE
:10954000547820486F7020617420256420487A0D7B
:109550000A0054782054657374203A205061636B7C
:109560006574202564206F662025640D0A005478F8
:1095700020546573740D0A00545254482066726575
:10958000712073746172742025640D0A0054525462
:109590004820667265712073746F702025640D0A0F
:1095A000005452544820686F70696E672073746568
:1095B000702025640D0A0054525448206E62202504
:1095C000640D0A0054525448206D6F64656D202567
:1095D000640D0A005452544820706F77657220253C
:1095E000640D0A0054525448206664657620256450
:1095F0000D0A00545254482062616E6477696474A5
:10960000682025640D0A0054525448206461746136
:10961000726174652025640D0A0054525448206319
:109620006F6465726174652025640D0A005452549C
:109630004820707265616D626C654C656E202564B2
:109640000D0A0054525448206669784C656E2025F6
:10965000640D0A0054525448206372634F6E2025F3
:10966000640D0A00545254482046726571486F7068
:109670004F6E2025640D0A005452544820486F70E4
:10968000506572696F642025640D0A005452544875
:10969000206971496E7665727465642025640D0ACF
:1096A000005452544820747854696D656F75742065
:1096B00025640D0A0054525448207061796C6F6122
:1096C000644C656E2025640D0A00000048E8010026
:1096D00048E8010048E8010048E8010048E80100C6
:1096E00048E8010090D003000000000048E80100B5
:1096F00048E8010048E8010048E8010048E80100A6
:1097000048E8010020A107000000000020A1070098
:1097100020A1070020A1070020A1070020A1070029
:1097200020A10700000000000000000048E8010040
:1097300048E8010048E8010048E8010048E8010065
:1097400048E8010020A107000000000048E80100EF
:1097500048E8010048E8010048E8010048E8010045
:1097600048E8010090D003000000000048E8010034
:1097700048E8010048E8010048E8010048E8010025
:1097800048E8010090D003000000000048E8010014
:1097900048E8010048E8010048E8010048E8010005
:1097A00048E8010090D003000000000048E80100F4
:1097B00048E8010048E8010048E8010048E80100E5
:1097C00048E8010090D003000000000048E80100D4
:1097D00048E8010048E8010048E8010048E80100C5
:1097E00048E8010048E8010048E8010048E80100B5
:1097F00048E8010048E8010048E8010020A107000E
:109800000000000020A1070020A1070020A1070000
:1098100020A1070020A1070020A1070000000000F0
:109820000000000048E8010048E8010048E80100A5
:1098300048E8010020A1070000000000000000002F
:109840000000000020A1070020A1070020A10700C0
:1098500020A1070020A1070020A1070000000000B0
:10986000000000000C0B0A09080707320C0B0A095C
:10987000080708000C0B0A09080700000C0B0A096E
:1098800008070A090807080000000C0B0A09080766
:1098900000000D0A25730030303030303030300099
:1098A00041542B4C4F434B3D3F0041542B4C4F43B5
:1098B0004B3D6C6F636B65640D0A4F4B0D0A0043A3
:1098C0004F4D4D414E445F4C4F434B45440D0A00B4
:1098D0000100000000000000010200000000000084
:1098E0000100030000000000080000040000000068
:1098F000010000000500000001000000060000005B
:1099000001070000000000000100000000000B0043
:10991000010900000000000001000000000A000032
:109920000100000000000B0001000000000000002A
:10993000080A0C0D0E10121415181A1B1D1E2124D6
:1099400000010101020305020501060202050202EF
:1099500006030201050404000000000000000000EE
:109960000000000248E8010048E8010048E8010062
:1099700048E8010048E8010048E8010090D00300F1
:1099800000000000030000000201000C0B0A09089F
:109990000707320000000000000102010000000083
:1099A00000020302010000000003040302010000A2
:1099B000000405040302010000050605040302017A
:1099C000000607060504030201070707060504034E
:1099D000020707020202020202020202020202025D
:1099E0000202030202020202020304030202020252
:1099F0000204050403020202020506050403020232
:109A0000020607060504030202070707060504030A
:109A100002070733337373F2F2F2F200000B357D65
:109A2000F2F2F20048E8010048E8010048E80100CD
:109A300048E8010048E8010048E8010020A10700CB
:109A40000000000020A1070020A1070020A10700BE
:109A500020A1070020A1070020A1070000000000AE
:109A60000000000008080808080809080808080895
:109A70000A09080808080B0A090808080C0B0A0953
:109A800008080D0C0B0A09080D0D0C0B0A090C0B2C
:109A90000A09080708000C0B0A09080700003333FD
:109AA0003373F2F2F2003581F2F2F2F200000B357C
:109AB0007DF2F2003581F2F2F2F20000A027BE330F
:109AC0000000000050010000E034C133000000003D
:109AD000500100002042C43300000000500100008B
:109AE00048E8010048E8010048E8010048E80100B2
:109AF00048E8010048E8010090D0030000000000A1
:109B0000030000000201000C0B0A090807073233AA
:109B1000333373F2F2F2F20064CE8F3300000000B0
:109B20005000000084FE943300000000500000004C
:109B3000E8E19D33000000005000000048E801000B
:109B400048E8010048E8010048E8010048E8010051
:109B500048E8010090D0030000000000030000006E
:109B60000201000C0B0A0908070732000000000080
:109B700000010201000000000002030201000000D9
:109B800000030403020100000004050403020100B5
:109B900000050505040302010005070000000000A0
:109BA000000000070505040302070733333373F28F
:109BB000F2F2F2002021F636000000005000000012
:109BC000602EF9360000000050000000A03BFC367B
:109BD000000000005000000048E8010048E80100D3
:109BE00048E8010048E8010048E8010048E80100B1
:109BF000030000000201000C0B0A0908073333338D
:109C000073F2F20048E8010048E8010048E801006A
:109C100048E8010048E8010048E8010020A10700E9
:109C20000000000020A1070020A1070020A10700DC
:109C300020A1070020A1070020A1070000000000CC
:109C400000000000080808080808090808080808B3
:109C50000A09080808080B0A090808080C0B0A0971
:109C600008080D0C0B0A09080D0D0C0B0A090C0B4A
:109C70000A09080708000C0B0A090807000033331B
:109C80003373F2F2F2003581F2F2F2F200000000DA
:109C90000B357DF2F200358181F2F2F2F200000024
:109CA000A05CCA330000000070000000E069CD3302
:109CB000000000007000000048E8010048E80100D2
:109CC00048E8010048E8010048E8010048E80100D0
:109CD00090D0030000000000030000000201000C0F
:109CE0000B0A090807073233333373F2F2F2F2003A
:109CF00048E8010048E8010048E8010048E80100A0
:109D000020A107000000000000000000000000008B
:109D100020A1070020A1070020A1070020A1070023
:109D200020A1070020A107000000000000000000A3
:109D30000A0908080B0A09080C0B0A090D0C0B0A82
:109D40000D0D0C0B0A090807080000000C0B0A098E
:109D5000080700000B357DF2F20000003581F2F2B9
:109D6000F2F20000C6F8EEF6FFD6DE916002CE56A3
:109D7000E7B54DEC8F1F89FAEFB28EFB41B35F451B
:109D80002353E49B75E13D4C6C7EF5836851D1F91A
:109D9000E2AB622A0895469D30370A2F0E241BDF5E
:109DA000CD4E7FEA121D583436DCB45BA476B77D05
:109DB00052DD5E13A6B900C140E379B6D48D677257
:109DC0009498B085BBC54FED869A66118AE904FE6A
:109DD000A078254BA25D80053F2170F16377AF42EB
:109DE00020E5FDBF811826C3BE35882E9355FC7A29
:109DF000C8BA32E6C0199EA344543B0B8CC76B28EB
:109E0000A7BC16ADDB647414920C48B89FBD43C464
:109E10003931D3F2D58B6EDA01B19C49D8ACF3CF8E
:109E2000CAF447106FF04A5C38577397CBA1E83EED
:109E300096610D0FE07C71CC9006F71CC26AAE698A
:109E400017993A27D9EB2B22D2A907332D3C15C9F4
:109E500087AA50A50359091A65D784D082295A1EAA
:109E60007BA86D2CA584998D0DBDB1545003A97D9F
:109E70001962E69A459D408715EBC90BEC67FDEA30
:109E8000BFF7965BC21CAE6A5A41024F5CF43408BD
:109E90009373533F0C52655E28A10FB509369B3D65
:109EA0002669CD9F1B9E742E2DB2EEFBF64D61CE22
:109EB0007B3E7197F568002C601FC8EDBE46D94BFC
:109EC000DED4E84A6B2AE516C5D75594CF10068133
:109ED000F044BAE3F3FEC08AADBC4804DFC1756349
:109EE000301A0E6D4C14352FE1A2CC3957F282474F
:109EF000ACE72B95A098D17F667EAB83CA29D33C73
:109F000079E21D763B564E1EDB0A6CE45D6EEFA6D1
:109F1000A8A4378B324359B78C64D2E0B4FA072532
:109F2000AF8EE918D5886F7224F1C751237C9C212C
:109F3000DDDC86859042C4AAD8050112A35FF9D062
:109F4000915827B93813B333BB7089A7B622922032
:109F500049FF787A8FF88017DA31C6B8C3B0771125
:109F6000CBFCD63A0009121B242D363F48415A53E8
:109F70006C657E779099828BB4BDA6AFD8D1CAC3E9
:109F8000FCF5EEE73B3229201F160D04737A616859
:109F9000575E454CABA2B9B08F869D94E3EAF1F8C9
:109FA000C7CED5DC767F646D525B40493E372C25A9
:109FB0001A130801E6EFF4FDC2CBD0D9AEA7BCB5A9
:109FC0008A8398914D445F5669607B72050C171E19
:109FD0002128333ADDD4CFC6F9F0EBE2959C878E89
:109FE000B1B8A3AAECE5FEF7C8C1DAD3A4ADB6BFF9
:109FF0008089929B7C756E6758514A43343D262F69
:10A000001019020BD7DEC5CCF3FAE1E89F968D84D8
:10A01000BBB2A9A0474E555C636A71780F061D1448
:10A020002B2239309A938881BEB7ACA5D2DBC0C948
:10A03000F6FFE4ED0A0318112E273C35424B505928
:10A04000666F747DA1A8B3BA858C979EE9E0FBF298
:10A05000CDC4DFD63138232A151C070E79706B6208
:10A060005D544F46000B161D2C273A3158534E4570
:10A07000747F6269B0BBA6AD9C978A81E8E3FEF568
:10A08000C4CFD2D97B706D66575C414A2328353ED8
:10A090000F041912CBC0DDD6E7ECF1FA9398858E48
:10A0A000BFB4A9A2F6FDE0EBDAD1CCC7AEA5B8B338
:10A0B0008289949F464D505B6A617C771E15080328
:10A0C0003239242F8D869B90A1AAB7BCD5DEC3C898
:10A0D000F9F2EFE43D362B20111A070C656E737808
:10A0E00049425F54F7FCE1EADBD0CDC6AFA4B9B278
:10A0F0008388959E474C515A6B607D761F140902E8
:10A100003338252E8C879A91A0ABB6BDD4DFC2C957
:10A11000F8F3EEE53C372A21101B060D646F7279C7
:10A1200048435E55010A171C2D263B3059524F44B7
:10A13000757E6368B1BAA7AC9D968B80E9E2FFF4A7
:10A14000C5CED3D87A716C67565D404B2229343F17
:10A150000E051813CAC1DCD7E6EDF0FB9299848F87
:10A16000BEB5A8A3000D1A1734392E236865727F77
:10A170005C51464BD0DDCAC7E4E9FEF3B8B5A2AFE7
:10A180008C81969BBBB6A1AC8F829598D3DEC9C457
:10A19000E7EAFDF06B66717C5F524548030E1914C7
:10A1A000373A2D206D60777A5954434E05081F12B7
:10A1B000313C2B26BDB0A7AA8984939ED5D8CFC2A7
:10A1C000E1ECFBF6D6DBCCC1E2EFF8F5BEB3A4A917
:10A1D0008A87909D060B1C11323F28256E63747987
:10A1E0005A57404DDAD7C0CDEEE3F4F9B2BFA8A577
:10A1F000868B9C910A07101D3E332429626F787567
:10A20000565B4C41616C7B7655584F420904131ED6
:10A210003D30272AB1BCABA685889F92D9D4C3CE46
:10A22000EDE0F7FAB7BAADA0838E9994DFD2C5C836
:10A23000EBE6F1FC676A7D70535E49440F02151826
:10A240003B36212C0C01161B3835222F64697E7396
:10A25000505D4A47DCD1C6CBE8E5F2FFB4B9AEA306
:10A26000808D9A97000E1C123836242A707E6C62FC
:10A270004846545AE0EEFCF2D8D6C4CA909E8C826E
:10A28000A8A6B4BADBD5C7C9E3EDFFF1ABA5B7B952
:10A29000939D8F813B352729030D1F114B4557593E
:10A2A000737D6F61ADA3B1BF959B8987DDD3C1CFAE
:10A2B000E5EBF9F74D43515F757B69673D33212F1E
:10A2C000050B191776786A644E40525C06081A141A
:10A2D0003E30222C96988A84AEA0B2BCE6E8FAF40E
:10A2E000DED0C2CC414F5D537977656B313F2D2372
:10A2F0000907151BA1AFBDB39997858BD1DFCDC3DE
:10A30000E9E7F5FB9A948688A2ACBEB0EAE4F6F8D9
:10A31000D2DCCEC07A746668424C5E500A041618CD
:10A32000323C2E20ECE2F0FED4DAC8C69C92808E3D
:10A33000A4AAB8B60C02101E343A28267C72606EAD
:10A34000444A585637392B250F01131D47495B5591
:10A350007F71636DD7D9CBC5EFE1F3FDA7A9BBB57D
:10A360009F91838D52096AD53036A538BF40A39E90
:10A3700081F3D7FB7CE339829B2FFF87348E4344E4
:10A38000C4DEE9CB547B9432A6C2233DEE4C950B40
:10A3900042FAC34E082EA16628D924B2765BA249A0
:10A3A0006D8BD12572F8F66486689816D4A45CCCBF
:10A3B0005D65B6926C704850FDEDB9DA5E15465792
:10A3C000A78D9D8490D8AB008CBCD30AF7E45805C8
:10A3D000B8B34506D02C1E8FCA3F0F02C1AFBD03D4
:10A3E00001138A6B3A9111414F67DCEA97F2CFCEA5
:10A3F000F0B4E67396AC7422E7AD3585E2F937E840
:10A400001C75DF6E47F11A711D29C5896FB7620E81
:10A41000AA18BE1BFC563E4BC6D279209ADBC0FE62
:10A4200078CD5AF41FDDA8338807C731B11210590F
:10A430002780EC5F60517FA919B54A0D2DE57A9F01
:10A4400093C99CEFA0E03B4DAE2AF5B0C8EBBB3CF6
:10A4500083539961172B047EBA77D626E16914637A
:10A4600055210C7D637C777BF26B6FC53001672BC8
:10A47000FED7AB76CA82C97DFA5947F0ADD4A2AFF8
:10A480009CA472C0B7FD9326363FF7CC34A5E5F106
:10A4900071D8311504C723C31896059A071280E2B4
:10A4A000EB27B27509832C1A1B6E5AA0523BD6B308
:10A4B00029E32F8453D100ED20FCB15B6ACBBE3978
:10A4C0004A4C58CFD0EFAAFB434D338545F9027F64
:10A4D000503C9FA851A3408F929D38F5BCB6DA211D
:10A4E00010FFF3D2CD0C13EC5F974417C4A77E3D49
:10A4F000645D197360814FDC222A908846EEB8149F
:10A50000DE5E0BDBE0323A0A4906245CC2D3AC6261
:10A510009195E479E7C8376D8DD54EA96C56F4EA6C
:10A52000657AAE08BA78252E1CA6B4C6E8DD741F7D
:10A530004BBD8B8A703EB5664803F60E613557B940
:10A5400086C11D9EE1F8981169D98E949B1E87E9FA
:10A55000CE5528DF8CA1890DBFE6426841992D0FA9
:10A56000B054BB162B7E151628AED2A6ABF71588B5
:10A5700009CF4F3C00C194C1000000000004050653
:10A5800000080109020A0300841E0000093D0000C2
:10A59000127A000024F4000048E8010090D0030083
:10A5A00020A1070000000000B12800006151000058
:10A5B000C3A2000002010003C01200001F0000003F
:10A5C000A816000017000000841C00000F00000007
:10A5D000E42500001E000000B42D0000160000005D
:10A5E000083900000E0000002C4C00001D00000087
:10A5F000685B000015000000747200000D00000090
:10A60000589800001C00000034B70000140000003F
:10A61000E8E400000C000000783101001B0000009D
:10A62000686E01001300000034CA01000B00000036
:10A63000286202001A00000040DB02001200000045
:10A640003C9303000A000000C0C20400190000008F
:10A6500060B3050011000000382007000900000069
:10A6600020A107000000000041320400D9280400A6
:10A67000A12D0400F528040041310400BD3104007F
:10A68000C12D0400A52F040099280400152A0400F8
:10A690000529040061290400D1280400352B040099
:10A6A000852904009D290400CD290400FF28040009
:10A6B000F92804007F29040079290400052B0400EF
:10A6C000412D0400D7290400C52B04007D2B040074
:10A6D00075290400000000000000000000000000D8
:10A6E000000000000000000050554400A0AA99009E
:10A6F000A0AA9900A0AA99005374617274696E6748
:10A7000020646973636F76657279206F6620736564
:10A7100072766963652077697468205555494420CD
:10A7200030782578206F6E20636F6E6E6563746974
:10A730006F6E2068616E646C6520307825782E001D
:10A74000466F756E64207365727669636520555532
:10A75000494420307825782E004E6F7420656E6F46
:10A7600075676820737061636520666F722073651A
:10A770007276696365732E00496E637265617365F5
:10A7800020424C455F44425F444953434F56455233
:10A79000595F4D41585F53525620746F20626520B7
:10A7A00061626C6520746F2073746F7265206D6FC9
:10A7B00072652073657276696365732100536572F3
:10A7C0007669636520555549442030782578206E98
:10A7D0006F7420666F756E642E004E6F7420656E08
:10A7E0006F75676820737061636520666F722063A0
:10A7F00068617261637465726973746963732061FF
:10A8000073736F636961746564207769746820731A
:10A8100065727669636520307825303458202100D0
:10A82000496E63726561736520424C455F474154D0
:10A83000545F44425F4D41585F4348415253207436
:10A840006F2062652061626C6520746F2073746F85
:10A850007265206D6F7265206368617261637465F3
:10A860007269737469637320666F722065616368CF
:10A8700020736572766963652100446973636F763E
:10A88000657279206F6620736572766963652077DB
:10A890006974682055554944203078257820636FC5
:10A8A0006D706C6574656420776974682073756376
:10A8B00063657373206F6E20636F6E6E656374697A
:10A8C0006F6E2068616E646C6520307825782E008C
:10A8D000626C655F64625F6469736300FFC1FBE87B
:10A8E0004C90728BE7B3518963AB232302841872B7
:10A8F000AA612F3B51A8E53749FBC9CA0C18532C54
:10A90000FD45E39AE6F15DB0B61BB4BE2A50EAE914
:10A910000E9C4B5E5724CCA1B759B887FFE07D74DD
:10A920002648B9C5F3D9A8C4B1D5911101420C3953
:10A93000D5B0979D28D4F29BA4FD6465068C29961A
:10A94000FEA2714DF3F82E58DB0D5A5F1528F574F1
:10A9500007CE25AF2B12E6D0DB2CDCC37FF03E3ACE
:10A9600013A4DCE2F96C54E2D8EAC8880021869C82
:10A970006AD8CB4E146AF94DD27EB23203C6144B5C
:10A980007FD1B8A6797C17ACED06ADAF0A947ABA40
:10A9900003E792D7150973E86D16EEE13F781F9D26
:10A9A00009526EF17C362A716C7564448010434EF6
:10A9B00035EC65270AB5FC26693F599901638AA5DC
:10A9C000BF685CD33CBE0BD67683D657054A3DDDC7
:10A9D0008173C9EB8A8439F4360BF700D800000084
:10A9E000E2000000EC000000F0000000F4000000B5
:10A9F000F8000000FC000000000000000200000061
:10AA00000300000004000000050000000600000034
:10AA10000700000008000000626C655F626173005F
:10AA200044756D6D79206576656E742068616E641D
:10AA30006C6572207265636569766564206576650C
:10AA40006E74203078257800496E20626C655F64F2
:10AA500066755F627574746F6E6C6573735F626F39
:10AA60006F746C6F616465725F73746172745F663A
:10AA7000696E616C697A650D0A0050EADA30888384
:10AA8000B89F604F15F30000C98E54686520626F4F
:10AA90006F746C6F6164657220686173207772698E
:10AAA00074652070726F7465637465642069747373
:10AAB0002073657474696E677320706167652E20FA
:10AAC000546869732070726F686962697473207367
:10AAD000657474696E672074686520616476657258
:10AAE000746973696E67206E616D652E20546865A8
:10AAF00020626F6F746C6F61646572206D75737422
:10AB000020626520636F6D70696C6564207769747D
:10AB100068204E52465F424C5F53455454494E475D
:10AB2000535F504147455F50524F544543543D3069
:10AB300020746F20616C6C6F772073657474696E1C
:10AB40006720746865206164766572746973696EE4
:10AB500067206E616D652E00626C655F6E757300B7
:10AB60009ECADC240EE5A9E093F3A3B50000406E75
:10AB7000436C69656E742073656E64696E672064EA
:10AB80006174612E00626C655F6E75735F63009E19
:10AB9000CADC240EE5A9E093F3A3B50000406E43A0
:10ABA0003A5C55736572735C7A68756A69655C4175
:10ABB0007070446174615C4C6F63616C5C41726481
:10ABC00075696E6F31355C7061636B616765735C6D
:10ABD00072616B5F7275695C6861726477617265DE
:10ABE0005C6E726635325C342E322E345C636F726A
:10ABF00065735C6E5246355C65787465726E616C27
:10AC00005C6E5246355F53444B5C6E5246355F5323
:10AC1000444B5F31372E302E325F643637346464F4
:10AC2000655C636F6D706F6E656E74735C626C658E
:10AC30005C636F6D6D6F6E5C626C655F636F6E6E93
:10AC40005F73746174652E63005570646174696E1E
:10AC5000672064617461206C656E67746820746F2E
:10AC6000202575206F6E20636F6E6E656374696F4B
:10AC70006E20307825782E0073645F626C655F67A4
:10AC800061705F646174615F6C656E6774685F7545
:10AC90007064617465282920287265717565737404
:10ACA00029206F6E20636F6E6E656374696F6E200E
:10ACB000307825782072657475726E65642025730E
:10ACC0002E00546865207265717565737465642023
:10ACD00054582F5258207061636B6574206C656EF8
:10ACE00067746820697320746F6F206C6F6E6720C3
:10ACF00062792025752F2575206F63746574732E16
:10AD000000546865207265717565737465642063AD
:10AD10006F6D62696E6174696F6E206F6620545842
:10AD200020616E64205258207061636B6574206CE2
:10AD3000656E6774687320697320746F6F206C6F21
:10AD40006E67206279202575206D6963726F736567
:10AD5000636F6E64732E0052657175657374696EEE
:10AD60006720746F207570646174652041545420AD
:10AD70004D545520746F20257520627974657320B9
:10AD80006F6E20636F6E6E656374696F6E203078CE
:10AD900025782E0073645F626C655F67617474630D
:10ADA0005F65786368616E67655F6D74755F726516
:10ADB00071756573742829206F6E20636F6E6E65E0
:10ADC0006374696F6E2030782578207265747572AF
:10ADD0006E656420627573792C2077696C6C2072C3
:10ADE000657472792E0073645F626C655F6761746D
:10ADF00074635F65786368616E67655F6D74755FC6
:10AE00007265717565737428292072657475726E28
:10AE100065642025732E00415454204D54552075EF
:10AE200070646174656420746F2025752062797484
:10AE30006573206F6E20636F6E6E656374696F6EED
:10AE400020307825782028726573706F6E736529BD
:10AE50002E0050656572206F6E20636F6E6E6563A5
:10AE600074696F6E2030782578207265717565730E
:10AE700074656420616E20415454204D5455206FF8
:10AE8000662025752062797465732E0055706461A3
:10AE900074696E6720415454204D545520746F20BE
:10AEA00025752062797465732028646573697265FD
:10AEB000643A20257529206F6E20636F6E6E65637E
:10AEC00074696F6E20307825782E0073645F626C31
:10AED000655F67617474735F65786368616E6765E9
:10AEE0005F6D74755F7265706C7928292072657466
:10AEF00075726E65642025732E0044617461206C48
:10AF0000656E677468207570646174656420746F21
:10AF1000202575206F6E20636F6E6E656374696F98
:10AF20006E2030782530782E006D61785F72785F02
:10AF30006F63746574733A202575006D61785F7472
:10AF4000785F6F63746574733A202575006D61785E
:10AF50005F72785F74696D653A202575006D617860
:10AF60005F74785F74696D653A202575005065657A
:10AF700072206F6E20636F6E6E656374696F6E20F2
:10AF80003078257820726571756573746564206109
:10AF90002064617461206C656E677468206F662040
:10AFA00025752062797465732E005265717565731D
:10AFB00074696E6720746F207570646174652041D8
:10AFC0005454204D545520746F2025752062797497
:10AFD0006573206F6E20636F6E6E656374696F6E4C
:10AFE000203078257820287265747279292E006EB9
:10AFF00072665F626C655F6761747400506F696E42
:10B0000074657220746F20616C6C6F636174656429
:10B01000206D656D6F727920626C6F636B3A2025CD
:10B02000702E0050757267696E6720726571756564
:10B03000737420717565756520776974682069641B
:10B040003A20256400506F696E74657220746F2019
:10B050006672656564206D656D6F727920626C6FD4
:10B06000636B3A2025702E005344204741545420EE
:10B0700070726F636564757265202825642920737A
:10B080007563636565646564206F6E20636F6E6EC3
:10B09000656374696F6E2068616E646C653A202523
:10B0A000642E00534420474154542070726F6365EE
:10B0B000647572652028256429206661696C656461
:10B0C000206F6E20636F6E6E656374696F6E2068AB
:10B0D000616E646C652025642077697468206572F0
:10B0E000726F723A203078253038582E0050726FC7
:10B0F00063657373696E6720746865207265717526
:10B100006573742071756575652E2E2E0047415448
:10B1100054432052656164205265717565737400F3
:10B1200047415454432057726974652052657175C4
:10B13000657374004741545443205072696D6172C5
:10B1400079205365727669636520446973636F760D
:10B150006572792052657175657374004741545466
:10B1600043204368617261637465726973746963D3
:10B1700020446973636F76657279205265717565D5
:10B18000737400474154544320436861726163748F
:10B19000657269737469632044657363726970745E
:10B1A0006F7220446973636F76657279205265719E
:10B1B00075657374004741545453204856580055E0
:10B1C0006E696D706C656D656E7465642047415481
:10B1D000542052657175657374005344206973205F
:10B1E00063757272656E746C7920627573792E2046
:10B1F00054686520474154542072657175657374B5
:10B200002070726F6365647572652077696C6C205D
:10B21000626520617474656D7074656420202020FF
:10B22000202020202020202020202020202020201E
:10B2300020202020202020616761696E206C6174CD
:10B2400065722E00416464696E67206974656D20C3
:10B25000746F2074686520726571756573742071F0
:10B2600075657565004741545443205072696D619E
:10B2700072792053657276696365732044697363DC
:10B280006F766572792052657175657374004741F8
:10B2900054544320436861726163746572697374C6
:10B2A00069632044657363726970746F72205265BC
:10B2B0007175657374004741545453204E6F74691F
:10B2C0006669636174696F6E206F7220496E64698C
:10B2D000636174696F6E00534420697320637572F3
:10B2E00072656E746C7920627573792E205468656E
:10B2F00020474154542072657175657374207072D3
:10B300006F6365647572652077696C6C2062652077
:10B31000617474656D707465642020202020202085
:10B32000202020202020202020202020202020201D
:10B33000616761696E206C617465722E0052656789
:10B340006973746572696E6720636F6E6E6563748E
:10B35000696F6E2068616E646C653A2030782530C4
:10B360003458006E72665F626C655F677100000042
:10B3700000000000F1750400000000000000000063
:10B380000000000095750400436F6E6E656374697C
:10B390006E6700436F6E6E656374696F6E207374C1
:10B3A000617475733A20256400424C455F474150F3
:10B3B0005F5343414E5F54494D454F555400626CB5
:10B3C000655F7363616E0047656E65726174696E77
:10B3D0006720454343206B65792070616972006E78
:10B3E00072665F63727970746F5F6563635F6B65CC
:10B3F000795F706169725F67656E657261746528F7
:10B40000292072657475726E6564206572726F7240
:10B4100020307825782E006E72665F6372797074C2
:10B420006F5F6563635F7075626C69635F6B65799D
:10B430005F746F5F72617728292072657475726E10
:10B440006564206572726F7220307825782E006EE8
:10B4500072665F63727970746F5F6563635F627950
:10B4600074655F6F726465725F696E766572742869
:10B47000292072657475726E6564206572726F72D0
:10B4800020307825782E006E72665F637279707452
:10B490006F5F696E697428292072657475726E65B4
:10B4A00064206572726F7220307825782E00496EA4
:10B4B000697469616C697A6564206E72665F637233
:10B4C0007970746F2E00496E697469616C697A6570
:10B4D00064206E72665F626C655F6C6573632E00DC
:10B4E000547279696E6720746F206163636573734A
:10B4F000204C455343207075626C6963206B6579FD
:10B50000207468617420686173206E6F74206265B6
:10B51000656E2067656E6572617465642079657417
:10B520002E0043616C6C696E672073645F626C65AA
:10B530005F6761705F6C6573635F64686B65795F9B
:10B540007265706C79206F6E20636F6E6E5F6861DC
:10B550006E646C653A202564004372656174696E9F
:10B560006720696E76616C696420736861726564D6
:10B570002073656372657420746F206D616B652044
:10B580004C455343206661696C2E00424C455F4731
:10B5900041505F4556545F4C4553435F44484B45CB
:10B5A000595F524551554553540073645F626C6551
:10B5B0005F6761705F6C6573635F6F6F625F64612B
:10B5C00074615F73657428292072657475726E6585
:10B5D00064206572726F7220307825782E006E724A
:10B5E000665F63727970746F5F6563635F707562C5
:10B5F0006C69635F6B65795F66726F6D5F726177AF
:10B6000028292072657475726E6564206572726F88
:10B610007220307825782E006E72665F626C655FEE
:10B620006C657363002573206661696C65642062D4
:10B63000656361757365207064735F696E697428F2
:10B64000292072657475726E65642025732E00253D
:10B6500073206661696C65642062656361757365FA
:10B66000207064625F696E69742829207265747540
:10B67000726E65642025732E002573206661696CE7
:10B680006564206265636175736520736D5F696EC3
:10B69000697428292072657475726E65642025733B
:10B6A0002E002573206661696C65642062656361A4
:10B6B00075736520736D645F696E697428292072E3
:10B6C000657475726E65642025732E00257320667F
:10B6D00061696C6564206265636175736520676389
:10B6E0006D5F696E697428292072657475726E6564
:10B6F000642025732E002573206661696C656420C3
:10B7000062656361757365206773636D5F696E69F8
:10B710007428292072657475726E65642025732EF5
:10B720000025732829206661696C65642062656361
:10B730006175736520612063616C6C20746F20708B
:10B740006D5F706565725F64656C6574652829203E
:10B7500072657475726E65642025732E2070656540
:10B76000725F69643A20256400436F756C64206ED3
:10B770006F742072657472656976652072616E6B94
:10B78000732E207064625F706565725F64617461BE
:10B790005F6C6F616428292072657475726E6564D0
:10B7A0002025732E20706565725F69643A202564D8
:10B7B00000436F756C64206E6F74207570646174E3
:10B7C000652072616E6B2E207064625F7261775FBC
:10B7D00073746F726528292072657475726E656462
:10B7E0002025732E20706565725F69643A20256498
:10B7F00000706565725F6D616E6167657200000063
:10B800000100060010530120706D5F696E697400BD
:10B81000706D5F70656572735F64656C65746500FB
:10B82000433A5C55736572735C7A68756A69655CE6
:10B83000417070446174615C4C6F63616C5C417217
:10B840006475696E6F31355C7061636B61676573D8
:10B850005C72616B5F7275695C686172647761725A
:10B86000655C6E726635325C342E322E345C636FEA
:10B870007265735C6E5246355C65787465726E6194
:10B880006C5C6E5246355F53444B5C6E5246355F7E
:10B8900053444B5F31372E302E325F643637346479
:10B8A00064655C636F6D706F6E656E74735C626C03
:10B8B000655C706565725F6D616E616765725C7015
:10B8C0006565725F6D616E616765725F68616E6408
:10B8D0006C65722E6300706D5F636F6E6E5F736573
:10B8E000637572652829206661696C6564206265EC
:10B8F000636175736520616E20534D502074696DCE
:10B90000656F75742069732070726576656E7469F1
:10B910006E67207365637572697479206F6E207429
:10B920006865206C696E6B2E20446973636F6E6E60
:10B93000656374696E6720636F6E6E5F68616E64C5
:10B940006C652025642E0073645F626C655F6761BF
:10B95000705F646973636F6E6E656374282920720B
:10B96000657475726E6564202573206F6E20636F39
:10B970006E6E5F68616E646C652025642E00706D6C
:10B980005F636F6E6E5F73656375726528292066ED
:10B9900061696C65642062656361757365207468B4
:10B9A000652073746F726564206461746120666FD2
:10B9B0007220636F6E6E5F68616E646C65202564D3
:10B9C00020646F6573206E6F7420686176652061F6
:10B9D0002076616C6964206B65792E00706D5F6301
:10B9E0006F6E6E5F73656375726528292066616985
:10B9F0006C6564206265636175736520636F6E6E4C
:10BA00005F68616E646C65202564206973206E6FC9
:10BA10007420612076616C696420636F6E6E65636B
:10BA200074696F6E2E00417373657274696E672E50
:10BA300020706D5F636F6E6E5F73656375726528EE
:10BA4000292072657475726E6564202573206F6E8F
:10BA500020636F6E6E5F68616E646C652025642E76
:10BA600000417474656D7074696E6720746F206333
:10BA70006C65616E20666C6173682E0044656C6550
:10BA800074696E67206C6F776573742072616E6B7A
:10BA9000656420706565722028706565725F6964F1
:10BAA0003A2025642900546865726520617265201A
:10BAB0006E6F20706565727320746F2064656C65AD
:10BAC00074652E00506565722072616E6B7320661E
:10BAD000756E6374696F6E616C6974792069732027
:10BAE00064697361626C65642C20736F206E6F20D3
:10BAF0007065657273206172652064656C6574653C
:10BB0000642E00436F6E6E656374696F6E2073659B
:10BB100063757265643A20726F6C653A2025732CE8
:10BB200020636F6E6E5F68616E646C653A20256499
:10BB30002C2070726F6365647572653A20257300FE
:10BB4000436F6E6E656374696F6E207365637572A3
:10BB5000697479206661696C65643A20726F6C65FE
:10BB60003A2025732C20636F6E6E5F68616E646C83
:10BB7000653A20307825782C2070726F6365647583
:10BB800072653A2025732C206572726F723A2025F7
:10BB90006400466C6173682073746F72616765201E
:10BBA00069732066756C6C00556E6578706563749A
:10BBB000656420666174616C206572726F72206FBB
:10BBC000636375727265643A206572726F723A20AF
:10BBD0002573002C206E6F206368616E67650050CE
:10BBE0006565722064617461207570646174656458
:10BBF00020696E20666C6173683A20706565725FBB
:10BC000069643A2025642C20646174615F69643A38
:10BC10002025732C20616374696F6E3A202573258B
:10BC20007300506565722064617461207570646191
:10BC3000746564206661696C65643A20706565723C
:10BC40005F69643A2025642C20646174615F6964D3
:10BC50003A2025732C20616374696F6E3A20257336
:10BC60002C206572726F723A2025730050656572E0
:10BC70002064656C657465642073756363657373B4
:10BC800066756C6C793A20706565725F69643A20FC
:10BC9000256400506565722064656C6574696F6E1B
:10BCA000206661696C65643A20706565725F6964DD
:10BCB0003A2025642C206572726F723A2025730039
:10BCC000416C6C2070656572732064656C65746589
:10BCD000642E00416C6C20706565722064656C6533
:10BCE00074696F6E206661696C65643A2065727272
:10BCF0006F723A202573004C6F63616C20444220C0
:10BD0000636F756C64206E6F742062652061707063
:10BD10006C6965643A20636F6E6E5F68616E646C17
:10BD2000653A2025642C20706565725F69643A204D
:10BD3000256400466C6173682067617262616765A3
:10BD400020636F6C6C656374696F6E206661696CEB
:10BD500065642077697468206572726F722025733C
:10BD60002E00556E657870656374656420504D20B3
:10BD70006576656E742049443A20307825782E0027
:10BD8000417373657274696E672E005570646174D7
:10BD9000650044656C657465004F75746461746515
:10BDA00064202830290053657276696365206368D2
:10BDB000616E6765642070656E64696E6720666C8D
:10BDC0006167004F757464617465642028322900CE
:10BDD0004F75746461746564202833290041707064
:10BDE0006C69636174696F6E20646174610052658F
:10BDF0006D6F746520646174616261736500506584
:10BE000065722072616E6B00426F6E64696E6720AE
:10BE100064617461004C6F63616C20646174616281
:10BE20006173650043656E7472616C206164647255
:10BE3000657373207265736F6C7574696F6E0045FE
:10BE40006E6372797074696F6E00426F6E64696EB2
:10BE5000670050616972696E6700496E76616C694E
:10BE60006420526F6C65005065726970686572611C
:10BE70006C0043656E7472616C00706565725F6D15
:10BE8000616E616765725F68616E646C6572000007
:10BE90008BBD060092BD060099BD0600A6BD06003A
:10BEA000C3BD0600D0BD0600DDBD0600EEBD060028
:10BEB000FEBD060008BE060015BE060024BE060034
:10BEC0005ABE060067BE060072BE06003FBE0600F0
:10BED0004ABE060052BE0600436F756C64206E6F4A
:10BEE0007420636C65616E20757020616674657284
:10BEF000206661696C656420626F6E64696E67209C
:10BF000070726F6365647572652E207064625F770E
:10BF1000726974655F6275665F72656C6561736591
:10BF200028292072657475726E65642025732E2031
:10BF3000636F6E6E5F68616E646C653A2025642E77
:10BF400000436F756C64206E6F7420616371756956
:10BF5000726520636F6E6E5F7374617465207573B4
:10BF6000657220666C6167732E20496E637265612D
:10BF7000736520424C455F434F4E4E5F53544154CE
:10BF8000455F555345525F464C41475F434F554EC1
:10BF90005420696E2074686520626C655F636F6E03
:10BFA0006E5F7374617465206D6F64756C652E00CF
:10BFB000436F756C64206E6F74207265747269656E
:10BFC00076652052414D2062756666657220666F07
:10BFD0007220696E636F6D696E6720626F6E642E8A
:10BFE000207064625F77726974655F6275665F670F
:10BFF000657428292072657475726E6564202573D6
:10C000002E20636F6E6E5F68616E646C653A2025EA
:10C010006400696D5F626C655F616464725F67652F
:10C020007428292072657475726E65642025732EDC
:10C0300020636F6E6E5F68616E646C653A20256484
:10C040002E204C696E6B20776173206C696B656C78
:10C050007920646973636F6E6E65637465642E0026
:10C06000436F756C64206E6F7420726574726965BD
:10C0700076652073746F72656420626F6E642E2023
:10C080007064625F706565725F646174615F707433
:10C09000725F67657428292072657475726E6564B5
:10C0A0002025732E20706565725F69643A202564CF
:10C0B0000073645F626C655F6761705F7365635F87
:10C0C000696E666F5F7265706C792829207265747D
:10C0D00075726E6564204E52465F45524F525F49FD
:10C0E0004E56414C49445F53544154452C20776887
:10C0F00069636820697320616E6572726F72207562
:10C100006E6C65737320746865206C696E6B206952
:10C110007320646973636F6E6E656374696E672EF6
:10C1200000436F756C64206E6F7420636F6D706C6C
:10C1300065746520656E6372797074696F6E2070C6
:10C14000726F6365647572652E2073645F626C65DF
:10C150005F6761705F7365635F696E666F5F72656D
:10C16000706C7928292072657475726E656420255B
:10C17000732E20636F6E6E5F68616E646C653A202B
:10C1800025642C20706565725F69643A2025642EF1
:10C190000052414D2062756666657220666F72209E
:10C1A0006E657720626F6E642077617320756E61B3
:10C1B0007661696C61626C652E207064625F777273
:10C1C0006974655F6275665F6765742829207265AA
:10C1D0007475726E65642025732E20636F6E6E5FBA
:10C1E00068616E646C653A2025642E00436F756C3F
:10C1F00064206E6F7420616C6C6F63617465206E77
:10C20000657720706565725F696420666F7220696A
:10C210006E636F6D696E6720626F6E642E00436F90
:10C22000756C64206E6F742073746F726520626F1A
:10C230006E642E207064625F77726974655F6275E8
:10C24000665F73746F726528292072657475726EEB
:10C2500065642025732E20636F6E6E5F68616E6467
:10C260006C653A2025642C20706565725F69643ABC
:10C2700020256400706565725F6D616E616765722F
:10C280005F736D640043616E6E6F742073656375D8
:10C290007265206C696E6B206265636175736520E1
:10C2A000612070726576696F75732073656375724E
:10C2B0006974792070726F63656475726520656E4C
:10C2C00064656420696E2074696D656F75742E20D5
:10C2D000446973636F6E6E65637420616E6420726F
:10C2E000657472792E20736D645F706172616D7315
:10C2F0005F7265706C792829206F7220736D645F9E
:10C300006C696E6B5F736563757265282920726551
:10C310007475726E6564204E52465F4552524F529C
:10C320005F54494D454F55542E20636F6E6E5F68C4
:10C33000616E646C653A20256400436F756C6420FF
:10C340006E6F7420706572666F726D2073656375B1
:10C35000726974792070726F6365647572652E20DE
:10C36000736D645F706172616D735F7265706C791B
:10C370002829206F7220736D645F6C696E6B5F7328
:10C38000656375726528292072657475726E6564BF
:10C390002025732E20636F6E6E5F68616E646C651E
:10C3A0003A20256400436F756C64206E6F742070B2
:10C3B0006572666F726D207365637572697479203A
:10C3C00070726F6365647572652E20736D645F6C47
:10C3D000696E6B5F73656375726528292072657479
:10C3E00075726E65642025732E20636F6E6E5F68B4
:10C3F000616E646C653A20256400706565725F6DDE
:10C40000616E616765725F736D0053657474696E08
:10C410006720766563746F72207461626C65207446
:10C420006F20626F6F746C6F616465723A20307850
:10C4300025303878004661696C65642072756E6ECF
:10C44000696E672073645F736F6674646576696391
:10C45000655F766563746F725F7461626C655F625D
:10C460006173655F736574004E6F20626F6F746CEB
:10C470006F616465722077617320666F756E64000A
:10C4800053657474696E6720766563746F72207487
:10C4900061626C6520746F206D61696E20617070DF
:10C4A0003A20307825303878006170705F6275749A
:10C4B000746F6E0080033803042040000800000001
:10C4C0004C034C034C034C034C034C034C034C03F4
:10C4D0004C034C034C0360013002000015A404001F
:10C4E00015A4040015A4040015A4040015A4040058
:10C4F00015A4040015A4040015A4040015A4040048
:10C5000015A4040015A40400F1A4040065A504000A
:10C5100069A4040069A4040069A4040069A40400D7
:10C5200069A4040069A4040069A4040069A40400C7
:10C5300069A4040069A4040069A4040039A50400E6
:10C54000B1A504007DA404007DA404007DA4040022
:10C550007DA404007DA404007DA404007DA4040047
:10C560007DA404007DA404007DA404007DA4040037
:10C570004FA50400C7A5040035B4050035B4050077
:10C5800035B4050035B4050035B4050035B40500F3
:10C5900035B4050035B4050035B4050035B40500E3
:10C5A00035B40500D1B405008C038C038C038C03D7
:10C5B0008C038C038C038C038C038C038C038C0303
:10C5C000537461636B206F766572666C6F7720645D
:10C5D000657465637465642E000000000000FFFF51
:10C5E000DEC0ADDEFE011EF1DEC0ADDEFF011EF1DC
:10C5F000705F667300257320636865636B206661F6
:10C60000696C656420696E20257328292077697418
:10C61000682076616C756520307825782E00705F13
:10C6200066732D3E705F61706900705F646573743E
:10C63000006C656E00616464725F69735F616C6950
:10C64000676E6564333228737263290061646472B3
:10C650005F69735F77697468696E5F626F756E6436
:10C660007328705F66732C207372632C206C656E68
:10C670002900705F7372630021286C656E2025208D
:10C68000705F66732D3E705F666C6173685F696E84
:10C69000666F2D3E70726F6772616D5F756E697443
:10C6A0002900616464725F69735F616C69676E65BC
:10C6B00064333228646573742900616464725F694D
:10C6C000735F616C69676E65643332282875696EC3
:10C6D0007433325F7429705F73726329006164641C
:10C6E000725F69735F77697468696E5F626F756E98
:10C6F000647328705F66732C20646573742C206CDF
:10C70000656E2900616464725F69735F706167655B
:10C710005F616C69676E656428705F66732C20705A
:10C720006167655F616464722900616464725F6956
:10C73000735F77697468696E5F626F756E64732882
:10C74000705F66732C20706167655F616464722C32
:10C7500020286C656E202A20705F66732D3E705F06
:10C76000666C6173685F696E666F2D3E657261739A
:10C77000655F756E69742929006E72665F667374F1
:10C780006F72616765006E72665F6673746F726167
:10C7900067655F696E6974006E72665F6673746F59
:10C7A000726167655F72656164006E72665F667371
:10C7B000746F726167655F7772697465006E726627
:10C7C0005F6673746F726167655F65726173650040
:10C7D000001000000400000001000000E1BD0400A2
:10C7E000C1BD0400B1BD0400F5BF0400A5BF040035
:10C7F00085BD040089BD04008DBD04007274745FA2
:10C800006C6F675F6261636B656E64004261636B4E
:10C81000656E647320666C75736865640061707022
:10C8200000000000687301207F000000E873012011
:10C830007077725F6D676D74004E52465F5355435B
:10C8400043455353004E52465F4552524F525F5339
:10C8500056435F48414E444C45525F4D49535349FE
:10C860004E47004E52465F4552524F525F534F461D
:10C87000544445564943455F4E4F545F454E4142EF
:10C880004C4544004E52465F4552524F525F494E0E
:10C890005445524E414C004E52465F4552524F5203
:10C8A0005F4E4F5F4D454D004E52465F4552524FD1
:10C8B000525F4E4F545F464F554E44004E52465FB6
:10C8C0004552524F525F4E4F545F535550504F5246
:10C8D000544544004E52465F4552524F525F494EB6
:10C8E00056414C49445F504152414D004E52465FC3
:10C8F0004552524F525F494E56414C49445F535442
:10C90000415445004E52465F4552524F525F494E88
:10C9100056414C49445F4C454E475448004E5246A0
:10C920005F4552524F525F494E56414C49445F4613
:10C930004C414753004E52465F4552524F525F4959
:10C940004E56414C49445F44415441004E52465F6B
:10C950004552524F525F444154415F53495A45003A
:10C960004E52465F4552524F525F54494D454F55C6
:10C9700054004E52465F4552524F525F4E554C4CFA
:10C98000004E52465F4552524F525F464F52424907
:10C990004444454E004E52465F4552524F525F4905
:10C9A0004E56414C49445F41444452004E52465F0A
:10C9B0004552524F525F42555359004E52465F45C1
:10C9C00052524F525F434F4E4E5F434F554E5400AD
:10C9D0004E52465F4552524F525F5245534F555249
:10C9E000434553004E52465F4552524F525F4D4FA2
:10C9F00044554C455F4E4F545F494E495449414C54
:10CA0000495A4544004E52465F4552524F525F4D7F
:10CA1000555445585F494E49545F4641494C454439
:10CA2000004E52465F4552524F525F4D5554455845
:10CA30005F4C4F434B5F4641494C4544004E524684
:10CA40005F4552524F525F4D555445585F554E4CBD
:10CA50004F434B5F4641494C4544004E52465F456B
:10CA600052524F525F4D555445585F434F4E445FAD
:10CA7000494E49545F4641494C4544004E52465F39
:10CA80004552524F525F4D4F44554C455F414C52B9
:10CA9000454144595F494E495449414C495A4544DE
:10CAA000004E52465F4552524F525F53544F5241CF
:10CAB00047455F46554C4C004E52465F4552524FDB
:10CAC000525F4150495F4E4F545F494D504C454D68
:10CAD000454E544544004E52465F4552524F525FB8
:10CAE000464541545552455F4E4F545F454E414275
:10CAF0004C4544004E52465F4552524F525F494F9B
:10CB00005F50454E44494E47004E52465F45525293
:10CB10004F525F4452565F5457495F4552525F4FE0
:10CB200056455252554E004E52465F4552524F5254
:10CB30005F4452565F5457495F4552525F414E41E0
:10CB4000434B004E52465F4552524F525F4452563D
:10CB50005F5457495F4552525F444E41434B004E2C
:10CB600052465F4552524F525F424C455F495053C7
:10CB7000505F52585F504B545F5452554E4341548E
:10CB80004544004E52465F4552524F525F424C451B
:10CB90005F495053505F4348414E4E454C5F414CB6
:10CBA00052454144595F455849535453004E5246EB
:10CBB0005F4552524F525F424C455F495053505F60
:10CBC0004C494E4B5F444953434F4E4E45435445A9
:10CBD00044004E52465F4552524F525F424C455FB1
:10CBE000495053505F504545525F52454A45435462
:10CBF000454400556E6B6E6F776E206572726F7272
:10CC000020636F64650000000000000039C8060062
:10CC10000100000045C806000200000063C80600CD
:10CC20000300000084C806000400000097C8060046
:10CC300005000000A8C8060006000000BCC80600E9
:10CC400007000000D4C8060008000000ECC8060079
:10CC50000900000004C906000A0000001DC9060002
:10CC60000B00000035C906000C0000004CC906008E
:10CC70000D00000060C906000E00000072C9060029
:10CC80000F00000081C906001000000095C90600D1
:10CC900011000000ACC9060012000000BBC906006C
:10CCA00013000000D0C9060080000000E4C906009F
:10CCB0008100000005CA06008200000021CA0600AB
:10CCC000830000003DCA0600840000005BCA060025
:10CCD000850000007CCA060086000000A1CA06008C
:10CCE00090000000B8CA060091000000D6CA0600F5
:10CCF00092000000F4CA06000082000009CB060082
:10CD00000182000027CB06000282000043CB060010
:10CD1000008400005FCB06000184000083CB060086
:10CD200002840000ADCB060003840000D2CB0600D5
:10CD30006170705F74696D65720000000000000032
:10CD40001074012091CD040052544320696E737415
:10CD5000616E636520616C726561647920696E69DA
:10CD60007469616C697A65642E005254433A206993
:10CD70006E697469616C697A65642E000000000058
:10CD80000338FDD87047433A5C55736572735C7A1B
:10CD900068756A69655C417070446174615C4C6F70
:10CDA00063616C5C41726475696E6F31355C706192
:10CDB000636B616765735C72616B5F7275695C68F8
:10CDC000617264776172655C6E726635325C342EB6
:10CDD000322E345C636F7265735C6E5246355C65EF
:10CDE000787465726E616C5C6E5246355F53444B6D
:10CDF0005C6E5246355F53444B5F31372E302E32D6
:10CE00005F643637346464655C636F6D706F6E6544
:10CE10006E74735C6C69627261726965735C757360
:10CE200062645C6170705F757362642E6300617030
:10CE3000705F757362640001000001010101000070
:10CE40001DD5040008000000090000000A000000D1
:10CE50008500000080810D0E03036170705F7573A3
:10CE600062645F636F7265009476012084CE060071
:10CE700001000203008000000F090200000001040D
:10CE8000C03200003DDE0400000000000000000091
:10CE9000000000000000000012010002000000403D
:10CEA00015191F52000101020301000065DC040096
:10CEB0000000000069DC0400A476012025303468FD
:10CEC000582530386C5800000000040309044E6FE8
:10CED000726469632053656D69636F6E6475637412
:10CEE0006F720052616B3436333120536572696161
:10CEF0006C20434F4D0044656661756C7420636F10
:10CF00006E66696775726174696F6E0055736572DC
:10CF100020310000C8CE0600CECE0600E3CE0600CB
:10CF200018CD0120F6CE06000CCF0600000001014E
:10CF300002020303040405056364635F61636D001B
:10CF40008DEA0400C5E304000000000000000000BA
:10CF5000000000006E66635F706C6174666F726DD6
:10CF600000433A5C55736572735C7A68756A6965EB
:10CF70005C417070446174615C4C6F63616C5C41D6
:10CF8000726475696E6F31355C7061636B61676582
:10CF9000735C72616B5F7275695C68617264776102
:10CFA00072655C6E726635325C342E322E345C6390
:10CFB0006F7265735C6E5246355C65787465726E2F
:10CFC000616C5C6E5246355F53444B5C6E52463525
:10CFD0005F53444B5F31372E302E325F6436373427
:10CFE0006464655C636F6D706F6E656E74735C73A3
:10CFF0006F66746465766963655C636F6D6D6F6E93
:10D000005C6E72665F7364682E63006E72665F7337
:10D0100064680001000007008031070088310700C4
:10D0200008000000A0310700B03107000800000030
:10D0300088310700A031070008000000433A5C5522
:10D04000736572735C7A68756A69655C4170704477
:10D050006174615C4C6F63616C5C41726475696E94
:10D060006F31355C7061636B616765735C72616BB6
:10D070005F7275695C68617264776172655C6E721B
:10D080006635325C342E322E345C636F7265735CAD
:10D090006E5246355C65787465726E616C5C6E527A
:10D0A00046355F53444B5C6E5246355F53444B5F8D
:10D0B00031372E302E325F643637346464655C63FA
:10D0C0006F6D706F6E656E74735C736F667464659C
:10D0D000766963655C636F6D6D6F6E5C6E72665FC3
:10D0E0007364685F626C652E630073645F626C6575
:10D0F0005F6366675F736574282920726574757253
:10D100006E6564202573207768656E206174746590
:10D110006D7074696E6720746F2073657420424C63
:10D12000455F434F4E4E5F4346475F4741502E0099
:10D1300073645F626C655F6366675F7365742829FB
:10D140002072657475726E6564202573207768653A
:10D150006E20617474656D7074696E6720746F20E1
:10D1600073657420424C455F4741505F4346475FBB
:10D17000524F4C455F434F554E542E0073645F62CF
:10D180006C655F6366675F736574282920726574D8
:10D1900075726E6564202573207768656E206174F2
:10D1A00074656D7074696E6720746F207365742088
:10D1B000424C455F434F4E4E5F4346475F474154A5
:10D1C000542E0073645F626C655F6366675F7365AE
:10D1D0007428292072657475726E65642025732029
:10D1E0007768656E20617474656D7074696E672010
:10D1F000746F2073657420424C455F434F4D4D4F13
:10D200004E5F4346475F56535F555549442E007362
:10D21000645F626C655F6366675F7365742829206D
:10D2200072657475726E6564202573207768656E0B
:10D2300020617474656D7074696E6720746F2073FB
:10D24000657420424C455F47415454535F43464701
:10D250005F415454525F5441425F53495A452E0036
:10D2600073645F626C655F6366675F7365742829CA
:10D270002072657475726E65642025732077686509
:10D280006E20617474656D7074696E6720746F20B0
:10D2900073657420424C455F47415454535F434685
:10D2A000475F534552564943455F4348414E4745C2
:10D2B000442E00496E73756666696369656E7420F5
:10D2C00052414D20616C6C6F636174656420666FC0
:10D2D000722074686520536F66744465766963656F
:10D2E0002E004368616E6765207468652052414D69
:10D2F000207374617274206C6F636174696F6E2047
:10D3000066726F6D203078257820746F2030782514
:10D31000782E004D6178696D756D2052414D2073F6
:10D32000697A6520666F72206170706C69636174E0
:10D33000696F6E20697320307825782E0073645FE2
:10D34000626C655F656E61626C6528292072657428
:10D3500075726E65642025732E006E72665F73644D
:10D36000685F626C6500000080300700583107007C
:10D3700008000000433A5C55736572735C7A687507
:10D380006A69655C417070446174615C4C6F636193
:10D390006C5C41726475696E6F31355C7061636B92
:10D3A000616765735C72616B5F7275695C686172FD
:10D3B00064776172655C6E726635325C342E322E33
:10D3C000345C636F7265735C6E5246355C6578746D
:10D3D00065726E616C5C6E5246355F53444B5C6E99
:10D3E0005246355F53444B5F31372E302E325F64E7
:10D3F0003637346464655C636F6D706F6E656E7430
:10D40000735C736F66746465766963655C636F6D86
:10D410006D6F6E5C6E72665F7364685F736F632EB0
:10D4200063006E72665F7364685F736F6300000011
:10D4300058310700803107000800000030313233D6
:10D44000343536373839414243444546636C6F635F
:10D450006B00010000000000000000000000000060
:10D460000338FDD87047434C4F434B004750494F5A
:10D470005445004E464354005254430054494D45D0
:10D4800052005457494D00555342440000010101D8
:10D4900002030405060708090B0008010C0110012E
:10D4A000140118011C01200124012C010C0D0E0F88
:10D4B0001011121314003001340138013C014001F5
:10D4C000440148014C0150011117050045170500A2
:10D4D00015190500DD180500D7180500D11805003D
:10D4E000CB180500C5180500BF180500B9180500C0
:10D4F000AD190500111A050009230500AD1D050031
:10D50000A71D0500A11D05009B1D0500951D05001B
:10D510008F1D0500891D0500C91905003D1805006E
:10D52000651A0500D1240500C91C0500505253009E
:10D53000433A5C55736572735C7A68756A69655CB9
:10D54000417070446174615C4C6F63616C5C4172EA
:10D550006475696E6F31355C7061636B61676573AB
:10D560005C72616B5F7275695C686172647761722D
:10D57000655C6E726635325C342E322E345C636FBD
:10D580007265735C6E5246355C636F6D706F6E656D
:10D590006E745C636F72655C6D63755C6E7266352C
:10D5A000323834305C7568616C5C7568616C5F61E1
:10D5B00064632E630001000600433A5C5573657294
:10D5C000735C7A68756A69655C4170704461746106
:10D5D0005C4C6F63616C5C41726475696E6F313570
:10D5E0005C7061636B616765735C72616B5F7275C0
:10D5F000695C68617264776172655C6E726635320F
:10D600005C342E322E345C636F7265735C6E5246EE
:10D61000355C636F6D706F6E656E745C636F7265A1
:10D620005C6D63755C6E726635323834305C75687B
:10D63000616C5C7568616C5F6375735F626C652EAD
:10D6400063004355532046617374206164766572AC
:10D65000746973696E672E0043555320424C455FD1
:10D660004144565F4556545F49444C452E0025645D
:10D670003A20257328293A20756E6C6F636B3A0047
:10D6800043555320436F6E6E65637465642E006767
:10D69000617474735F76616C75652E705F76616C12
:10D6A0007565203D202573006876785F7061726132
:10D6B0006D732E705F64617461203D20257300439B
:10D6C00055535F4E4F544946595F48414E444C456F
:10D6D00052006375735F636861725F6174745B634A
:10D6E00075735F63686172735F6E6F775D2E6368D9
:10D6F00061725F75756964203D2025580069735F0C
:10D700006E6F746966795F656E61626C65203D203D
:10D710002564005772697465204576656E740075DE
:10D720007365725F646573635F68616E646C6500E6
:10D73000736363645F68616E646C65004765742041
:10D74000646174612031203A2025303258004765E9
:10D750007420646174612032203A202530325800F0
:10D76000705F6576745F77726974652D3E6C656E67
:10D7700020203A202564004355535F4E4F544946BC
:10D78000595F48414E444C455220697320446973A7
:10D7900061626C656400424C455F47415454535F7D
:10D7A0004556545F52575F415554484F52495A4568
:10D7B0005F5245515545535400705F6576745F77ED
:10D7C000726974652D75756964203A255800736512
:10D7D0006E645F646174613A2573007265712E74C2
:10D7E000797065203D3D20424C455F47415454537C
:10D7F0005F415554484F52495A455F545950455F0F
:10D800005752495445007265712E74797065203DF8
:10D810003D20424C455F47415454535F4155544865
:10D820004F52495A455F545950455F524541440053
:10D830007265712E74797065203D3D20656C73654D
:10D840000002026375735F626C655F6576745F6882
:10D85000616E646C6572002D2D3E204576656E7498
:10D860002072656365697665643A204552524F526D
:10D87000207768696C6520657865637574696E6783
:10D8800020616E206673746F72616765206F7065CA
:10D89000726174696F6E2E002D2D3E204576656E87
:10D8A000742072656365697665643A2077726F7477
:10D8B0006520256420627974657320617420616439
:10D8C000647265737320307825782E002D2D3E20EC
:10D8D0004576656E742072656365697665643A2085
:10D8E00065726173656420256420706167652066D8
:10D8F000726F6D206164647265737320307825786F
:10D900002E00536F667444657669636520697320E1
:10D9100070726573656E742E00496E697469616C0E
:10D92000697A696E67206E72665F6673746F726182
:10D9300067655F736420696D706C656D656E746199
:10D9400074696F6E2E2E2E00433A5C5573657273A8
:10D950005C7A68756A69655C417070446174615C89
:10D960004C6F63616C5C41726475696E6F31355CDC
:10D970007061636B616765735C72616B5F7275691F
:10D980005C68617264776172655C6E726635325C88
:10D99000342E322E345C636F7265735C6E52463582
:10D9A0005C636F6D706F6E656E745C636F72655CE7
:10D9B0006D63755C6E726635323834305C756861E3
:10D9C0006C5C7568616C5F666C6173682E630025C2
:10D9D0007328292072657475726E65643A20257308
:10D9E0000A007568616C5F666C6173685F77726965
:10D9F0007465007568616C5F666C6173685F726501
:10DA00006164007568616C5F666C6173685F657204
:10DA100061736500433A5C55736572735C7A68752F
:10DA20006A69655C417070446174615C4C6F6361EC
:10DA30006C5C41726475696E6F31355C7061636BEB
:10DA4000616765735C72616B5F7275695C68617256
:10DA500064776172655C6E726635325C342E322E8C
:10DA6000345C636F7265735C6E5246355C636F6DD8
:10DA7000706F6E656E745C636F72655C6D63755C10
:10DA80006E726635323834305C7568616C5C75680E
:10DA9000616C5F6770696F2E630041545F4552523D
:10DAA0004F520041545F504152414D5F4552524FD9
:10DAB000520041545F425553595F4552524F5200F4
:10DAC00041545F544553545F504152414D5F4F564E
:10DAD0004552464C4F570041545F4E4F5F434C41B7
:10DAE0005353425F454E41424C450041545F4E4FB7
:10DAF0005F4E4554574F524B5F4A4F494E45440085
:10DB000041545F52585F4552524F520041545F4D4D
:10DB10004F44455F4E4F5F535550504F5254000095
:10DB200040860120433A5C55736572735C7A687570
:10DB30006A69655C417070446174615C4C6F6361DB
:10DB40006C5C41726475696E6F31355C7061636BDA
:10DB5000616765735C72616B5F7275695C68617245
:10DB600064776172655C6E726635325C342E322E7B
:10DB7000345C636F7265735C6E5246355C636F6DC7
:10DB8000706F6E656E745C636F72655C6D63755CFF
:10DB90006E726635323834305C7568616C5C7568FD
:10DBA000616C5F70776D2E630000000010CE012065
:10DBB000C4DB060058CE0120CCDB060034CE0120A9
:10DBC000D4DB0600009000400104000000A00040EB
:10DBD0000204000000A0014003060000A886012006
:10DBE000433A5C55736572735C7A68756A69655C03
:10DBF000417070446174615C4C6F63616C5C417234
:10DC00006475696E6F31355C7061636B61676573F4
:10DC10005C72616B5F7275695C6861726477617276
:10DC2000655C6E726635325C342E322E345C636F06
:10DC30007265735C6E5246355C636F6D706F6E65B6
:10DC40006E745C636F72655C6D63755C6E72663575
:10DC5000323834305C7568616C5C7568616C5F7318
:10DC600070696D73742E6300003002400000000084
:10DC700000F0024000000000433A5C557365727387
:10DC80005C7A68756A69655C417070446174615C56
:10DC90004C6F63616C5C41726475696E6F31355CA9
:10DCA0007061636B616765735C72616B5F727569EC
:10DCB0005C68617264776172655C6E726635325C55
:10DCC000342E322E345C636F7265735C6E5246354F
:10DCD0005C636F6D706F6E656E745C636F72655CB4
:10DCE0006D63755C6E726635323834305C756861B0
:10DCF0006C5C7568616C5F7477696D73742E63001A
:10DD000000000000003000400000000001000000A2
:10DD1000433A5C55736572735C7A68756A69655CD1
:10DD2000417070446174615C4C6F63616C5C417202
:10DD30006475696E6F31355C7061636B61676573C3
:10DD40005C72616B5F7275695C6861726477617245
:10DD5000655C6E726635325C342E322E345C636FD5
:10DD60007265735C6E5246355C636F6D706F6E6585
:10DD70006E745C636F72655C6D63755C6E72663544
:10DD8000323834305C7568616C5C7568616C5F75E5
:10DD90006172742E63000000D2860120D1860120BA
:10DDA00001010000D4960120D3960120010100005A
:10DDB00000000000002000400000000000200040A3
:10DDC00000000000D8A60120D4DD0600D0DD06004A
:10DDD000E8A6012008A70120010000000080024001
:10DDE00001000000000000000000000028A7012042
:10DDF000FCDD0600F8DD060038A7012058A7012049
:10DE0000000000008813000010270000204E0000D2
:10DE100030750000409C000050C3000060EA000024
:10DE2000C0D4010080A90300005307000D0A257328
:10DE30000D0A000D0A41542B3C434D443E3F3A200D
:10DE400068656C70206F6E203C434D443E0D0A4166
:10DE5000542B3C434D443E3A2072756E203C434D5A
:10DE6000443E0D0A41542B3C434D443E3D3C7661BB
:10DE70006C75653E3A207365742074686520766120
:10DE80006C75650D0A41542B3C434D443E3D3F3A71
:10DE900020676574207468652076616C75650D0A6D
:10DEA0000044697361626C6500522A0025732C2559
:10DEB000733A2025730D0A004154432B0025732C1F
:10DEC00025733A2025732C2025730D0A003031323A
:10DED000333435363738390041542B424F4F5400D4
:10DEE000656E74657220626F6F746C6F61646572C9
:10DEF000206D6F646520666F72206669726D776150
:10DF0000726520757067726164650041542B424FE1
:10DF10004F545645520067657420746865207665D5
:10DF20007273696F6E206F662052554920426F6F81
:10DF3000746C6F616465720041545A007472696751
:10DF4000676572732061207265736574206F662047
:10DF5000746865204D4355004154520072657374D6
:10DF60006F72652064656661756C742070617261A2
:10DF70006D65746572730041542B444542554700EA
:10DF8000736574206465627567206C6F67007368E1
:10DF90006F77206F7220686964652074686520411E
:10DFA0005420636F6D6D616E6420696E70757400CE
:10DFB00041542B46534E0041542B464143544F523B
:10DFC000590041542B534E006765742074686520D6
:10DFD00073657269616C206E756D626572206F6623
:10DFE000207468652064657669636520286D6178B2
:10DFF0002031382063686172290041542B4241541A
:10E000000067657420746865206261747465727954
:10E01000206C6576656C2028766F6C7429004154FD
:10E020002B4255494C4454494D4500676574207452
:10E030006865206275696C642074696D65206F661F
:10E0400020746865206669726D776172650041545D
:10E050002B5245504F494E464F00676574207468F7
:10E060006520636F6D6D6974204944206F6620746C
:10E070006865206669726D776172650041542B5640
:10E08000455200676574207468652076657273690F
:10E090006F6E206F6620746865206669726D7761A7
:10E0A00072650041542B4649524D574152455645E1
:10E0B00052006765742074686520437573746F6DD2
:10E0C000697A65642076657273696F6E206F662069
:10E0D000746865206669726D776172650041542BC2
:10E0E000434C495645520067657420746865207634
:10E0F000657273696F6E206F662074686520415485
:10E1000020636F6D6D616E640041542B4150495620
:10E11000455200676574207468652076657273697E
:10E120006F6E206F662074686520525549204150FB
:10E13000490041542B48574D4F44454C0067657486
:10E140002074686520737472696E67206F6620742E
:10E150006865206861726477617265206D6F6465BF
:10E160006C0041542B48574944006765742074681B
:10E170006520737472696E67206F6620746865200D
:10E1800068617264776172652069640041542B4153
:10E190004C4941530061646420616E20616C696187
:10E1A00073206E616D6520746F20746865206465EE
:10E1B000766963650041542B535953560067657463
:10E1C000207468652053797374656D20566F6C7484
:10E1D0006167650041542B424C454D4143006765E2
:10E1E00074206F72207365742074686520424C45FA
:10E1F000204D616320616464726573730041542B28
:10E20000424C4544544D00424C452044544D00413D
:10E21000542B534C45455000656E74657220736CE9
:10E22000656570206D6F646520666F722061207077
:10E230006572696F64206F662074696D6520286D52
:10E2400073290041542B4C504D00676574206F7248
:10E250002073657420746865206C6F7720706F7709
:10E260006572206D6F6465202830203D206F6666E2
:10E270002C2031203D206F6E290041542B4C504DF5
:10E280004C564C00676574206F722073657420745F
:10E290006865206C6F7720706F776572206D6F6492
:10E2A00065206C6576656C0041542B4C4F434B00E8
:10E2B0006C6F636B207468652073657269616C2094
:10E2C000706F72740041542B50574F524400736565
:10E2D00074207468652073657269616C20706F7258
:10E2E00074206C6F636B696E672070617373776FF6
:10E2F000726420286D61782038206368617229007B
:10E3000041542B4241554400676574206F7220735D
:10E310006574207468652073657269616C20706F24
:10E3200072742062617564726174650041542B419E
:10E33000544D0073776974636820746F20415420D2
:10E34000636F6D6D616E64206D6F64650041542B69
:10E3500041505045554900676574206F72207365C0
:10E360007420746865206170706C69636174696F92
:10E370006E204555492028382062797465732069DC
:10E380006E20686578290041542B4150504B455907
:10E3900000676574206F722073657420746865204F
:10E3A0006170706C69636174696F6E206B65792050
:10E3B00028313620627974657320696E206865782B
:10E3C000290041542B415050534B45590067657407
:10E3D000206F722073657420746865206170706CA2
:10E3E00069636174696F6E2073657373696F6E2002
:10E3F0006B65792028313620627974657320696EE7
:10E4000020686578290041542B44455641444452C4
:10E4100000676574206F72207365742074686520CE
:10E42000646576696365206164647265737320282E
:10E430003420627974657320696E206865782900DC
:10E4400041542B44455645554900676574206F7209
:10E45000207365742074686520646576696365203F
:10E4600045554920283820627974657320696E20EB
:10E47000686578290041542B4E455449440067652E
:10E480007420746865206E6574776F726B206964A0
:10E49000656E74696669657220284E657449442901
:10E4A00020283320627974657320696E206865784E
:10E4B000290041542B4E574B534B45590067657407
:10E4C000206F722073657420746865206E657477A0
:10E4D0006F726B2073657373696F6E206B65792043
:10E4E00028313620627974657320696E20686578FA
:10E4F000290041542B4D43524F4F544B455900670F
:10E50000657420746865204D6320526F6F74206BB2
:10E5100065792028313620627974657320696E2010
:10E52000686578290041542B43464D006765742087
:10E530006F72207365742074686520636F6E6669FE
:10E54000726D206D6F6465202830203D206F6666F7
:10E550002C2031203D206F6E290041542B4346531F
:10E56000006765742074686520636F6E6669726DFC
:10E570006174696F6E20737461747573206F6620A7
:10E58000746865206C6173742041542B53454E446C
:10E59000202830203D206661696C7572652C203121
:10E5A000203D2073756363657373290041542B4AC2
:10E5B0004F494E006A6F696E206E6574776F726B9B
:10E5C0000041542B4E4A4D00676574206F722073D2
:10E5D000657420746865206E6574776F726B206A4D
:10E5E0006F696E206D6F6465202830203D204142A8
:10E5F000502C2031203D204F544141290041542BC3
:10E600004E4A530067657420746865206A6F696EAE
:10E6100020737461747573202830203D206E6F74F0
:10E62000206A6F696E65642C2031203D206A6F6915
:10E630006E6564290041542B52454356007072693F
:10E640006E7420746865206C6173742072656365F4
:10E6500069766564206461746120696E20686578FC
:10E6600020666F726D61740041542B53454E440017
:10E6700073656E64206461746120616C6F6E6720E5
:10E680007769746820746865206170706C69636173
:10E6900074696F6E20706F72740041542B4C50532C
:10E6A000454E440073656E64206C6F6E6720706128
:10E6B000636B6574206461746120286D617820311A
:10E6C000303030206279746573290041542B5245F3
:10E6D000545900676574206F7220736574207468E4
:10E6E00065206E756D626572206F6620726574724A
:10E6F000616E736D697373696F6E206F6620636FEF
:10E700006E6669726D207061636B657420646174FC
:10E71000610041542B41445200676574206F7220A0
:10E7200073657420746865206164617074697665CE
:10E73000206461746120726174652073657474690A
:10E740006E67202830203D206F66662C2031203DEA
:10E75000206F6E290041542B434C41535300676591
:10E7600074206F7220736574207468652064657608
:10E7700069636520636C617373202841203D2063C9
:10E780006C61737320412C2042203D20636C6173C7
:10E790007320422C2043203D20636C61737320431F
:10E7A000290041542B444353006765742074686505
:10E7B00020455453492064757479206379636C65EE
:10E7C0002073657474696E67202830203D20646969
:10E7D0007361626C65642C2031203D20656E61623E
:10E7E0006C6564290041542B445200676574206FA6
:10E7F000722073657420746865206461746120728E
:10E800006174650041542B4A4E31444C0067657475
:10E81000206F722073657420746865206A6F696E5A
:10E82000206163636570742064656C617920626542
:10E83000747765656E2074686520656E64206F6608
:10E8400020545820616E6420746865206A6F696E78
:10E850002052582077696E646F77203120696E20CE
:10E860007365636F6E64730041542B4A4E32444C9F
:10E8700000676574206F722073657420746865206A
:10E880006A6F696E206163636570742064656C6192
:10E8900079206265747765656E2074686520656EA1
:10E8A00064206F6620545820616E6420746865206F
:10E8B0006A6F696E2052582077696E646F772032D4
:10E8C00020696E207365636F6E64730041542B5032
:10E8D0004E4D00676574206F7220736574207468F4
:10E8E00065207075626C6963206E6574776F726BFA
:10E8F000206D6F6465202830203D206F66662C20D7
:10E9000031203D206F6E290041542B525831444C28
:10E9100000676574206F72207365742074686520C9
:10E9200064656C6179206265747765656E207468D2
:10E930006520656E64206F6620545820616E6420E7
:10E940007468652052582077696E646F7720312093
:10E95000696E207365636F6E64732028312D3135C5
:10E96000290041542B525832444C00676574206F83
:10E970007220736574207468652064656C61792009
:10E980006265747765656E2074686520656E6420C5
:10E990006F6620545820616E642074686520525858
:10E9A0002077696E646F77203220696E207365630B
:10E9B0006F6E64732028322D3136290041542B525A
:10E9C0005832445200676574206F7220736574205A
:10E9D000746865205258322077696E646F772064BE
:10E9E00061746120726174650041542B5258324643
:10E9F0005100676574207468652052583220776929
:10EA00006E646F77206672657175656E6379202814
:10EA1000487A290041542B54585000676574206F80
:10EA2000722073657420746865207472616E736DF2
:10EA3000697474696E6720706F7765720041542B3A
:10EA40004C494E4B434845434B00676574206F72F9
:10EA50002073657420746865206C696E6B20636830
:10EA600065636B2073657474696E67202830203D80
:10EA70002064697361626C65642C2031203D206FD5
:10EA80006E63652C2032203D20657665727974694D
:10EA90006D65290041542B54494D45524551007232
:10EAA000657175657374207468652063757272652D
:10EAB0006E74206461746520616E642074696D6594
:10EAC000202830203D2064697361626C65642C20CD
:10EAD00031203D20656E61626C6564290041542BD4
:10EAE0004C425400676574206F7220736574207403
:10EAF0006865204C6F526157414E204C425420288B
:10EB0000737570706F7274204B6F726561204A610B
:10EB100070616E290041542B4C42545253534900AA
:10EB2000676574206F722073657420746865204C6B
:10EB30006F526157414E204C4254207273736920CA
:10EB400028737570706F7274204B6F726561204A04
:10EB50006170616E290041542B4C42545343414E25
:10EB600054494D4500676574206F722073657420A9
:10EB7000746865204C6F526157414E204C425420BE
:10EB80007363616E74696D652028737570706F7240
:10EB900074204B6F726561204A6170616E2900417B
:10EBA000542B5047534C4F5400676574206F7220AC
:10EBB0007365742074686520756E69636173742071
:10EBC00070696E6720736C6F7420706572696F6412
:10EBD00069636974792028302D37290041542B420C
:10EBE00046524551006765742074686520646174FD
:10EBF00061207261746520616E6420626561636F7B
:10EC00006E206672657175656E637920284D487A4D
:10EC1000290041542B4254494D45006765742074C6
:10EC2000686520626561636F6E2074696D65202878
:10EC30007365636F6E64732073696E6365204750FC
:10EC4000532045706F63682074696D6529004154D5
:10EC50002B424757006765742074686520676174AC
:10EC6000657761792047505320636F6F7264696ED6
:10EC70006174652C204E6574494420616E642047A0
:10EC80007749440041542B4C54494D450067657405
:10EC900020746865206C6F63616C2074696D650019
:10ECA00041542B52535349006765742074686520A2
:10ECB00052535349206F6620746865206C617374E9
:10ECC000207265636569766564207061636B657445
:10ECD0000041542B41525353490061636365737380
:10ECE00020616C6C206F70656E206368616E6E656C
:10ECF0006C20525353490041542B534E52006765C8
:10ED0000742074686520534E52206F6620746865C5
:10ED1000206C617374207265636569766564207028
:10ED200061636B65740041542B4D41534B00676523
:10ED300074206F7220736574207468652063686145
:10ED40006E6E656C206D61736B20746F20636C6FE9
:10ED50007365206F72206F70656E20746865206324
:10ED600068616E6E656C20286F6E6C7920666F72BC
:10ED70002055533931352C2041553931352C20431C
:10ED80004E343730290041542B43484500676574A1
:10ED9000206F7220736574206569676874206368EA
:10EDA000616E6E656C73206D6F646520286F6E6C8C
:10EDB0007920666F722055533931352041553931EC
:10EDC0003520434E343730290041542B43485300FB
:10EDD000676574206F72207365742073696E676C49
:10EDE00065206368616E6E656C73206D6F6465206D
:10EDF000286F6E6C7920666F72205553393135203B
:10EE0000415539313520434E343730290041542B98
:10EE100042414E4400676574206F72207365742010
:10EE20007468652061637469766520726567696FCF
:10EE30006E202830203D2045553433332C2031209E
:10EE40003D20434E3437302C2032203D205255385F
:10EE500036342C2033203D20494E3836352C203492
:10EE6000203D2045553836382C2035203D2055533F
:10EE70003931352C2036203D2041553931352C2073
:10EE800037203D204B523932302C2038203D204154
:10EE9000533932332D31202C2039203D2041533934
:10EEA00032332D32202C203130203D204153393255
:10EEB000332D33202C203131203D20415339323342
:10EEC0002D34202C203132203D204C413931352940
:10EED0000041542B4144444D554C4300616464202F
:10EEE00061206E6577206D756C7469636173742041
:10EEF00067726F75700041542B524D564D554C43FF
:10EF00000064656C6574652061206D756C7469635F
:10EF10006173742067726F75700041542B4C5354A9
:10EF20004D554C430076696577206D756C74696347
:10EF30006173742067726F757020696E666F726D91
:10EF40006174696F6E0041542B54525353490073DE
:10EF500074617274205246205253534920746F6E6C
:10EF60006520746573740041542B54544F4E450012
:10EF7000737461727420524620746F6E65207465DC
:10EF800073740041542B54545800736574206E758B
:10EF90006D626572206F66207061636B65747320AB
:10EFA000746F2062652073656E7420666F722050E6
:10EFB00045522052462054582074657374004154C1
:10EFC0002B54525800736574206E756D6265722003
:10EFD0006F66207061636B65747320746F20626567
:10EFE00020726563656976656420666F722050459E
:10EFF0005220524620525820746573740041542B9D
:10F0000054434F4E4600636F6E66696775726520A4
:10F010004C6F526120524620746573740041542B2A
:10F02000545448007374617274205246205458201E
:10F03000686F7070696E6720746573742066726F94
:10F040006D2046737461727420746F204673746F00
:10F05000702C2077697468204664656C7461207335
:10F06000746570730041542B54525448007374619A
:10F07000727420524620545820686F7070696E6711
:10F0800020746573742066726F6D204673746172AC
:10F090007420746F204673746F702C2077697468C5
:10F0A000204664656C746120696E74657276616C6B
:10F0B00020696E2072616E646F6D20736571756575
:10F0C0006E63650041542B544F46460073746F7055
:10F0D000206F6E676F696E67205246207465737487
:10F0E0000041542B434552544946007365742074C3
:10F0F0006865206D6F64756C6520696E204C6F7259
:10F100006157414E20636572746966696361746911
:10F110006F6E206D6F6465202830203D206E6F7209
:10F120006D616C206D6F64652C2031203D2063651E
:10F130007274696669636174696F6E206D6F64656E
:10F14000290041542B435700737461727420636F1C
:10F150006E74696E756F75732077617665004154C2
:10F160002B4E574D00676574206F722073657420B5
:10F17000746865206E6574776F726B20776F726B41
:10F18000696E67206D6F6465202830203D20503205
:10F19000505F4C4F52412C2031203D204C6F52612A
:10F1A00057414E2C2032203D205032505F46534B69
:10F1B000290041542B504652455100636F6E6669D9
:10F1C0006775726520503250204672657175656EA4
:10F1D000637920284E6F74653A5468697320636FB1
:10F1E0006D6D616E642077696C6C2062652064656A
:10F1F0006C6574656420696E20746865206675743A
:10F20000757265290041542B50534600636F6E663A
:10F210006967757265205032502053707265616461
:10F22000696E6720466163746F722028352D313214
:10F2300029284E6F74653A5468697320636F6D6D49
:10F24000616E642077696C6C2062652064656C6512
:10F2500074656420696E20746865206675747572C3
:10F2600065290041542B50425700636F6E666967F1
:10F27000757265205032502042616E647769647403
:10F2800068284C4F52413A2030203D203132352CF5
:10F290002031203D203235302C2032203D203530A9
:10F2A000302C2033203D20372E382C2034203D2098
:10F2B00031302E342C2035203D2031352E36332C64
:10F2C0002036203D2032302E38332C2037203D2070
:10F2D00033312E32352C2038203D2034312E363734
:10F2E0002C2039203D2036322E35202046534B3AF3
:10F2F000343830302D34363730303029284E6F7462
:10F30000653A5468697320636F6D6D616E64207730
:10F31000696C6C2062652064656C65746564206945
:10F320006E20746865206675747572652900415495
:10F330002B50435200636F6E66696775726520508B
:10F34000325020436F6465205261746528303D342B
:10F350002F352C20313D342F362C20323D342F37A1
:10F360002C20333D342F3829284E6F74653A546869
:10F37000697320636F6D6D616E642077696C6C20BA
:10F3800062652064656C6574656420696E207468CC
:10F390006520667574757265290041542B50504C78
:10F3A00000636F6E66696775726520503250205039
:10F3B0007265616D626C65204C656E6774682028AB
:10F3C000352D363535333529284E6F74653A5468F6
:10F3D000697320636F6D6D616E642077696C6C205A
:10F3E00062652064656C6574656420696E2074686C
:10F3F0006520667574757265290041542B50545010
:10F4000000636F6E666967757265205032502054D4
:10F410005820506F77657228352D323229284E6F6B
:10F4200074653A5468697320636F6D6D616E642012
:10F4300077696C6C2062652064656C657465642016
:10F44000696E20746865206675747572652900415F
:10F45000542B5053454E440073656E6420646174B0
:10F460006120696E20503250206D6F6465004154F8
:10F470002B505245435600656E74657220503250D1
:10F48000205258206D6F646520666F722061207075
:10F490006572696F64206F662074696D6520286DE0
:10F4A00073290041542B454E43525900676574201F
:10F4B0006F72207365742074686520656E6372795D
:10F4C0007074696F6E20737461747573206F662039
:10F4D000503250206D6F64650041542B434144000D
:10F4E000676574206F7220736574207468652043AB
:10F4F00068616E6E656C2041637469766974792009
:10F50000446574656374696F6E2073746174757398
:10F51000206F6620503250206D6F64650041542B7F
:10F52000454E434B455900676574206F72207365E3
:10F53000742074686520656E6372797074696F6E8B
:10F54000206B6579206F6620503250206D6F6465A6
:10F550002028313620627974657320696E206865D1
:10F5600078290041542B435259504956006765741D
:10F57000206F72207365742074686520656E6372F5
:10F58000797074696F6E204956206F662050325032
:10F59000206D6F6465202831362062797465732090
:10F5A000696E20686578290041542B5032500067FD
:10F5B0006574206F722073657420616C6C2050320A
:10F5C0005020706172616D65746572730041542BD7
:10F5D00050425200676574206F7220736574207406
:10F5E0006865205032502046534B206D6F64656D26
:10F5F000206269747261746520283630302D333092
:10F600003030303020622F73290041542B50464453
:10F61000455600676574206F7220736574207468A6
:10F6200065205032502046534B206D6F64656D202D
:10F630006672657175656E6379206465766961745B
:10F64000696F6E20283630302D3230303030302027
:10F65000687A290041542B4951494E56455200675A
:10F660006574206F722073657420503250204951A8
:10F6700020696E76657273696F6E202831203D2097
:10F680006F6E2C2030203D206F6666290041542B80
:10F6900053594E43574F524400676574206F722090
:10F6A000736574205032502073796E63776F726483
:10F6B0002028307830303030202D20307866666653
:10F6C00066290041542B52464652455155454E43FA
:10F6D0005900676574206F72207365742050325032
:10F6E000204672657175656E63790041542B5458DC
:10F6F0004F5554505554504F57455200676574202C
:10F700006F72207365742050325020547820506FEF
:10F7100077657228352D3232290041542B42414EF3
:10F7200044574944544800676574206F72207365DC
:10F7300074205032502042616E6477696474682886
:10F740004C4F52413A2030203D203132352C20316F
:10F75000203D203235302C2032203D203530302CD9
:10F760002033203D20372E382C2034203D203130CE
:10F770002E342C2035203D2031352E36332C2036AA
:10F78000203D2032302E38332C2037203D2033319D
:10F790002E32352C2038203D2034312E36372C2087
:10F7A00039203D2036322E35202046534B3A34380E
:10F7B00030302D343637303030290041542B5350FF
:10F7C00052454144494E47464143544F52006765B4
:10F7D00074206F7220736574205032502053707201
:10F7E000656164696E6720466163746F72202835B5
:10F7F0002D3132290041542B434F44494E47524149
:10F80000544500676574206F722073657420503210
:10F810005020436F6465205261746528303D342F59
:10F82000352C20313D342F362C20323D342F372CCF
:10F8300020333D342F38290041542B505245414D3F
:10F84000424C454C454E47544800676574206F72E2
:10F85000207365742050325020507265616D626C67
:10F8600065204C656E6774682028352D3635353334
:10F8700035290041542B53594D424F4C54494D4565
:10F880004F555400676574206F7220736574205063
:10F8900032502073796D626F6C54696D656F757449
:10F8A0002028302D323438290041542B4649584CF9
:10F8B000454E4754485041594C4F41440067657488
:10F8C000206F722073657420503250206669782052
:10F8D0006C656E677468207061796C6F6164206F0D
:10F8E0006E2F6F666620282031203D206F6E2C2001
:10F8F00030203D206F6666290041545F434F4D4DD7
:10F90000414E445F4E4F545F464F554E4400415464
:10F910005F554E535550504F525445445F42414EEF
:10F9200044000A0201010106010101010103010174
:10F930000201010025733D25640D0A0054782074EE
:10F940006F6E650025733D25643A25643A25643A57
:10F9500025643A25643A25643A25643A25643A25B3
:10F96000643A25643A25643A25640D0A0025733DFE
:10F9700025643A25643A25643A25640D0A00257306
:10F980003D25750D0A0025733D25643A25643A2509
:10F99000640D0A0025733D25643A25642E25640D07
:10F9A0000A0025733D25643A25643A25643A2564A6
:10F9B0003A25640D0A0025733D25730D0A00257351
:10F9C0003D25640025733D0025630025733D2566B4
:10F9D0000D0A0025733D25732D25730D0A00424C39
:10F9E0004544544D0D0A0061742B61746D002C0068
:10F9F00025733D25753A0000FFFFFFFFFFFFFFFF66
:10FA0000FFFFFFFFFFFFFFFF000000000000303A94
:10FA100000423A00433A00253038583A0025303940
:10FA2000643A00253032643A0025733D410D0A00E6
:10FA300025733D423A53300D0A0025733D423A5337
:10FA4000310D0A0025733D423A53320D0A002573E9
:10FA50003D423A53330D0A0025733D420D0A0025FD
:10FA6000733D430D0A005032505F52585F4F4E2095
:10FA7000616C72656164792C20706C6561736520BE
:10FA800064697361626C6520503250205258206264
:10FA900065666F72652073657474696E672E0D0AF2
:10FAA000005032505F52585F4F4E0D0A0050325096
:10FAB0005F52585F4F46460D0A0025733D2530348E
:10FAC000780D0A0041542B4C4F434B3D756E6C6FC3
:10FAD000636B65640D0A0034323934393637323994
:10FAE000350025733D25303458002873696E676CE6
:10FAF00065206368616E6E656C206D6F64653A2089
:10FB000025642900340D0A00350D0A00360D0A005F
:10FB1000370D0A00380D0A00390D0A0031300D0A80
:10FB20000031310D0A0031320D0A00382D31003814
:10FB30002D3200382D3300382D340004020907051A
:10FB4000080106001415160A546865206C6F63617D
:10FB50006C20646174616261736520686173206305
:10FB600068616E6765642C20736F20736F6D65200C
:10FB7000737562736372697074696F6E7320746FEA
:10FB8000206E6F74696669636174696F6E7320615A
:10FB90006E6420696E6469636174696F6E7320635B
:10FBA0006F756C64206E6F7420626520726573746B
:10FBB0006F72656420666F7220636F6E6E5F68613E
:10FBC0006E646C65202564006773636D5F6C6F63A2
:10FBD000616C5F64625F63616368655F6170706CD4
:10FBE0007928292072657475726E656420257320EA
:10FBF00077686963682073686F756C64206E6F74D2
:10FC00002068617070656E2E20636F6E6E5F686134
:10FC10006E646C653A202564006773636D5F73657D
:10FC200072766963655F6368616E6765645F696E5C
:10FC3000645F73656E6428292072657475726E65E1
:10FC40006420257320666F7220636F6E6E5F68613B
:10FC50006E646C653A20256400466C6173682066AA
:10FC6000756C6C2E20436F756C64206E6F742073FE
:10FC7000746F7265206461746120666F7220636FB7
:10FC80006E6E5F68616E646C653A20256400677310
:10FC9000636D5F6C6F63616C5F64625F6361636817
:10FCA000655F75706461746528292072657475726A
:10FCB0006E656420257320666F7220636F6E6E5FC1
:10FCC00068616E646C653A2025640043415220638C
:10FCD0006861722076616C756520636F756C646E07
:10FCE00027742062652073746F72656420286572C2
:10FCF000726F723A202573292E20526561747465E3
:10FD00006D70742077696C6C2068617070656E200E
:10FD10006F6E20746865206E65787420636F6E6EF8
:10FD2000656374696F6E2E00556E657870656374D7
:10FD3000656420474154542073746174757320774F
:10FD400068696C652067657474696E672043415209
:10FD500020636861722076616C75653A2030782581
:10FD600078004D756C7469706C65202825642920B5
:10FD70004341522063686172616374657269737490
:10FD800069637320666F756E642C207573696E6786
:10FD9000207468652066697273742E00556E6578EC
:10FDA00070656374656420434152206368617261C9
:10FDB0006374657269737469632076616C7565201C
:10FDC0006C656E67746820282564292C2073746F15
:10FDD000726520302E00706565725F6D616E6167BF
:10FDE00065725F67636D00000100FFFF00000000A7
:10FDF000010000007064735F706565725F64617418
:10FE0000615F73746F726528292072657475726EF4
:10FE10006564202573207768696C652073746F7240
:10FE2000696E672073657276696365206368616EC9
:10FE3000676564737461746520666F7220706565B0
:10FE4000722069642025642E0044696420616E6F0D
:10FE50007468657220746872656164206D616E6992
:10FE600070756C61746520504D5F504545525F441C
:10FE70004154415F49445F474154545F4C4F4341B3
:10FE80004C20666F7220706565725F69642025641E
:10FE9000206174207468652073616D652074696DDC
:10FEA000653F207064625F77726974655F62756632
:10FEB0005F72656C6561736528292072657475725F
:10FEC0006E65642025732E0073645F626C655F67E6
:10FED000617474735F7379735F617474725F736557
:10FEE0007428292072657475726E6564204E5246BE
:10FEF0005F4552524F525F494E56414C49445F4410
:10FF000041544120666F72204E554C4C20706F69F1
:10FF10006E7465722077686963682073686F756CAA
:10FF200064206E657665722068617070656E2E2043
:10FF3000636F6E6E5F68616E646C653A2025640065
:10FF400073645F626C655F67617474735F696E6927
:10FF50007469616C5F757365725F68616E646C650E
:10FF60005F67657428292072657475726E656420F8
:10FF700025732077686963682073686F756C6420E7
:10FF80006E6F742068617070656E2E0070656572AA
:10FF90005F6D616E616765725F6773636D0000001E
:10FFA00001000100B0FF060001000100B4FF0600DF
:10FFB0000100000000000000706565725F6D616EF9
:10FFC000616765725F696D00436F756C64206E6F69
:10FFD000742064656C657465207065657220646169
:10FFE00074612E206664735F66696C655F64656C1E
:10FFF00065746528292072657475726E6564203099
:0200000270008C
:1000000078257820666F7220706565725F69643A42
:1000100020256400436F756C64206E6F7420696ED8
:10002000697469616C697A6520666C6173682073B4
:10003000746F726167652E206664735F72656769AD
:100040007374657228292072657475726E656420F8
:10005000307825782E00436F756C64206E6F7420A5
:10006000696E697469616C697A6520666C61736830
:100070002073746F726167652E206664735F696EAA
:10008000697428292072657475726E6564203078F1
:1000900025782E00436F756C64206E6F7420777224
:1000A000697465206461746120746F20666C61738B
:1000B000682E206664735F7265636F72645F7B771E
:1000C000726974657C7570646174657D282920721D
:1000D000657475726E656420307825782E207065A1
:1000E00065725F69643A20256400706565725F6DB2
:1000F000616E616765725F70647300706D5F6275D9
:10010000666665725F7074725F6765742829206324
:100110006F756C64206E6F74207265747269657699
:10012000652052414D206275666665722E20626CB4
:100130006F636B5F69643A202564007064735F705D
:100140006565725F646174615F73746F726528299D
:100150002072657475726E65642025732E2070653B
:1001600065725F69643A20256400536F6D65207085
:10017000656572206461746120776173206E6F74AD
:100180002070726F7065726C792077726974746513
:100190006E20746F20666C6173682E2077726974AC
:1001A000655F6275665F73746F726528292072657A
:1001B0007475726E656420257320666F7220706599
:1001C00065725F69643A20256400504D5F42554670
:1001D0004645525F494E495428292072657475720C
:1001E0006E65642025732E0043616E6E6F742073FC
:1001F000746F7265206461746120746F20666C6135
:100200007368206265636175736520706D5F6275E8
:10021000666665725F7074725F6765742829206313
:100220006F756C64206E6F74207265747269657688
:10023000652052414D206275666665722E204973B5
:1002400020626C6F636B5F6964202564206E6F743D
:1002500020616C6C6F63617465643F007064625F01
:1002600077726974655F6275665F72656C656173EC
:100270006528292072657475726E65642025732067
:1002800077686963682073686F756C64206E6F743B
:100290002068617070656E2E20706565725F69649C
:1002A0003A2025642C20646174615F69643A2025DA
:1002B000640050656572204944202564207761738D
:1002C000206E6F742070726F7065726C7920726529
:1002D0006C65617365642E207064735F7065657210
:1002E0005F69645F6672656528292072657475723E
:1002F0006E65642025732E20706565725F69643AAF
:1003000020256400706565725F6D616E616765725E
:100310005F706462000B0C18190D0E0F10000000C6
:100320000338FDD87047000019B7050085B70500F0
:1003300015B705001B5B306D001B5B313B33316D26
:100340000025734C6F67732064726F707065642052
:100350002825642925730D0A003C25733E2025734A
:100360003A2000202530327800202020007C001B1D
:100370005B313B33306D001B5B313B33326D001B17
:100380005B313B33336D001B5B313B33346D001B02
:100390005B313B33356D001B5B313B33366D001BEE
:1003A0005B313B33376D007761726E696E67006950
:1003B0006E666F00646562756700000034030700B5
:1003C0006F03070039030700770307007F03070067
:1003D000870307008F030700970307009F030700A9
:1003E0000000000003930600A7030700AF03070007
:1003F000B4030700736F72746C6973740030313228
:1004000033343536373839414243444546546572B2
:100410006D696E616C005254540053454747455214
:100420000050504900534141444300535049005348
:1004300050494D0057445400433A5C5573657273FC
:100440005C7A68756A69655C417070446174615C6E
:100450004C6F63616C5C41726475696E6F31355CC1
:100460007061636B616765735C72616B5F72756904
:100470005C68617264776172655C6E726635325C6D
:10048000342E322E345C636F7265735C6E52463567
:100490005C636F6D706F6E656E745C636F72655CCC
:1004A0006D63755C6E726635323834305C756861C8
:1004B0006C5C73657269616C5C6E72665F736572A9
:1004C00069616C2E630055415254005541525445A8
:1004D00000000000B5E50500C5E505004661696C52
:1004E00020746F2061637175697265206D75746524
:1004F000780A00004661696C20746F2072656C6533
:10050000617365206D757465780A00004661696CD9
:1005100020746F20696E63726561736520504D2091
:10052000636F756E7465720A000000004661696C45
:1005300020746F20646563726561736520504D207F
:10054000636F756E7465720A00000000000102039B
:100550000405060708090A0B0C0D0E0F10111213E3
:100560001415161718191A1B1C1D1E1FC6A13B3780
:10057000878F5B826F4F8162A1C8D8799503E3A210
:10058000245A2BE43C9874EDFE1BED9EF29000B6CD
:100590002A499FD0A9F39A6ADD2E77809DBA41A798
:1005A00077F3B46A37B7AAAE49D6DF8D2F7A3C60AD
:1005B0000708D124ACD3C5DE3B65844700000000AA
:1005C000010000000300000002000000FFFFFFFF29
:1005D000070000004661696C20746F206765742015
:1005E00054524E4720636861726163746572697A20
:1005F0006174696F6E20706172616D65746572738C
:10060000200A00004661696C20746F206372656186
:1006100074652053594D206D757465780A0000008B
:100620004661696C20746F20637265617465204156
:1006300053594D206D757465780A00004661696CE8
:10064000656420746F2063726561746520506F77F4
:100650006572206D757465780A0000004661696CEA
:1006600020746F206372656174652047656E5665FE
:1006700063206D757465780A0000000043616E2781
:100680007420696E697469616C697A65206D75742E
:1006900065782C20776173204E554C4C0D0A000074
:1006A00043616E2774206C6F636B206D7574657881
:1006B0002C20776173204E554C4C0D0A0000000031
:1006C00043616E277420756E6C6F636B206D75745B
:1006D00065782C20776173204E554C4C0D0A000034
:1006E000536153695F48616C57616974496E746501
:1006F00072727570742063616E7420776169742002
:10070000666F72206E6F7468696E670A0000000081
:1007100014000000200000001C0000004000000049
:100720000123456789ABCDEFFEDCBA9876543210D1
:10073000F0E1D2C3D89E05C107D57C3617DD7030F5
:1007400039590EF7310BC0FF11155868A78FF9649E
:10075000A44FFABE67E6096A85AE67BB72F36E3CCA
:100760003AF54FA57F520E518C68059BABD9831F7C
:1007700019CDE05B000102030405060708090A0B16
:100780000C0D0E0F101112131415161718191A1B31
:100790001C1D1E1F08C9BCF367E6096A3BA7CA8473
:1007A00085AE67BB2BF894FE72F36E3CF1361D5F8D
:1007B0003AF54FA5D182E6AD7F520E511F6C3E2B0C
:1007C0008C68059B6BBD41FBABD9831F79217E13E0
:1007D00019CDE05BEDFFFFFFFFFFFFFFFFFFFFFF16
:1007E000FFFFFFFFFFFFFFFFFFFFFFFFFFFFFFFF19
:1007F000FFFFFF7FFF00000008000000090000006D
:1008000000000000000000000000000000000000E8
:10081000000000000000000000000000D9D3CE7EE0
:10082000A2C5E929B2617C6D7E4D3D924CD14877DD
:100830002CDD1EE0B486A0B8A119AE20EDD3F55C86
:100840001A631258D69CF7A2DEF9DE1400000000ED
:10085000000000000000000000000010FD0000008B
:10086000080000000800000042DB0100000000005A
:100870000000000000000000000000000000000078
:100880000000000000000000000000000000000068
:10089000800000000000000000000000FFFFFFFFDC
:1008A000FFFFFFFF3F00000000000000000000000D
:1008B000000000004375727665323535313900002D
:1008C0000000000000000000F87F4000EDFFFFFF87
:1008D000FFFFFFFFFFFFFFFFFFFFFFFFFFFFFFFF28
:1008E000FFFFFFFFFFFFFFFFFFFFFF7FFF00000095
:1008F000080000001AD5258F602D56C9B2A725958E
:1009000060C72C695CDCD6FD31E2A4C0FE536ECD1D
:10091000D33669215866666666666666666666668A
:100920006666666666666666666666666666666667
:1009300066666666EDD3F55C1A631258D69CF7A21C
:10094000DEF9DE14000000000000000000000000DE
:1009500000000010FD00000008000000080000007A
:10096000A3785913CA4DEB75ABD841414D0A7000BD
:1009700098E879777940C78C73FE6F2BEE6C035241
:10098000A3DDB7A5B38ADE6DF5525177809FF020C5
:100990007DE3AB648E4EEA6665768BD70F5F876723
:1009A000853B8CF5C693BC2F190E8CFBC62D93CFBF
:1009B000C2423D6498480B2765BAD4333A9DCF07AD
:1009C0003E9140D70539109DB3BE40D1059F39FDFA
:1009D000098A8F683484C1A56712F898922FFD4464
:1009E00068AA7A870512C9AB9EC4AACC23E8D92687
:1009F0008C5943DDCB7D1B5AA8650C9F687B116F1A
:100A000085558578FAED3654613B5533DC1726D988
:100A100073A6BC223482E4A5579AF3609784EE1043
:100A2000D7713C93FCE72492B5F50F7A969D469FCB
:100A30000207D6E1659AA65A2E2E7DA83F060C59CC
:100A4000A8D5B44260A5998AF6AC604E0C812B8F74
:100A5000AA376EB16B239EE05525C969A695B56B83
:100A60005F7A9BA5B3A8FA4378CF9A5DDD6BC13658
:100A7000316A3D0B84A00F50730BA53EB1F51A707F
:100A80008E85645A4C5705BC873065A222943EC9B6
:100A9000CE95C2F47B5FF0AF8CF45AC14E0AE50FDD
:100AA0009F09FC8EB95173283825FD7DF4C6656712
:100AB00065920AFB3D8D34CA2787E52103910E68B4
:100AC000BF1868050A05FE95A9FA605671897E323D
:100AD0007350A006CDE3E8C39AA445744C3F932716
:100AE00009FF76C4E9FB135A72C15C7B45399E6EDF
:100AF00094442B10F9DCDB5D2B3E5563BF0C9D7FCE
:100B0000E400893B1604ECA58D3EA384BAC661912E
:100B10006BBBD4EF062324A2D4C1AA9C40F362008D
:100B20008F3EDD046659B7592C7088E27703B36CA9
:100B300023C3D95E669C33B12FE5BC6160E715091C
:100B4000D93492F3ED5DA7E2F958B5E180763D9690
:100B5000FB233C6EAC41272CC3010E32A124903AFA
:100B60001A91A2C9D9F5C1E7D7A7CC8B7871A3B8E0
:100B7000322AB60E19126463954ECC2E5C7C9026F8
:100B8000D36E5D36260A3E1828583374878E5C472C
:100B9000CDD549F1E6ED9B9C6AB133D1A3836F5962
:100BA000F621902DA5042D329CBFC675339FC1B987
:100BB000090BD242433A7A5861FE64AAF81C3B14EE
:100BC000F32D3E55CA51C87EB37848A6CB8412A7F0
:100BD000E7D1883219E4B5E683889A5AEC10F24CD2
:100BE000ABCA8A967D7C869F292709278E25545F6C
:100BF000750918EA4BD3A7D0E1264137A346B521A2
:100C00004235756982837960D6D8F6D871DAABA09F
:100C10008AF6E715B42C582F1ED9BEC85CB94A5EB7
:100C20000ECE43284EA1C5835FA4D715458E0D086F
:100C3000ACE733187D3B043D6C045A9F4C38AB360F
:100C4000C9A3F86AAE465F0E56513864510F399702
:100C5000561FA2C9E85EA21DC2292309F3CD602256
:100C600001B4696D553F1AB70224F7C1C9AC795D6B
:100C700013B40373085FE51DDC682F0B85A7982468
:100C800070F8C9C457A63A494715CE93C19E731A46
:100C9000F920357AB8D4258346F1CF56DBA83D201C
:100CA0002F1132CA61AB38DFF00F2FEA3228F24C35
:100CB0006C71D58085B80E47E19515CB27E8D047F4
:100CC00058138A72F6228F5FCA07DDB61EE395714C
:100CD00060297CC66ABA14720C2673D8D83C782274
:100CE000264F7E97F640DD4FFC5278F9903103E6AF
:100CF0007D56390B1D568285F91A4217696CCF391A
:100D000069D2063A4F392DF938408C4CE70512B4B8
:100D1000788BF8C0EC93DE7A6BCE2CE10EA93444CC
:100D20009FC6E2597F74C123B5A6B876C1564E71ED
:100D300095A5476D5484A3D36D6C74127911F86D29
:100D400059F1B226949BD6EB56B183829A14E000F7
:100D500030D1F3EEF2808E19E7FCDF56DCD90624A1
:100D6000FDFFFFFFFFFFFFFFFFFFFFFFFFFFFFFF95
:100D7000FFFFFFFFFFFFFFFFFFFFFFFFFFFFFF0F73
:100D8000B0A00E4A271BEEC478E42FAD0618432FFF
:100D9000A7D7FB3D99004D2B0BDFC14F8024832B40
:100DA00000000000000000008000000000000000C3
:100DB00000000000FFFFFFFFFFFFFFFFFF0000003C
:100DC0000000000000000000F8FFFFFFFFFFFF7FB2
:100DD000000000404D4B0600554B06005D4B0600E1
:100DE000654B06006D4B0600754B06007D4B0600FB
:100DF000854B06008D4B0600954B06009D4B06006B
:100E00000000000073ACFFFFFEFFFFFFFFFFFFFFCE
:100E1000FFFFFFFFFFFFFFFF0000000000000000DA
:100E200000000000000000000000000000000000C2
:100E300000000000000000000000000000000000B2
:100E400000000000000000000000000000000000A2
:100E50000000000000000000000000000000000092
:100E60000000000000000000000000000000000082
:100E70000000000000000000000000000000000072
:100E80000000000000000000000000000000000062
:100E9000000000000700000000000000000000004B
:100EA0000000000000000000000000000000000042
:100EB0000000000000000000000000000000000032
:100EC0000000000000000000000000000000000022
:100ED000000000000000000000000000B3B616CAC9
:100EE0009AABDF16FAB80100000000000000000015
:100EF00001000000000000000000000000000000F1
:100F000000000000000000000000000000000000E1
:100F100000000000000000000000000000000000D1
:100F20000000000000000000BB7E4DDDF5F436300F
:100F3000769E01A492A17AE32C384C3B000000007D
:100F400000000000000000000000000000000000A1
:100F50000000000000000000000000000000000091
:100F60000000000000000000000000000000000081
:100F7000EE4F3CF0C33317538682C26BEDDC8F31EA
:100F800035F98C9300000000000000000000000014
:100F90000000000000000000000000000000000051
:100FA0000000000000000000000000000000000041
:100FB0000000000000000000010000000000000030
:100FC00000000000800000000000000000000000A1
:100FD000FFFFFFFFFFFFFFFFFF000000000000001A
:100FE0000000000000000000000000000000000001
:100FF00000000000000000000000000000000000F1
:1010000000000000000000000000000000000000E0
:1010100000000000000000000000000000000000D0
:1010200000000000000000000000000000000000C0
:1010300000000000000000000000000000000000B0
:1010400000000000000000000000000000000000A0
:101050000000000000000000000000000000000090
:101060000000000000000000000000000000000080
:101070000000000000000000000000000000000070
:101080000000000000000000000000000000000060
:101090000000000000000000000000000000000050
:1010A0000000000000000000000000000000000040
:1010B000000000000000000000000000A000000090
:1010C000A100000005000000000000005345434758
:1010D0005F5052494D455F3136304B3100000000C2
:1010E000FFFFFF7FFFFFFFFFFFFFFFFFFFFFFFFF90
:1010F000FFFFFFFF000000000000000000000000F4
:1011000000000000000000000000000000000000DF
:1011100000000000000000000000000000000000CF
:101120000000000000000000FCFFFF7FFFFFFFFF4A
:10113000FFFFFFFFFFFFFFFFFFFFFFFF00000000BB
:10114000000000000000000000000000000000009F
:10115000000000000000000000000000000000008F
:10116000000000000000000000000000000000007F
:1011700045FA65C5ADD4D4819FF8AC658B7ABD5472
:10118000FCBE971C000000000000000000000000F2
:10119000000000000000000000000000000000004F
:1011A000000000000000000000000000000000003F
:1011B0000000000000000000572275CAD3AE27F9D6
:1011C000C8F4010000000000000000000100000061
:1011D000000000000000000000000000000000000F
:1011E00000000000000000000000000000000000FF
:1011F00000000000000000000000000000000000EF
:101200000000000082FCCB13B98BC3688969644677
:101210002873F58E68B5964A0000000000000000B3
:1012200000000000000000000000000000000000BE
:1012300000000000000000000000000000000000AE
:1012400000000000000000000000000032FBC57A32
:101250003751230412C9DC597D9468315528A623DF
:10126000000000000000000000000000000000007E
:10127000000000000000000000000000000000006E
:10128000000000000000000000000000000000005E
:10129000000000000100000000000000000000004D
:1012A000800000000000000000000000FFFFFFFFC2
:1012B000FFFFFFFFFF000000000000000000000033
:1012C000000000000000000000000000000000001E
:1012D000000000000000000000000000000000000E
:1012E00000000000000000000000000000000000FE
:1012F00000000000000000000000000000000000EE
:1013000000000000000000000000000000000000DD
:1013100000000000000000000000000000000000CD
:1013200000000000000000000000000000000000BD
:1013300000000000000000000000000000000000AD
:10134000000000000000000000000000000000009D
:10135000000000000000000000000000000000008D
:10136000000000000000000000000000000000007D
:10137000000000000000000000000000000000006D
:10138000000000000000000000000000000000005D
:101390000000000000000000A0000000A10000000C
:1013A0000500000001000000534543475F505249CB
:1013B0004D455F31363052310000000073ACFFFF05
:1013C000FEFFFFFFFFFFFFFFFFFFFFFFFFFFFFFF2E
:1013D000000000000000000000000000000000000D
:1013E00000000000000000000000000000000000FD
:1013F00000000000000000000000000000000000ED
:101400000000000070ACFFFFFEFFFFFFFFFFFFFFCB
:10141000FFFFFFFFFFFFFFFF0000000000000000D4
:1014200000000000000000000000000000000000BC
:1014300000000000000000000000000000000000AC
:10144000000000000000000000000000BA8803F562
:101450005A4D6604492757AB8BEB59FBD334E1B4A3
:10146000000000000000000000000000000000007C
:10147000000000000000000000000000000000006C
:10148000000000000000000000000000000000005C
:10149000000000006BA1A1F318A886E71E3500002C
:1014A000000000000000000001000000000000003B
:1014B000000000000000000000000000000000002C
:1014C000000000000000000000000000000000001C
:1014D000000000000000000000000000000000000C
:1014E0006DCE44319D19F7301BF14F1F7E113A2903
:1014F00034B0DC52000000000000000000000000DA
:1015000000000000000000000000000000000000DB
:1015100000000000000000000000000000000000CB
:1015200000000000000000002E3FD4A7FE2C98F918
:101530000DFA71E096F231E3F2FEAFFE000000001A
:10154000000000000000000000000000000000009B
:10155000000000000000000000000000000000008B
:10156000000000000000000000000000000000007B
:1015700001000000000000000000000080000000EA
:101580000000000000000000FFFFFFFFFFFFFFFF63
:10159000FF0000000000000000000000000000004C
:1015A000000000000000000000000000000000003B
:1015B000000000000000000000000000000000002B
:1015C000000000000000000000000000000000001B
:1015D000000000000000000000000000000000000B
:1015E00000000000000000000000000000000000FB
:1015F00000000000000000000000000000000000EB
:1016000000000000000000000000000000000000DA
:1016100000000000000000000000000000000000CA
:1016200000000000000000000000000000000000BA
:1016300000000000000000000000000000000000AA
:10164000000000000000000000000000000000009A
:10165000000000000000000000000000000000008A
:10166000000000000000000000000000000000007A
:1016700000000000A0000000A10000000500000024
:1016800002000000534543475F5052494D455F31CA
:10169000363052320000000037EEFFFFFEFFFFFF42
:1016A000FFFFFFFFFFFFFFFFFFFFFFFFFFFFFFFF4A
:1016B000000000000000000000000000000000002A
:1016C000000000000000000000000000000000001A
:1016D000000000000000000000000000000000000A
:1016E00000000000000000000000000000000000FA
:1016F00000000000000000000000000000000000EA
:1017000000000000000000000000000000000000D9
:1017100000000000000000000000000000000000C9
:1017200000000000000000000300000000000000B6
:1017300000000000000000000000000000000000A9
:101740000000000000000000000000000000000099
:101750000000000000000000000000000000000089
:101760000000000000000000000000000000000079
:101770008DFDDE746A46690F17FCF226FEFFFFFF3F
:10178000FFFFFFFFFFFFFFFF000000000000000061
:101790000000000000000000000000000000000049
:1017A0000000000000000000000000000000000039
:1017B0000000000000000000000000007D6CE0EA76
:1017C000B1D1A51D34F4B780027DB026AEE957C073
:1017D0000EF14FDB000000000000000000000000E0
:1017E00000000000000000000000000000000000F9
:1017F00000000000000000000000000000000000E9
:10180000000000009D2F5ED988AA82403486BE1554
:10181000D0634184A728569C6D2F2F9B00000000A9
:1018200000000000000000000000000000000000B8
:1018300000000000000000000000000000000000A8
:101840000000000000000000000000000100000097
:101850000000000000000000800000000000000008
:1018600000000000000000000000000080000000F8
:101870000000000000000000000000000000000068
:101880000000000000000000000000000000000058
:101890000000000000000000000000000000000048
:1018A0000000000000000000000000000000000038
:1018B0000000000000000000000000000000000028
:1018C0000000000000000000000000000000000018
:1018D0000000000000000000000000000000000008
:1018E00000000000000000000000000000000000F8
:1018F00000000000000000000000000000000000E8
:1019000000000000000000000000000000000000D7
:1019100000000000000000000000000000000000C7
:1019200000000000000000000000000000000000B7
:1019300000000000000000000000000000000000A7
:101940000000000000000000000000000000000097
:10195000C0000000C00000000500000003000000FF
:10196000534543475F5052494D455F3139324B3102
:1019700000000000FFFFFFFFFFFFFFFFFEFFFFFF74
:10198000FFFFFFFFFFFFFFFFFFFFFFFF0000000063
:101990000000000000000000000000000000000047
:1019A0000000000000000000000000000000000037
:1019B000000000000000000000000000FCFFFFFF2E
:1019C000FFFFFFFFFEFFFFFFFFFFFFFFFFFFFFFF28
:1019D000FFFFFFFF0000000000000000000000000B
:1019E00000000000000000000000000000000000F7
:1019F00000000000000000000000000000000000E7
:101A000000000000B1B946C1ECDEB8FE49302472D6
:101A1000ABE9A70FE7809CE51905216400000000F1
:101A200000000000000000000000000000000000B6
:101A300000000000000000000000000000000000A6
:101A40000000000000000000000000003128D2B4B7
:101A5000B1C96B1436F8DE99FFFFFFFFFFFFFFFFF0
:101A6000FFFFFFFF0000000000000000000000007A
:101A70000000000000000000000000000000000066
:101A80000000000000000000000000000000000056
:101A900000000000000000001210FF82FD0AFFF4A9
:101AA0000088A143EB20BF7CF69030B00EA88D18C3
:101AB0000000000000000000000000000000000026
:101AC0000000000000000000000000000000000016
:101AD0000000000000000000000000000000000006
:101AE0001148791EA177F973D5CD246BED111063E0
:101AF00078DAC8FF952B19070000000000000000ED
:101B000000000000000000000000000000000000D5
:101B100000000000000000000000000000000000C5
:101B200000000000000000000100000000000000B4
:101B30000000000080000000000000000000000025
:101B40000000000000000000800000000000000015
:101B50000000000000000000000000000000000085
:101B60000000000000000000000000000000000075
:101B70000000000000000000000000000000000065
:101B80000000000000000000000000000000000055
:101B90000000000000000000000000000000000045
:101BA0000000000000000000000000000000000035
:101BB0000000000000000000000000000000000025
:101BC0000000000000000000000000000000000015
:101BD0000000000000000000000000000000000005
:101BE00000000000000000000000000000000000F5
:101BF00000000000000000000000000000000000E5
:101C000000000000000000000000000000000000D4
:101C100000000000000000000000000000000000C4
:101C2000000000000000000000000000C0000000F4
:101C3000C0000000050000000400000053454347B9
:101C40005F5052494D455F3139325231000000003A
:101C50006DE5FFFFFEFFFFFFFFFFFFFFFFFFFFFF41
:101C6000FFFFFFFFFFFFFFFFFFFFFFFF0000000080
:101C70000000000000000000000000000000000064
:101C80000000000000000000000000000000000054
:101C90000000000000000000000000000000000044
:101CA0000000000000000000000000000000000034
:101CB0000000000000000000000000000000000024
:101CC0000000000000000000000000000000000014
:101CD0000000000000000000000000000000000004
:101CE00005000000000000000000000000000000EF
:101CF00000000000000000000000000000000000E4
:101D000000000000000000000000000000000000D3
:101D100000000000000000000000000000000000C3
:101D20000000000000000000F7B19F7671A9F0CA22
:101D30008461ECD2E8DC010000000000000000003B
:101D40000000000001000000000000000000000092
:101D50000000000000000000000000000000000083
:101D60000000000000000000000000000000000073
:101D7000000000005CA4B7B60E657E0FA97570E484
:101D8000E967A469A128FC30DF99F04D335B45A1D8
:101D90000000000000000000000000000000000043
:101DA0000000000000000000000000000000000033
:101DB000000000000000000000000000A5616D555B
:101DC000DB4BCAE259BDB0C0F719E3F7D6FBCA82B4
:101DD0004234BA7FED9F087E000000000000000042
:101DE00000000000000000000000000000000000F3
:101DF00000000000000000000000000000000000E3
:101E000000000000010000000000000000000000D1
:101E1000800000000000000000000000FFFFFFFF46
:101E2000FFFFFFFFFF0000000000000000000000B7
:101E300000000000000000000000000000000000A2
:101E40000000000000000000000000000000000092
:101E50000000000000000000000000000000000082
:101E60000000000000000000000000000000000072
:101E70000000000000000000000000000000000062
:101E80000000000000000000000000000000000052
:101E90000000000000000000000000000000000042
:101EA0000000000000000000000000000000000032
:101EB0000000000000000000000000000000000022
:101EC0000000000000000000000000000000000012
:101ED0000000000000000000000000000000000002
:101EE00000000000000000000000000000000000F2
:101EF00000000000000000000000000000000000E2
:101F00000000000000000000E0000000E100000010
:101F10000500000005000000534543475F5052494B
:101F20004D455F3232344B310000000001000000AB
:101F30000000000000000000FFFFFFFFFFFFFFFFA9
:101F4000FFFFFFFFFFFFFFFF000000000000000099
:101F50000000000000000000000000000000000081
:101F60000000000000000000000000000000000071
:101F700000000000FEFFFFFFFFFFFFFFFFFFFFFF6E
:101F8000FEFFFFFFFFFFFFFFFFFFFFFFFFFFFFFF62
:101F90000000000000000000000000000000000041
:101FA0000000000000000000000000000000000031
:101FB000000000000000000000000000B4FF5523F6
:101FC00043390B27BAD8BFD7B7B04450563241F582
:101FD000ABB3040C850A05B400000000000000004B
:101FE00000000000000000000000000000000000F1
:101FF00000000000000000000000000000000000E1
:10200000000000003D2A5C5C4529DD133EF0B8E08D
:10201000A216FFFFFFFFFFFFFFFFFFFFFFFFFFFF16
:1020200000000000000000000000000000000000B0
:1020300000000000000000000000000000000000A0
:102040000000000000000000000000000000000090
:10205000211D5C11D68032342211C256D3C1034AED
:10206000B99013327FBFB46BBD0C0EB700000000F7
:102070000000000000000000000000000000000060
:102080000000000000000000000000000000000050
:102090000000000000000000347E00859981D544D6
:1020A0006447075AA07543CDE6DF224CFB23F7B502
:1020B000886337BD00000000000000000000000041
:1020C0000000000000000000000000000000000010
:1020D0000000000000000000000000000000000000
:1020E000010000000000000000000000800000006F
:1020F00000000000000000000000000000000000E0
:10210000800000000000000000000000000000004F
:1021100000000000000000000000000000000000BF
:1021200000000000000000000000000000000000AF
:10213000000000000000000000000000000000009F
:10214000000000000000000000000000000000008F
:10215000000000000000000000000000000000007F
:10216000000000000000000000000000000000006F
:10217000000000000000000000000000000000005F
:10218000000000000000000000000000000000004F
:10219000000000000000000000000000000000003F
:1021A000000000000000000000000000000000002F
:1021B000000000000000000000000000000000001F
:1021C000000000000000000000000000000000000F
:1021D00000000000000000000000000000000000FF
:1021E00000000000E0000000E0000000050000002A
:1021F00006000000534543475F5052494D455F324A
:1022000032345231000000002FFCFFFFFEFFFFFFC1
:10221000FFFFFFFFFFFFFFFFFFFFFFFFFFFFFFFFCE
:10222000FFFFFFFFFFFFFFFF0000000000000000B6
:10223000000000000000000000000000000000009E
:10224000000000000000000000000000000000008E
:10225000000000000000000000000000000000007E
:10226000000000000000000000000000000000006E
:10227000000000000000000000000000000000005E
:10228000000000000000000000000000000000004E
:102290000000000000000000070000000000000037
:1022A000000000000000000000000000000000002E
:1022B000000000000000000000000000000000001E
:1022C000000000000000000000000000000000000E
:1022D00000000000000000000000000000000000FE
:1022E000414136D08C5ED2BF3BA048AFE6DCAEBAEF
:1022F000FEFFFFFFFFFFFFFFFFFFFFFFFFFFFFFFEF
:1023000000000000000000000000000000000000CD
:1023100000000000000000000000000000000000BD
:102320000000000000000000000000009817F816F0
:102330005B81F259D928CE2DDBFC9B02070B87CE9F
:102340009562A055ACBBDCF97E66BE79000000004A
:10235000000000000000000000000000000000007D
:10236000000000000000000000000000000000006D
:1023700000000000B8D410FB8FD0479C195485A6EC
:1023800048B417FDA808110EFCFBA45D65C4A32684
:1023900077DA3A480000000000000000000000006A
:1023A000000000000000000000000000000000002D
:1023B000000000000000000000000000010000001C
:1023C000000000000000000080000000000000008D
:1023D000000000000000000000000000800000007D
:1023E00000000000000000000000000000000000ED
:1023F00000000000000000000000000000000000DD
:1024000000000000000000000000000000000000CC
:1024100000000000000000000000000000000000BC
:1024200000000000000000000000000000000000AC
:10243000000000000000000000000000000000009C
:10244000000000000000000000000000000000008C
:10245000000000000000000000000000000000007C
:10246000000000000000000000000000000000006C
:10247000000000000000000000000000000000005C
:10248000000000000000000000000000000000004C
:10249000000000000000000000000000000000003C
:1024A000000000000000000000000000000000002C
:1024B000000000000000000000000000000000001C
:1024C00000010000000100000500000007000000FE
:1024D000534543475F5052494D455F3235364B3186
:1024E00000000000FFFFFFFFFFFFFFFFFFFFFFFFF8
:1024F00000000000000000000000000001000000DB
:10250000FFFFFFFF000000000000000000000000CF
:1025100000000000000000000000000000000000BB
:10252000000000000000000000000000FCFFFFFFB2
:10253000FFFFFFFFFFFFFFFF0000000000000000A3
:102540000000000001000000FFFFFFFF000000008E
:10255000000000000000000000000000000000007B
:10256000000000000000000000000000000000006B
:10257000000000004B60D2273E3CCE3BF6B053CC6F
:10258000B0061D65BC86987655BDEBB3E7933AAAB5
:10259000D835C65A0000000000000000000000000E
:1025A000000000000000000000000000000000002B
:1025B000000000000000000000000000512563FC46
:1025C000C2CAB9F3849E17A7ADFAE6BCFFFFFFFFAE
:1025D000FFFFFFFF00000000FFFFFFFF0000000003
:1025E00000000000000000000000000000000000EB
:1025F00000000000000000000000000000000000DB
:10260000000000000000000096C298D84539A1F4EF
:10261000A033EB2D817D0377F240A463E5E6BCF89F
:1026200047422CE1F2D1176B0000000000000000CF
:10263000000000000000000000000000000000009A
:10264000000000000000000000000000000000008A
:10265000F551BF376840B6CBCE5E316B5733CE2BCA
:10266000169E0F7C4AEBE78E9B7F1AFEE242E34FF9
:10267000000000000000000000000000000000005A
:10268000000000000000000000000000000000004A
:10269000000000000000000001000000FFFFFFFF3D
:1026A0007F0000008000000000000000000000002B
:1026B000FFFFFFFF7F00000080000000000000001F
:1026C000000000000000000000000000000000000A
:1026D00000000000000000000000000000000000FA
:1026E00000000000000000000000000000000000EA
:1026F00000000000000000000000000000000000DA
:1027000000000000000000000000000000000000C9
:1027100000000000000000000000000000000000B9
:1027200000000000000000000000000000000000A9
:102730000000000000000000000000000000000099
:102740000000000000000000000000000000000089
:102750000000000000000000000000000000000079
:102760000000000000000000000000000000000069
:102770000000000000000000000000000000000059
:102780000000000000000000000000000000000049
:102790000000000000000000000000000001000038
:1027A00000010000050000000800000053454347F9
:1027B0005F5052494D455F323536523100000000BE
:1027C000FFFFFFFF0000000000000000FFFFFFFF11
:1027D000FEFFFFFFFFFFFFFFFFFFFFFFFFFFFFFF0A
:1027E000FFFFFFFFFFFFFFFFFFFFFFFFFFFFFFFFF9
:1027F00000000000000000000000000000000000D9
:102800000000000000000000FCFFFFFF00000000CF
:1028100000000000FFFFFFFFFEFFFFFFFFFFFFFFC5
:10282000FFFFFFFFFFFFFFFFFFFFFFFFFFFFFFFFB8
:10283000FFFFFFFFFFFFFFFF0000000000000000A0
:102840000000000000000000000000000000000088
:10285000EF2AECD3EDC8852A9DD12E8A8D3956C634
:102860005A8713508F081403124181FE6E9C1D1865
:10287000192DF8E36B058E98E4E73EE2A72F31B3FC
:102880000000000000000000000000000000000048
:1028900000000000000000007329C5CC6A19ECECB0
:1028A0007AA7B048B20D1A58DF2D37F4814D63C7AF
:1028B000FFFFFFFFFFFFFFFFFFFFFFFFFFFFFFFF28
:1028C000FFFFFFFFFFFFFFFF000000000000000010
:1028D00000000000000000000000000000000000F8
:1028E00000000000B70A7672385E543A6C2955BF72
:1028F0005DF20255382A5482E041F759989BA78B24
:10290000623B1D6E74AD20F31EC7B18E37058BBEC2
:1029100022CA87AA0000000000000000000000009A
:102920000000000000000000000000005F0EEA90C0
:102930007C1D437A9D817E1DCEB1600AC0B8F0B582
:102940001331DAE97C149A28BD1DF4F829DC92923F
:10295000BF989E5D6F2C26964ADE17360000000059
:102960000000000000000000000000000000000067
:102970000000000001000000000000000000000056
:1029800080000000000000000000000000000000C7
:1029900000000000800000000000000000000000B7
:1029A0000000000000000000000000000000000027
:1029B0000000000000000000000000000000000017
:1029C0000000000000000000000000000000000007
:1029D00000000000000000000000000000000000F7
:1029E00000000000000000000000000000000000E7
:1029F00000000000000000000000000000000000D7
:102A000000000000000000000000000000000000C6
:102A100000000000000000000000000000000000B6
:102A200000000000000000000000000000000000A6
:102A30000000000000000000000000000000000096
:102A40000000000000000000000000000000000086
:102A50000000000000000000000000000000000076
:102A60000000000000000000000000000000000066
:102A70000000000000000000800100008001000054
:102A80000500000009000000534543475F505249CC
:102A90004D455F333834523100000000FFFFFFFF27
:102AA000FFFFFFFFFFFFFFFFFFFFFFFFFFFFFFFF36
:102AB000FFFFFFFFFFFFFFFFFFFFFFFFFFFFFFFF26
:102AC000FFFFFFFFFFFFFFFFFFFFFFFFFFFFFFFF16
:102AD000FFFFFFFFFFFFFFFFFFFFFFFFFF01000002
:102AE00000000000FCFFFFFFFFFFFFFFFFFFFFFFF5
:102AF000FFFFFFFFFFFFFFFFFFFFFFFFFFFFFFFFE6
:102B0000FFFFFFFFFFFFFFFFFFFFFFFFFFFFFFFFD5
:102B1000FFFFFFFFFFFFFFFFFFFFFFFFFFFFFFFFC5
:102B2000FFFFFFFFFF01000000000000003F506BAF
:102B3000D41F45EFF1342C3D88DF733507BFB13B1F
:102B4000BDC052167B937EEC51391956E109F18EC6
:102B50009189B4B8F315B3995B72DAA2EE4085B6E9
:102B6000A0219A921F9A1C8E61B93E9551000000D7
:102B700000000000096438911EB76FBBAE479C8906
:102B8000B8C9B53BD0A509F74801CC7F6B962FBFDC
:102B900083878651FAFFFFFFFFFFFFFFFFFFFFFF65
:102BA000FFFFFFFFFFFFFFFFFFFFFFFFFFFFFFFF35
:102BB000FFFFFFFFFF010000000000000000000019
:102BC00066BDE5C2317E7EF99B426A85C1B348335A
:102BD000DEA8FFA227C11DFE2859E7EF775E4BA1B3
:102BE000BA3D4D6B60AF28F821B53F053981649C33
:102BF00042B4952366CB3E9ECDE90404B7068E858C
:102C0000C6000000000000005066D19F7694BE8888
:102C100040C272A286703C356107AD3F01B950C514
:102C20004026F45E9972EE972C663E2717BDAF17CB
:102C300068449B574944F598D91B7D2CB45F8A5C46
:102C400004C03B9A786A293918010000000000008E
:102C500001000000000000000000000080000000F3
:102C60000000000000000000000000000000000064
:102C700080000000000000000000000000000000D4
:102C80000000000000000000000000000000000044
:102C90000000000000000000000000000000000034
:102CA0000000000000000000000000000000000024
:102CB0000000000000000000000000000000000014
:102CC0000000000000000000000000000000000004
:102CD00000000000000000000000000000000000F4
:102CE00000000000000000000000000000000000E4
:102CF00000000000000000000000000000000000D4
:102D000000000000000000000000000000000000C3
:102D100000000000000000000000000000000000B3
:102D200000000000000000000000000000000000A3
:102D30000000000000000000000000000000000093
:102D40000000000000000000000000000000000083
:102D50000000000009020000090200000500000058
:102D60000A000000534543475F5052494D455F35C7
:102D7000323152310000000022AE28D7982F8A420B
:102D8000CD65EF23914437712F3B4DECCFFBC0B5A0
:102D9000BCDB8981A5DBB5E938B548F35BC25639A0
:102DA00019D005B6F111F1599B4F19AFA4823F928A
:102DB00018816DDAD55E1CAB420203A398AA07D82E
:102DC000BE6F7045015B83128CB2E44EBE85312428
:102DD000E2B4FFD5C37D0C556F897BF2745DBE7282
:102DE000B196163BFEB1DE803512C725A706DC9BE7
:102DF000942669CF74F19BC1D24AF19EC1699BE4CC
:102E0000E3254F388647BEEFB5D58C8BC69DC10FE5
:102E1000659CAC77CCA10C2475022B596F2CE92D45
:102E200083E4A66EAA84744AD4FB41BDDCA9B05CDD
:102E3000B5531183DA88F976ABDF66EE52513E98CE
:102E40001032B42D6DC631A83F21FB98C82703B0BE
:102E5000E40EEFBEC77F59BFC28FA83DF30BE0C69B
:102E600025A70A934791A7D56F8203E05163CA064D
:102E7000706E0E0A67292914FC2FD246850AB727DF
:102E800026C9265C38211B2EED2AC45AFC6D2C4D18
:102E9000DFB3959D130D3853DE63AF8B54730A6512
:102EA000A8B2773CBB0A6A76E6AEED472EC9C2816E
:102EB0003B358214852C72926403F14CA1E8BFA2C9
:102EC000013042BC4B661AA89197F8D0708B4BC268
:102ED00030BE5406A3516CC71852EFD619E892D1F0
:102EE00010A96555240699D62A20715785350EF408
:102EF000B8D1BB3270A06A10C8D0D2B816C1A4191C
:102F000053AB4151086C371E99EB8EDF4C77482745
:102F1000A8489BE1B5BCB034635AC9C5B30C1C3991
:102F2000CB8A41E34AAAD84E73E363774FCA9C5BCE
:102F3000A3B8B2D6F36F2E68FCB2EF5DEE828F7449
:102F4000602F17436F63A57872ABF0A11478C88423
:102F5000EC39641A0802C78C281E6323FAFFBE905E
:102F6000E9BD82DEEB6C50A41579C6B2F7A3F9BEB9
:102F70002B5372E3F27871C69C6126EACE3E27CAD3
:102F800007C2C021C7B886D11EEBE0CDD67DDAEAF4
:102F900078D16EEE7F4F7DF5BA6F1772AA67F00693
:102FA000A698C8A2C57D630AAE0DF9BE04983F116C
:102FB0001B471C13350B711B847D0423F577DB281D
:102FC0009324C7407BABCA32BCBEC9150ABE9E3C27
:102FD0004C0D109CC4671D43B6423ECBBED4C54CBD
:102FE0002A7E65FC9C297F59ECFAD63AAB6FCB5F01
:102FF0001758474A8C19446C2B2D00785800412DE6
:1030000046612D66383930313233343536375D001C
:10301000F82F07009D980600FB2F07000000000016
:1030200000000000000000000000000000000000A0
:103030000000000000000000000000000000000090
:103040000000000000000000000000000000000080
:103050000000000000000000000000000000000070
:103060000000000000000000000000000000000060
:103070000000000000000000000000000000000050
:10308000356D040000000000157B040044A50020FD
:10309000A97D040030E40020D548040064A5002088
:1030A000D548040034AB0020D548040004B100200A
:1030B000D5480400D4B60020D5480400A4BC0020A4
:1030C000FF4204000CDB002051720400DCE300200E
:1030D000FF42040050B701205172040010E60020A6
:1030E000756B0400000000008983040000000000EC
:1030F000FF420400307A012051720400647E0120F6
:10310000EDCE020000000000E163040084E3002033
:103110005B60040074C20020C1DC020000000000FB
:10312000B37B04004CE60020C1550400F8E5002004
:10313000675C0400C0C2002049560400B42E012080
:10314000812C05000C7A0120B37B0400C07E012095
:08315000E92905000000000060
:10315800BDBE04000000000069F704000000000084
:1031680001FA0400000000004DD702000000000032
:0831780065580400000000008E
:083180009DBD040000000000E9
:1031880065BF0400000000006DF8040000000000A6
:0831980035FA040000000000FC
:1031A00055F304000000000015F1040000000000C9
:1031B00034DA002030D900200001000001000000B6
:1031C000010000001CE0002010E0002005000000CD
:1031D000020000000100000084EC002081EA0020D1
:1031E0000002000001000000010000003086012004
:1031F0002D840120000200000100000001000000F9
:1032000040DF002008E0002010E0002048DF002020
:1032100018000000786E0120406F0120486F0120E7
:08322000806E0120180000007F
:08322800DDA5040001A604006D
:1032300066D40600030300006CD4060003030000FC
:1032400073D40600030300002104070003030000F9
:103250002CD506000303000078D406000303000009
:1032600025040700030300002B04070003030000EC
:103270002F040700030300007CD4060003030000B2
:1032800082D4060003030000C60407000303000005
:10329000CB0407000303000087D4060003030000EB
:1032A00034040700030300001DC8060003030404E0
:1032B000A9C406000303000030CD0600030300008C
:1032C0002ECE0600030300005ACE060003030000C2
:1032D00018AA060003030000D0A806000303040494
:1032E00058AB06000303000085AB0600030304048B
:1032F000BEB306000303040438CF06000303000036
:103300004CD406000303000054CF06000000030362
:10331000EFAF06000303040463B3060003030404D1
:1033200018B606000303040479C706000303040467
:103330000BD00600000003035AD30600000003036D
:1033400022D4060000000303F1B7060000000303C7
:10335000D6FD0600000003038CFF060000000303F7
:103360007ABE060000000303B8FF06000000030356
:103370000403070000000303EA0007000000030342
:10338000FAC306000000030374C206000000030332
:1033900030C8060003030000F40307000303000025
:1033A0002803070000000000FCC70600DCC6002060
:0833B000903EFB7F01000000CC
:1033B80000000000FF000000546D0600286D0600A4
:1033C800346D06003D6D06004E6D0600466D060024
:1033D800196D06004E6D0600FFFFFFFF0864F4013B
:1033E800F4010564F401F401000000405F010000ED
:1033F800666606406E010000CDCC0C407E010000E0
:10340800333313408E0100009A9919409D01000042
:1034180000002040AD01000066662640BD010000A6
:10342800CDCC2C40CD01000033333340DC0100000B
:103438009A993940EE010000000040400002000067
:10344800666646400E020000CDCC4C401D020000CE
:10345800333353402D0200009A9959403E02000030
:10346800000060404E020000666666405F02000091
:10347800CDCC6C406F0200003333734080020000F3
:103488009A9979409102000000008040A202000051
:1034980033338340B302000066668640C3020000EF
:1034A8009A998940D4020000CDCC8C40E5020000F6
:1034B80000009040F60200003333934006030000FA
:1034C80066669640170300009A9999402703000002
:1034D800CDCC9C40380300000000A0404803000009
:1034E8003333A340590300006666A6406903000011
:1034F8009A99A9407A030000CDCCAC408B03000018
:103508000000B0409C0300003333B340AC0300001C
:103518006666B640BD0300009A99B940CC03000026
:10352800CDCCBC40D80300000000C040E10300003F
:1035380014A30020000000003C3007005C300700A6
:103548001C30070000000000000000000000000020
:103558000000000000000000000000000000000063
:103568000000000000000000000000000000000053
:103578000000000000000000000000000000000043
:103588000000000000000000000000000000000033
:1035980000000000430000000000000000000000E0
:1035A8000000000000000000000000000000000013
:1035B80000000000430000000000000000000000C0
:1035C80000000000000000000000000000000000F3
:1035D80000000000430000000000000000000000A0
:1035E80000000000000000000000000000000000D3
:1035F8000000000043000000000000000000000080
:1036080000000000000000000000000000000000B2
:10361800000000004300000000000000000000005F
:103628000000000000000000000000000000000092
:10363800000000004300000000000000000000003F
:103648000000000000000000000000000000000072
:10365800000000004300000000000000000000001F
:103668000000000000000000000000000000000052
:1036780000000000E1C202005DC20200000000007C
:10368800E27B060050AE06003F9506003F95060017
:103698003F9506003F9506003F9506003F950600BA
:1036A8003F9506003F9506003F950600FFFFFFFF88
:1036B800FFFFFFFFFFFFFFFFFFFF00000100415377
:1036C800434949000000000000000000000000001D
:1036D800000000000000000000000000000041534E
:1036E80043494900000000000000000000000000FD
:1036F80000000000000000000000000000000000C2
:103708000090D0030000000000000000000000004E
:1037180000000000000000000000000000000000A1
:1037280000000003E0010000001E0000000000008F
:10373800000200009CE300201F000000BBE3002003
:103748001F000000FF0001000200021501122334CF
:1037580045566778899AABBCCDDEEFF001020304C9
:10376800C30000000500000058A5002040850600A1
:10377800C431070000320700FFFFFFFFFFFFFFFF14
:10378800FFFFFFFF00000000000000000000000035
:103798000000000000000000000000000000000021
:1037A8000000000000000000000000000000000011
:1037B8000000000000000000000000000000000001
:1037C80000000000000000000000000000000000F1
:1037D80000000000000000000000000000000000E1
:1037E80000000000000000000000000000000000D1
:1037F80000000000000000000000000000000000C1
:1038080000000000000000000000000000000000B0
:1038180000000000000000000000000000000000A0
:103828000000000000000000000000000000000090
:103838000000000000000000000000000000000080
:103848000000000000000000000000000000000070
:103858000000000000000000000000000000000060
:103868000000000000000000000000000000000050
:103878000000000000000000000000000000000040
:103888000000000000000000000000000000000030
:103898000000000000000000000000000000000020
:1038A8000000000000000000000000000000000010
:1038B8000000000000000000000000000000000000
:1038C80000000000000000000000000000000000F0
:1038D80000000000000000000000000000000000E0
:1038E80000000000000000000000000000000000D0
:1038F80000000000000000000000000000000000C0
:1039080000000000000000000000000000000000AF
:10391800000000000000000000000000000000009F
:10392800000000000000000000000000000000008F
:10393800000000000000000000000000000000007F
:10394800000000000000000000000000000000006F
:10395800000000000000000000000000000000005F
:10396800000000000000000000000000000000004F
:10397800000000000000000000000000000000003F
:10398800000000000000000000000000000000002F
:10399800000000000000000000000000000000001F
:1039A800000000000000000000000000000000000F
:1039B80000000000000000000000000000000000FF
:1039C80000000000000000000000000000000000EF
:1039D80000000000000000000000000000000000DF
:1039E80000000000000000000000000000000000CF
:1039F80000000000000000000000000000000000BF
:103A080000000000000000000000000000000000AE
:103A1800000000000000000000000000000000009E
:103A2800000000000000000000000000000000008E
:103A3800000000000000000000000000000000007E
:103A48000000000000000000000000000000FFFF70
:103A5800000000000000000000000000000000005E
:103A6800000000000000000000000000000000004E
:103A7800000000000000000000000000000000003E
:103A8800000000000000000000000000000000002E
:103A9800000000000000000000000000000000001E
:103AA800000000000000000000000000000000000E
:103AB80000000000000000000000000000000000FE
:103AC80000000000000000000000000000000000EE
:103AD80000000000000000000000000000000000DE
:103AE80000000000000000000000000000000000CE
:103AF80000000000000000000000000000000000BE
:103B080000000000000000000000000000000000AD
:103B1800000000000000000000000000000000009D
:103B2800000000000000000000000000000000008D
:103B3800000000000000000000000000000000007D
:103B4800000000000000000000000000000000006D
:103B5800000000000000000000000000000000005D
:103B6800000000000000000000000000000000004D
:103B7800000000000000000000000000000000003D
:103B8800000000000000000000000000000000002D
:103B9800000000000000000000000000000000001D
:103BA800000000000000000000000000000000000D
:103BB80000000000000000000000000000000000FD
:103BC80000000000000000000000000000000000ED
:103BD80000000000000000000000000000000000DD
:103BE80000000000000000000000000000000000CD
:103BF80000000000000000000000000000000000BD
:103C080000000000000000000000000000000000AC
:103C1800000000000000000000000000000000009C
:103C2800000000000000000000000000000000008C
:103C3800000000000000000000000000000000007C
:103C4800000000000000000000000000000000006C
:103C5800000000000000000000000000000000005C
:103C6800000000000000000000000000000000004C
:103C7800000000000000000000000000000000003C
:103C8800000000000000000000000000000000002C
:103C9800000000000000000000000000000000001C
:103CA800000000000000000000000000000000000C
:103CB80000000000000000000000000000000000FC
:103CC80000000000000000000000000000000000EC
:103CD80000000000000000000000000000000000DC
:103CE80000000000000000000000000000000000CC
:103CF80000000000000000000000000000000000BC
:103D080000000000000000000000000000000000AB
:103D1800000000000000000000000000000000009B
:103D2800000000000000000000000000000000008B
:103D3800000000000000000000000000000000007B
:103D4800000000000000000000000000000000006B
:103D5800000000000000000000000000000000005B
:103D6800000000000000000000000000000000004B
:103D7800000000000000000000000000000000003B
:103D8800000000000000000000000000000000002B
:103D9800000000000000000000000000000000001B
:103DA800000000000000000000000000000000000B
:103DB80000000000000000000000000000000000FB
:103DC80000000000000000000000000000000000EB
:103DD80000000000000000000000000000000000DB
:103DE80000000000000000000000000000000000CB
:103DF80000000000000000000000000000000000BB
:103E080000000000000000000000000000000000AA
:103E1800000000000000000000000000000000009A
:103E2800000000000000000000000000000000008A
:103E3800000000000000000000000000000000007A
:103E4800000000000000000000000000000000006A
:103E5800000000000000000000000000000000005A
:103E6800000000000000000000000000000000004A
:103E7800000000000000000000000000000000003A
:103E8800000000000000000000000000000000002A
:103E9800000000000000000000000000000000001A
:103EA800000000000000000000000000000000000A
:103EB80000000000000000000000000000000000FA
:103EC80000000000000000000000000000000000EA
:103ED80000000000000000000000000000000000DA
:103EE80000000000000000000000000000000000CA
:103EF80000000000000000000000000000000000BA
:103F080000000000000000000000000000000000A9
:103F18000000000000000000000000000000000099
:103F28000000000000000000000000000000000089
:103F38000000000000000000000000000000000079
:103F48000000000000000000000000000000000069
:103F58000000000000000000000000000000000059
:103F68000000000000000000000000000000000049
:103F78000000000000000000000000000000000039
:103F88000000000000000000000000000000000029
:103F98000000000000000000000000000000000019
:103FA8000000000000000000000000000000000009
:103FB80000000000000000000000000000000000F9
:103FC80000000000000000000000000000000000E9
:103FD80000000000000000000000000000000000D9
:103FE80000000000000000000000000000000000C9
:103FF80000000000000000000000000000000000B9
:1040080000000000000000000000000000000000A8
:104018000000000000000000000000000000FFFF9A
:104028000000000000000000000000000000000088
:104038000000000000000000000000000000000078
:104048000000000000000000000000000000000068
:104058000000000000000000000000000000000058
:104068000000000000000000000000000000000048
:104078000000000000000000000000000000000038
:104088000000000000000000000000000000000028
:104098000000000000000000000000000000000018
:1040A8000000000000000000000000000000000008
:1040B80000000000000000000000000000000000F8
:1040C80000000000000000000000000000000000E8
:1040D80000000000000000000000000000000000D8
:1040E80000000000000000000000000000000000C8
:1040F80000000000000000000000000000000000B8
:1041080000000000000000000000000000000000A7
:104118000000000000000000000000000000000097
:104128000000000000000000000000000000000087
:104138000000000000000000000000000000000077
:104148000000000000000000000000000000000067
:104158000000000000000000000000000000000057
:104168000000000000000000000000000000000047
:104178000000000000000000000000000000000037
:104188000000000000000000000000000000000027
:104198000000000000000000000000000000000017
:1041A8000000000000000000000000000000000007
:1041B80000000000000000000000000000000000F7
:1041C80000000000000000000000000000000000E7
:1041D80000000000000000000000000000000000D7
:1041E80000000000000000000000000000000000C7
:1041F80000000000000000000000000000000000B7
:1042080000000000000000000000000000000000A6
:104218000000000000000000000000000000000096
:104228000000000000000000000000000000000086
:104238000000000000000000000000000000000076
:104248000000000000000000000000000000000066
:104258000000000000000000000000000000000056
:104268000000000000000000000000000000000046
:104278000000000000000000000000000000000036
:104288000000000000000000000000000000000026
:104298000000000000000000000000000000000016
:1042A8000000000000000000000000000000000006
:1042B80000000000000000000000000000000000F6
:1042C80000000000000000000000000000000000E6
:1042D80000000000000000000000000000000000D6
:1042E80000000000000000000000000000000000C6
:1042F80000000000000000000000000000000000B6
:1043080000000000000000000000000000000000A5
:104318000000000000000000000000000000000095
:104328000000000000000000000000000000000085
:104338000000000000000000000000000000000075
:104348000000000000000000000000000000000065
:104358000000000000000000000000000000000055
:104368000000000000000000000000000000000045
:104378000000000000000000000000000000000035
:104388000000000000000000000000000000000025
:104398000000000000000000000000000000000015
:1043A8000000000000000000000000000000000005
:1043B80000000000000000000000000000000000F5
:1043C80000000000000000000000000000000000E5
:1043D80000000000000000000000000000000000D5
:1043E80000000000000000000000000000000000C5
:1043F80000000000000000000000000000000000B5
:1044080000000000000000000000000000000000A4
:104418000000000000000000000000000000000094
:104428000000000000000000000000000000000084
:104438000000000000000000000000000000000074
:104448000000000000000000000000000000000064
:104458000000000000000000000000000000000054
:104468000000000000000000000000000000000044
:104478000000000000000000000000000000000034
:104488000000000000000000000000000000000024
:104498000000000000000000000000000000000014
:1044A8000000000000000000000000000000000004
:1044B80000000000000000000000000000000000F4
:1044C80000000000000000000000000000000000E4
:1044D80000000000000000000000000000000000D4
:1044E80000000000000000000000000000000000C4
:1044F80000000000000000000000000000000000B4
:1045080000000000000000000000000000000000A3
:104518000000000000000000000000000000000093
:104528000000000000000000000000000000000083
:104538000000000000000000000000000000000073
:104548000000000000000000000000000000000063
:104558000000000000000000000000000000000053
:104568000000000000000000000000000000000043
:104578000000000000000000000000000000000033
:104588000000000000000000000000000000000023
:104598000000000000000000000000000000000013
:1045A8000000000000000000000000000000000003
:1045B80000000000000000000000000000000000F3
:1045C80000000000000000000000000000000000E3
:1045D80000000000000000000000000000000000D3
:1045E8000000000000000000000000000000FFFFC5
:1045F80000000000000000000000000000000000B3
:1046080000000000000000000000000000000000A2
:104618000000000000000000000000000000000092
:104628000000000000000000000000000000000082
:104638000000000000000000000000000000000072
:104648000000000000000000000000000000000062
:104658000000000000000000000000000000000052
:104668000000000000000000000000000000000042
:104678000000000000000000000000000000000032
:104688000000000000000000000000000000000022
:104698000000000000000000000000000000000012
:1046A8000000000000000000000000000000000002
:1046B80000000000000000000000000000000000F2
:1046C80000000000000000000000000000000000E2
:1046D80000000000000000000000000000000000D2
:1046E80000000000000000000000000000000000C2
:1046F80000000000000000000000000000000000B2
:1047080000000000000000000000000000000000A1
:104718000000000000000000000000000000000091
:104728000000000000000000000000000000000081
:104738000000000000000000000000000000000071
:104748000000000000000000000000000000000061
:104758000000000000000000000000000000000051
:104768000000000000000000000000000000000041
:104778000000000000000000000000000000000031
:104788000000000000000000000000000000000021
:104798000000000000000000000000000000000011
:1047A8000000000000000000000000000000000001
:1047B80000000000000000000000000000000000F1
:1047C80000000000000000000000000000000000E1
:1047D80000000000000000000000000000000000D1
:1047E80000000000000000000000000000000000C1
:1047F80000000000000000000000000000000000B1
:1048080000000000000000000000000000000000A0
:104818000000000000000000000000000000000090
:104828000000000000000000000000000000000080
:104838000000000000000000000000000000000070
:104848000000000000000000000000000000000060
:104858000000000000000000000000000000000050
:104868000000000000000000000000000000000040
:104878000000000000000000000000000000000030
:104888000000000000000000000000000000000020
:104898000000000000000000000000000000000010
:1048A8000000000000000000000000000000000000
:1048B80000000000000000000000000000000000F0
:1048C80000000000000000000000000000000000E0
:1048D80000000000000000000000000000000000D0
:1048E80000000000000000000000000000000000C0
:1048F80000000000000000000000000000000000B0
:10490800000000000000000000000000000000009F
:10491800000000000000000000000000000000008F
:10492800000000000000000000000000000000007F
:10493800000000000000000000000000000000006F
:10494800000000000000000000000000000000005F
:10495800000000000000000000000000000000004F
:10496800000000000000000000000000000000003F
:10497800000000000000000000000000000000002F
:10498800000000000000000000000000000000001F
:10499800000000000000000000000000000000000F
:1049A80000000000000000000000000000000000FF
:1049B80000000000000000000000000000000000EF
:1049C80000000000000000000000000000000000DF
:1049D80000000000000000000000000000000000CF
:1049E80000000000000000000000000000000000BF
:1049F80000000000000000000000000000000000AF
:104A0800000000000000000000000000000000009E
:104A1800000000000000000000000000000000008E
:104A2800000000000000000000000000000000007E
:104A3800000000000000000000000000000000006E
:104A4800000000000000000000000000000000005E
:104A5800000000000000000000000000000000004E
:104A6800000000000000000000000000000000003E
:104A7800000000000000000000000000000000002E
:104A8800000000000000000000000000000000001E
:104A9800000000000000000000000000000000000E
:104AA80000000000000000000000000000000000FE
:104AB80000000000000000000000000000000000EE
:104AC80000000000000000000000000000000000DE
:104AD80000000000000000000000000000000000CE
:104AE80000000000000000000000000000000000BE
:104AF80000000000000000000000000000000000AE
:104B0800000000000000000000000000000000009D
:104B1800000000000000000000000000000000008D
:104B2800000000000000000000000000000000007D
:104B3800000000000000000000000000000000006D
:104B4800000000000000000000000000000000005D
:104B5800000000000000000000000000000000004D
:104B6800000000000000000000000000000000003D
:104B7800000000000000000000000000000000002D
:104B8800000000000000000000000000000000001D
:104B9800000000000000000000000000000000000D
:104BA80000000000000000000000000000000000FD
:104BB8000000000000000000000000000000FFFFEF
:104BC80000000000000000000000000000000000DD
:104BD80000000000000000000000000000000000CD
:104BE80000000000000000000000000000000000BD
:104BF80000000000000000000000000000000000AD
:104C0800000000000000000000000000000000009C
:104C1800000000000000000000000000000000008C
:104C2800000000000000000000000000000000007C
:104C3800000000000000000000000000000000006C
:104C4800000000000000000000000000000000005C
:104C5800000000000000000000000000000000004C
:104C6800000000000000000000000000000000003C
:104C7800000000000000000000000000000000002C
:104C8800000000000000000000000000000000001C
:104C9800000000000000000000000000000000000C
:104CA80000000000000000000000000000000000FC
:104CB80000000000000000000000000000000000EC
:104CC80000000000000000000000000000000000DC
:104CD80000000000000000000000000000000000CC
:104CE80000000000000000000000000000000000BC
:104CF80000000000000000000000000000000000AC
:104D0800000000000000000000000000000000009B
:104D1800000000000000000000000000000000008B
:104D2800000000000000000000000000000000007B
:104D3800000000000000000000000000000000006B
:104D4800000000000000000000000000000000005B
:104D5800000000000000000000000000000000004B
:104D6800000000000000000000000000000000003B
:104D7800000000000000000000000000000000002B
:104D8800000000000000000000000000000000001B
:104D9800000000000000000000000000000000000B
:104DA80000000000000000000000000000000000FB
:104DB80000000000000000000000000000000000EB
:104DC80000000000000000000000000000000000DB
:104DD80000000000000000000000000000000000CB
:104DE80000000000000000000000000000000000BB
:104DF80000000000000000000000000000000000AB
:104E0800000000000000000000000000000000009A
:104E1800000000000000000000000000000000008A
:104E2800000000000000000000000000000000007A
:104E3800000000000000000000000000000000006A
:104E4800000000000000000000000000000000005A
:104E5800000000000000000000000000000000004A
:104E6800000000000000000000000000000000003A
:104E7800000000000000000000000000000000002A
:104E8800000000000000000000000000000000001A
:104E9800000000000000000000000000000000000A
:104EA80000000000000000000000000000000000FA
:104EB80000000000000000000000000000000000EA
:104EC80000000000000000000000000000000000DA
:104ED80000000000000000000000000000000000CA
:104EE80000000000000000000000000000000000BA
:104EF80000000000000000000000000000000000AA
:104F08000000000000000000000000000000000099
:104F18000000000000000000000000000000000089
:104F28000000000000000000000000000000000079
:104F38000000000000000000000000000000000069
:104F48000000000000000000000000000000000059
:104F58000000000000000000000000000000000049
:104F68000000000000000000000000000000000039
:104F78000000000000000000000000000000000029
:104F88000000000000000000000000000000000019
:104F98000000000000000000000000000000000009
:104FA80000000000000000000000000000000000F9
:104FB80000000000000000000000000000000000E9
:104FC80000000000000000000000000000000000D9
:104FD80000000000000000000000000000000000C9
:104FE80000000000000000000000000000000000B9
:104FF80000000000000000000000000000000000A9
:105008000000000000000000000000000000000098
:105018000000000000000000000000000000000088
:105028000000000000000000000000000000000078
:105038000000000000000000000000000000000068
:105048000000000000000000000000000000000058
:105058000000000000000000000000000000000048
:105068000000000000000000000000000000000038
:105078000000000000000000000000000000000028
:105088000000000000000000000000000000000018
:105098000000000000000000000000000000000008
:1050A80000000000000000000000000000000000F8
:1050B80000000000000000000000000000000000E8
:1050C80000000000000000000000000000000000D8
:1050D80000000000000000000000000000000000C8
:1050E80000000000000000000000000000000000B8
:1050F80000000000000000000000000000000000A8
:105108000000000000000000000000000000000097
:105118000000000000000000000000000000000087
:105128000000000000000000000000000000000077
:105138000000000000000000000000000000000067
:105148000000000000000000000000000000000057
:105158000000000000000000000000000000000047
:105168000000000000000000000000000000000037
:105178000000000000000000000000000000000027
:105188000000000000000000000000000000FFFF19
:105198000000000000000000000000000000000007
:1051A80000000000000000000000000000000000F7
:1051B80000000000000000000000000000000000E7
:1051C80000000000000000000000000000000000D7
:1051D80000000000000000000000000000000000C7
:1051E80000000000000000000000000000000000B7
:1051F80000000000000000000000000000000000A7
:105208000000000000000000000000000000000096
:105218000000000000000000000000000000000086
:105228000000000000000000000000000000000076
:105238000000000000000000000000000000000066
:105248000000000000000000000000000000000056
:105258000000000000000000000000000000000046
:105268000000000000000000000000000000000036
:105278000000000000000000000000000000000026
:105288000000000000000000000000000000000016
:105298000000000000000000000000000000000006
:1052A80000000000000000000000000000000000F6
:1052B80000000000000000000000000000000000E6
:1052C80000000000000000000000000000000000D6
:1052D80000000000000000000000000000000000C6
:1052E80000000000000000000000000000000000B6
:1052F80000000000000000000000000000000000A6
:105308000000000000000000000000000000000095
:105318000000000000000000000000000000000085
:105328000000000000000000000000000000000075
:105338000000000000000000000000000000000065
:105348000000000000000000000000000000000055
:105358000000000000000000000000000000000045
:105368000000000000000000000000000000000035
:105378000000000000000000000000000000000025
:105388000000000000000000000000000000000015
:105398000000000000000000000000000000000005
:1053A80000000000000000000000000000000000F5
:1053B80000000000000000000000000000000000E5
:1053C80000000000000000000000000000000000D5
:1053D80000000000000000000000000000000000C5
:1053E80000000000000000000000000000000000B5
:1053F80000000000000000000000000000000000A5
:105408000000000000000000000000000000000094
:105418000000000000000000000000000000000084
:105428000000000000000000000000000000000074
:105438000000000000000000000000000000000064
:105448000000000000000000000000000000000054
:105458000000000000000000000000000000000044
:105468000000000000000000000000000000000034
:105478000000000000000000000000000000000024
:105488000000000000000000000000000000000014
:105498000000000000000000000000000000000004
:1054A800000000000000000090C200200000000082
:1054B80018E40020060004000400A000A00000007A
:1054C8000000000000000504A000A000000000008B
:1054D800000000000200000000000000FFFF0000C4
:1054E80000000000000000000000000000000000B4
:1054F80000000000000000000000000000000000A4
:105508000000000000000000000000000000000093
:105518000000000000000000000000000000000083
:105528000000000000000000000000000000000073
:105538000000000000000000000000000000000063
:105548000000000000000000000000000000000053
:105558000000000000000000000000000000000043
:105568000000000000000000000000000000000033
:105578000000000000000000000000000000000023
:105588000000000000000000000000000000000013
:105598000000000000000000000000000000000003
:1055A80000000000000000000000000000000000F3
:1055B80000000000000000000000000000000000E3
:1055C80000000000000000000000000000000000D3
:1055D80000000000000000000000000000000000C3
:1055E80000000000000000000000000000000000B3
:1055F80000000000000000000000000000000000A3
:105608000000000000000000000000000000000092
:105618000000000000000000000000000000000082
:105628000000000000000000000000000000000072
:105638000000000000000000000000000000000062
:105648000000000000000000000000000000000052
:10565800000000000000000048C400200000000016
:10566800000000000000000058E6002006002000AE
:105678000A0000000000000000400240240004006E
:1056880000000641000010000100000000000000BA
:105698000100000001070300D1060300050703000D
:1056A800A106030003000000000000000400000041
:1056B80000000000FFFFFFFF0000000000A1BC3356
:1056C8000E000000050000000100000000000000BE
:1056D80007000000010000008545010008000004E3
:1056E8000000000001000000050000000E0000009E
:1056F800A8610000B80B000000A1BC330000000046
:1057080000000000000000000000000000A1BC3301
:105718002042C433A0860100060000005D36050063
:1057280085360500F1360500033705000300000043
:10573800030000000900000000000000E9DA020090
:10574800EBDA0200EDDA0200F5DA0200FDDA020017
:1057580021DB020023DB02000000000035350500D4
:105768003735050039350500CD350500D935050033
:10577800DB350500DD350500000000008D43050020
:10578800B1430500C94305008D450500E9450500FD
:10579800214605003D46050000000000C5EB02005B
:1057A8003DEC020069EC020079EC020085EC020095
:1057B800A9EC0200ADEC0200B9EC020010270000D1
:1057C800953C0500593B0500A53B0500713C0500CB
:1057D800B13C0500CD3C0500853D0500C93D0500EF
:1057E800CDE60200E9E6020031E7020095E7020093
:1057F8002D3E0500453E0500693E0500AD3E05000D
:10580800553F0500B53F0500E13F050001000000D8
:10581800008182800184858302878886038A8B8938
:105828000407058D40F7093740F709370080EE3641
:105838000042A53660F0AF3640F7093740F7093720
:105848000080EE360042A53660F0AF3600EA063733
:1058580000EA0637C072EB36C034A23620E3AC3615
:1058680000EA0637000000005000000000EA063792
:105878000000000050000000C072EB36000000007D
:1058880050000000C034A2360000000050000000A4
:1058980020E3AC36000000005000000040F7093754
:1058A800000000005000000040F709370000000029
:1058B800500000000080EE3600000000500000009C
:1058C8000042A536000000005000000060F0AF362E
:1058D8000000000050000000FF03080000800040A6
:1058E8000100FFFFFFFFFFFFFFFFFFFFFFFFFFFFBD
:1058F800FFFF1818181818181818000000000000E2
:10590800FF0000000010014011000400000000002A
:1059180045D5040000B00140040600000000000066
:1059280001020014FFFF0600929106009ADA0600B1
:10593800A3DA0600B2DA0600C0DA0600D7DA0600F3
:10594800EBDA060000DB06000CDB0600FFFFFFFFBA
:1059580006FF00000000004000000000FFFFFFFFFE
:105968000006FF00000000400000000001000000E9
:105978000E0000000D0000000000400602000000BC
:1059880014000000130000000000000000000000E8
:10599800000000000000000000E0D7010600000041
:1059A800100000000F0000000000000000000000D0
:1059B800000000000000000000E0D7010600000021
:1059C80002000000B4C7002098DD060000000000B7
:1059D80000000000BCC70020CCC70020D3860120EF
:1059E8000000000000000000FF070000D38E012027
:1059F8000000000000000000FF0700000200000097
:105A0800F0C70020A4DD0600000000000000000030
:105A1800F8C7002008C80020D59601200000000023
:105A280000000000FF070000D59E012000000000D4
:105A380000000000FF070000E0000000D548050056
:105A4800AD480500B94805001149050000000000EF
:105A5800B14A0500914A0500BD4E0500000000004E
:105A6800000000000000000000000000000000002E
:105A7800929106009ADA0600A3DA0600B2DA060066
:105A8800C0DA0600D7DA0600EBDA060000DB06000B
:105A98000CDB0600F9F806000EF90600FEDF06002A
:105AA800F75B0500000000003F95060002000000BB
:105AB800D8DE0600E55B050000000000E0DE060019
:105AC800020000000BDF0600015C0500000000007A
:105AD80016DF06000200000038DF0600C15C050082
:105AE800000000003CDF06000200000058DF06004E
:105AF800DF5C0500000000005CDF0600020000001B
:105B080077DF06005D5C05000000000080DF06000E
:105B180003000000FFF706000B5D05000000000011
:105B28008EDF060002000000B0DF0600295D0500D8
:105B3800000000003F95060003000000B7DF0600E4
:105B480029700500000000003F95060003000000D2
:105B5800C2DF0600F55D050000000000C8DF060092
:105B680002000000FADF0600555E05000000000094
:105B780001E00600020000001EE00600D55E0500F8
:105B8800000000002BE00600020000004EE00600C6
:105B9800155F0500000000005AE006000200000042
:105BA8007CE006004D5F05000000000083E0060071
:105BB80002000000A3E00600855F05000000000069
:105BC800B2E0060002000000DDE00600C55F050047
:105BD80000000000E7E006000200000009E10600FE
:105BE800056005000000000013E106000200000047
:105BF80032E106003D600500000000003DE10600BE
:105C08000200000062E106007D600500000000005F
:105C18006AE10600020000008CE10600B56005009C
:105C28000000000095E1060003000000B5E1060051
:105C3800955E050000000000BDE1060002000000BE
:105C4800D4E106006561050000000000DEE1060001
:105C580003000000FDE106001962050000000000D5
:105C680007E20600030000000FE20600D18D0500E0
:105C78000000000018E206000100000043E20600F0
:105C8800398E0500000000004AE20600030000000B
:105C98007AE20600A58E05000000000084E20600F6
:105CA80003000000A8E20600558C05000000000073
:105CB800B0E2060002000000C5E20600898C05007B
:105CC80000000000CEE206000300000000E306002A
:105CD800198D05000000000008E30600030000001D
:105CE8002CE30600958D05000000000033E3060054
:105CF800020000004DE30600896A0500000000006C
:105D080057E306000300000087E30600556B050013
:105D18000000000091E3060003000000C2E3060053
:105D28001D6C050000000000CDE306000300000024
:105D380006E40600E56C05000000000011E406001A
:105D48000300000040E40600C96D050000000000E3
:105D58004AE406000300000075E40600956E05009D
:105D6800000000007EE4060003000000B2E4060024
:105D78000D6F050000000000BDE4060003000000F0
:105D8800F2E40600D56F050000000000FFE40600FD
:105D98000300000025E50600396505000000000045
:105DA8002CE50600030000005AE50600B56505006D
:105DB8000000000061E5060002000000ACE50600F6
:105DC800F965050000000000B4E5060003000000C6
:105DD800C1E506001167050000000000C8E50600DF
:105DE80003000000FDE506009967050000000000BB
:105DF80004E606000200000035E60600DD6705003F
:105E0800000000003DE606000200000068E606000B
:105E1800616805000000000070E60600010000004F
:105E28009AE606005969050000000000A4E606008D
:105E380001000000CBE60600D56405000000000064
:105E4800D3E606000300000012E70600DD72050035
:105E58000000000019E706000300000055E70600EF
:105E680071730500000000005EE7060003000000F3
:105E7800A2E706007974050000000000A9E7060003
:105E880003000000E5E70600F174050000000000CB
:105E9800EBE706000300000004E80600797505003A
:105EA800000000000DE806000300000068E8060096
:105EB8001D7605000000000071E8060003000000E0
:105EC800CCE80600C176050000000000D3E8060013
:105ED8000300000008E906004977050000000000FB
:105EE80011E906000300000062E90600DD770500FD
:105EF800000000006BE9060003000000BCE9060092
:105F08007178050000000000C5E9060003000000E4
:105F1800E9E90600F978050000000000F2E906004A
:105F28000300000014EA06007D7905000000000067
:105F38001BEA0600030000003DEA0600097A050096
:105F4800000000004AEA06000300000094EA060088
:105F58006D7A0500000000009FEA060003000000BB
:105F6800DDEA0600D57A050000000000E4EA060034
:105F78000300000015EB06003D7B05000000000053
:105F880020EB06000300000056EB0600957B050099
:105F98000000000065EB0600030000009FEB060010
:105FA800E559050000000000A9EB06000300000009
:105FB800DCEB06005D5A050000000000E5EB06007A
:105FC8000200000012EC0600D15A05000000000093
:105FD8001BEC0600020000004EEC0600255B0500E5
:105FE8000000000055EC06000200000084EC0600EA
:105FF8008D5B0500000000008DEC0600020000002B
:10600800A0EC0600D563050000000000A8EC06001F
:1060180002000000D1EC0600156405000000000035
:10602800DAEC060002000000F7EC060095640500B3
:1060380000000000FEEC06000200000026ED06004D
:10604800118F0500000000002EED0600030000007F
:1060580086ED0600C18F0500000000008DED0600EA
:1060680003000000C9ED06002593050000000000AC
:10607800D0ED0600030000000DEE0600619105005A
:106088000000000015EE060003000000D1EE060037
:106098006D70050000000000DCEE06000100000045
:1060A800F6EE0600A17105000000000001EF0600F1
:1060B800010000001AEF0600D17105000000000081
:1060C80025EF06000200000046EF0600C555050052
:1060D800000000004FEF06000300000067EF060015
:1060E800015605000000000070EF060003000000E4
:1060F80083EF060031560500000000008AEF060015
:1061080003000000BEEF0600655605000000000011
:10611800C5EF060003000000FDEF060099560500D4
:106128000000000006F00600030000001DF0060055
:10613800C55705000000000024F006000300000019
:1061480065F0060051580500000000006DF00600DB
:1061580003000000C4F00600DD5805000000000040
:10616800CCF0060003000000E1F00600F15805003D
:1061780000000000EBF006000300000042F10600FA
:10618800515905000000000048F106000300000016
:106198005EF10600217C05000000000065F10600A4
:1061A80003000000B2F10600AD7C0500000000000D
:1061B800BBF106000300000005F20600357D05006E
:1061C800000000000CF206000300000063F2060065
:1061D800B17D0500000000006AF20600030000001F
:1061E8002EF30600257E05000000000035F30600AA
:1061F800030000009AF306009D7E050000000000E1
:10620800A1F3060003000000FAF306001D7F050055
:106218000000000001F40600030000004FF406002F
:10622800997F05000000000058F4060001000000F6
:106238006EF40600158005000000000077F40600E3
:1062480003000000A3F406008180050000000000A0
:10625800ACF4060003000000D9F406000181050033
:1062680000000000E0F40600030000001DF5060031
:10627800698105000000000027F506000300000002
:1062880063F5060005820500000000006DF50600B4
:1062980003000000A8F50600A18205000000000028
:1062A800AFF5060003000000CDF50600998605004D
:1062B80000000000D4F50600030000000AF60600FE
:1062C8001D8705000000000013F60600030000000B
:1062D80054F60600A1870500000000005FF60600DE
:1062E800030000008DF606001D8805000000000070
:1062F80099F6060003000000C3F60600958805001D
:1063080000000000D2F6060003000000EBF60600CD
:106318000989050000000000FCF6060003000000E3
:106328001AF70600898905000000000027F7060013
:1063380003000000BBF706008D890500000000007F
:10634800CEF7060003000000F5F706000D8A0500E9
:106358000000000003F806000300000038F80600FB
:10636800898A0500000000004AF8060003000000C2
:1063780073F806000D8B05000000000084F8060085
:1063880003000000A9F80600898B05000000000042
:10639800BDF806000300000025720200B98702005C
:0863A800E9F00200017202009D
:1063B000000000000000000089B30400000000009D
:1063C000000000000000000000000000892F050010
:0863D00000000700FFBF0E00F2
:040000032000C335E1
:00000001FF
